path,label,label_idx,source_dir,width,height,mode,md5,dhash
data/q1/Data/test/COVID19/COVID19(460).jpg,COVID19,0,test,2496,1969,RGB,400b9da630fd9f1e07c55c7cf9c226ea,989892b6b2f2e0e0
data/q1/Data/test/COVID19/COVID19(461).jpg,COVID19,0,test,2498,1970,RGB,2a99d7e262abf25e3c4bf0de9dfc7926,703292b2b2f0e0e0
data/q1/Data/test/COVID19/COVID19(462).jpg,COVID19,0,test,2491,2002,RGB,ad1c4b2dc528b3b91d7df29a90d26be8,b29692b2b2928292
data/q1/Data/test/COVID19/COVID19(463).jpg,COVID19,0,test,2000,2000,L,3048939a970c73d6dedc9a3b6a886b93,f09293b3b3b1b1da
data/q1/Data/test/COVID19/COVID19(464).jpg,COVID19,0,test,2000,2000,L,7b199c9b7a6c0caf9b4a41b360c77fa3,70933b39216171b1
data/q1/Data/test/COVID19/COVID19(465).jpg,COVID19,0,test,2000,2000,L,9d896a7a1db743114e7a9cb7a72d0384,70b27363e3a36120
data/q1/Data/test/COVID19/COVID19(466).jpg,COVID19,0,test,1024,842,RGB,1a54ff8e89423036391f2f20f6abf808,f3f0b4b4b1b0d0c8
data/q1/Data/test/COVID19/COVID19(467).jpg,COVID19,0,test,2000,2000,L,a0821d2228a45a29e9f4cc7430fef88d,e06a6dece4646040
data/q1/Data/test/COVID19/COVID19(468).jpg,COVID19,0,test,2000,2000,L,288cd6576ac53f5c8da283ee98d3e04f,e01733337371f596
data/q1/Data/test/COVID19/COVID19(469).jpg,COVID19,0,test,1280,956,RGB,ae3d0d6e0b2e3bd8620c439d95aec92c,f036333373733319
data/q1/Data/test/COVID19/COVID19(470).jpg,COVID19,0,test,2000,2000,L,01ee111e9ca56e6b404529cf874560a3,b0759233733111b4
data/q1/Data/test/COVID19/COVID19(471).jpg,COVID19,0,test,2916,2539,RGB,7387db02bbebc5124de889a37fe30a04,b09b9b9998b0f8f0
data/q1/Data/test/COVID19/COVID19(472).jpg,COVID19,0,test,2396,2500,RGB,2d27d4de11c9581c85b240ecc27bf5bc,9213333332b3d2e0
data/q1/Data/test/COVID19/COVID19(473).jpg,COVID19,0,test,3050,2539,L,ef8b9ffe9553729fe6af3b3f4eec1137,921692929ac4d4d4
data/q1/Data/test/COVID19/COVID19(474).jpg,COVID19,0,test,3050,2539,L,153f784b1ca0407babfa761598cf6a6d,f0d69292b2b8d2f0
data/q1/Data/test/COVID19/COVID19(475).jpg,COVID19,0,test,3050,2539,L,1619d7be842d73746b88296399aa476c,901733333232f2f0
data/q1/Data/test/COVID19/COVID19(476).jpg,COVID19,0,test,3050,2539,L,af915a847344571f0ee27fb65f8eb337,f29696d6f2f0f0cc
data/q1/Data/test/COVID19/COVID19(477).jpg,COVID19,0,test,3050,2539,L,f0903076fa2d0dc5cb0666525f5c3e93,b6363636323272e0
data/q1/Data/test/COVID19/COVID19(478).jpg,COVID19,0,test,3050,2539,L,92d5b52cde6f5806714097d3f4eb1945,17373732b232f0e0
data/q1/Data/test/COVID19/COVID19(479).jpg,COVID19,0,test,3050,2539,L,d3fb8762ea751c7b441c252b8b5717db,3236363632a2e0c8
data/q1/Data/test/COVID19/COVID19(480).jpg,COVID19,0,test,3050,2539,L,d0d816134699c8fc6f8678e9727257d3,b2161232b2b2f4f0
data/q1/Data/test/COVID19/COVID19(482).jpg,COVID19,0,test,2958,2539,RGB,95de5d0cff060b205dfa844cebbbf6ac,9296b6b6b2b0f0f0
data/q1/Data/test/COVID19/COVID19(483).jpg,COVID19,0,test,3050,2539,L,4ab538dff54ff2a24fb714d4bd28bfc4,603636363232e0e0
data/q1/Data/test/COVID19/COVID19(484).jpg,COVID19,0,test,3050,2539,L,b4c60adec92e323444fa50a4fbcd7ed0,f0d09696b0f0e0c8
data/q1/Data/test/COVID19/COVID19(485).jpg,COVID19,0,test,3050,2539,L,556d4c397c9a872a11b255a89a9179e1,723636363232f0f0
data/q1/Data/test/COVID19/COVID19(486).jpg,COVID19,0,test,2680,2388,RGB,6bffa0270369aa07b2f75dd8e62bb57d,b21333333331b0d0
data/q1/Data/test/COVID19/COVID19(487).jpg,COVID19,0,test,3050,2539,L,f934a84b94a5e1dd4b6b8ca5262aea15,f0929393b3f2f0f0
data/q1/Data/test/COVID19/COVID19(488).jpg,COVID19,0,test,2912,2539,RGB,fda5de2e28bf43a1686b04bce219533b,b0939393b331f1f0
data/q1/Data/test/COVID19/COVID19(489).jpg,COVID19,0,test,3007,2539,RGB,5bd5282d90da1234c3ca85deec3cb423,f096969292b0f0cc
data/q1/Data/test/COVID19/COVID19(490).jpg,COVID19,0,test,3050,2539,L,8bcf069357207dc3d22f69700a6abc90,f09696b6b2b2b2f2
data/q1/Data/test/COVID19/COVID19(491).jpg,COVID19,0,test,3050,2539,L,b93f5c02590dc201096d9cdcb1e67aa0,f0d29392d2f0f0f0
data/q1/Data/test/COVID19/COVID19(492).jpg,COVID19,0,test,3050,2539,L,089da9426ef95c33d0776bf33bd0a9a1,d8f8d9d99999f8f0
data/q1/Data/test/COVID19/COVID19(493).jpg,COVID19,0,test,3050,2539,L,1fbd66584ae655523285da09844abf1a,f0131393b3d9f2f0
data/q1/Data/test/COVID19/COVID19(494).jpg,COVID19,0,test,2468,2039,RGB,015ab9414705faa9a0d4f88e7a2d4416,7092939bb1b0f0f0
data/q1/Data/test/COVID19/COVID19(495).jpg,COVID19,0,test,2000,2000,L,17ae687b587832f4d7259ad7fde1ccea,f09692939bd0c6d6
data/q1/Data/test/COVID19/COVID19(496).jpg,COVID19,0,test,4248,3480,RGB,2e9a3a728b31b9291c5142b0b8f35a2a,f016363232b2f0f0
data/q1/Data/test/COVID19/COVID19(497).jpg,COVID19,0,test,2000,2000,L,97c717de9137a998c087e01c51e51cb0,331336b233311507
data/q1/Data/test/COVID19/COVID19(498).jpg,COVID19,0,test,1598,1550,RGB,aa14679d7071d936ad0e82ea2c5eedc8,131333333171d1d0
data/q1/Data/test/COVID19/COVID19(499).jpg,COVID19,0,test,2000,2000,L,e35034825a1dd11e0b2b510f843e372b,1293b3b331318793
data/q1/Data/test/COVID19/COVID19(500).jpg,COVID19,0,test,2000,2000,L,9850985ab737dc8d2f4f8fd6f7c2e5e0,f39393b3b9318282
data/q1/Data/test/COVID19/COVID19(501).jpg,COVID19,0,test,2000,2000,L,13147a683574e6dd3e854efc2877ffd6,33353666626a4a42
data/q1/Data/test/COVID19/COVID19(502).jpg,COVID19,0,test,444,369,RGB,e24a0a112b4b3e864a7731e2b1852d00,f092b333313170d8
data/q1/Data/test/COVID19/COVID19(503).jpg,COVID19,0,test,446,366,RGB,f0c045ad6bd44366d5a8daa2d1bbea3f,c4b63633317170d8
data/q1/Data/test/COVID19/COVID19(504).jpg,COVID19,0,test,443,370,RGB,3177622a755d85165ec662d26059e417,c772337171707098
data/q1/Data/test/COVID19/COVID19(505).jpg,COVID19,0,test,442,367,RGB,bf7557c3221841d5cbe3e02297201e47,e0d2b3b3313171d8
data/q1/Data/test/COVID19/COVID19(506).jpg,COVID19,0,test,2000,2000,L,feedea11006d7b84f7c77a519c8a5514,9292b2333131c282
data/q1/Data/test/COVID19/COVID19(507).jpg,COVID19,0,test,1024,754,RGB,9d72e0ef74ba98162324bd94b6171bdf,3436b6b6b2f0e0a0
data/q1/Data/test/COVID19/COVID19(509).jpg,COVID19,0,test,2061,1369,RGB,cb2bb226b31f975c4c110fc87aca79be,2f17133333333137
data/q1/Data/test/COVID19/COVID19(510).jpg,COVID19,0,test,2000,2000,L,95c319fea8ec93cc40574fed4a6f41e4,989393b2b9b0e496
data/q1/Data/test/COVID19/COVID19(511).jpg,COVID19,0,test,2000,2000,L,9b82c1401085e7efec280794bd78a97e,9333333331140723
data/q1/Data/test/COVID19/COVID19(512).jpg,COVID19,0,test,2000,2000,L,74264d0d4941be16b3f3af64938f25c6,f093b233b1d69290
data/q1/Data/test/COVID19/COVID19(513).jpg,COVID19,0,test,1024,1024,RGB,d8a03081a848800965c3f15e11bf4c72,f096b2b2f0f0f0f0
data/q1/Data/test/COVID19/COVID19(514).jpg,COVID19,0,test,1024,1013,RGB,735d83844f094083479c18adbe437d05,71f092b2b2b0f0e0
data/q1/Data/test/COVID19/COVID19(515).jpg,COVID19,0,test,1524,1516,RGB,f254a77428191654b02925ddf2e211e9,e4a773737373f2f2
data/q1/Data/test/COVID19/COVID19(516).jpg,COVID19,0,test,1149,973,RGB,b6370fb75f7169e6527217f617da42ac,f4f7139b9b99aad2
data/q1/Data/test/COVID19/COVID19(517).jpg,COVID19,0,test,1261,982,RGB,92d01a4ec8619af51e927a7d76fcf1b2,e0b23333333130c2
data/q1/Data/test/COVID19/COVID19(518).jpg,COVID19,0,test,1210,1282,RGB,8ce568d72422f7e1cbb373c1f92a70b9,f094b6b2b2b094f4
data/q1/Data/test/COVID19/COVID19(519).jpg,COVID19,0,test,1667,1240,RGB,8f255c4d6aefc78884a8908f72d2de54,7350b6b636b29890
data/q1/Data/test/COVID19/COVID19(520).jpg,COVID19,0,test,734,590,RGB,59c69d6ce90e9f814a381dacb9e2231d,f013333333713185
data/q1/Data/test/COVID19/COVID19(521).jpg,COVID19,0,test,683,685,RGB,d9fdb1ae291213c2472ccaf7d00879a5,7096b2b2b2f0d0f0
data/q1/Data/test/COVID19/COVID19(522).jpg,COVID19,0,test,781,750,RGB,57ce8894bfed0992f37a672e826bcc81,73b636b2b2b2b0f0
data/q1/Data/test/COVID19/COVID19(523).jpg,COVID19,0,test,324,272,RGB,841a240c959607dc51eb6843a2ec447c,f0b23233313170e0
data/q1/Data/test/COVID19/COVID19(524).jpg,COVID19,0,test,291,268,RGB,9424353abd89977776266702962a6ca7,dc9a9bb9b1f0e0e0
data/q1/Data/test/COVID19/COVID19(525).jpg,COVID19,0,test,286,272,RGB,22e513db9c7b177592024a8407f1fc5e,e2d2b3b0f0f0f0f0
data/q1/Data/test/COVID19/COVID19(526).jpg,COVID19,0,test,417,342,RGB,021e1d0acdfad3a7f7ee3b9b30a10653,6226363333333130
data/q1/Data/test/COVID19/COVID19(527).jpg,COVID19,0,test,417,341,RGB,73dac3f3f279b3f2128eadbb23d41ce0,3037333333313190
data/q1/Data/test/COVID19/COVID19(528).jpg,COVID19,0,test,416,341,RGB,9dad4c2585a4bf564a3187a8a5c6bc9c,b0929393b3b390b2
data/q1/Data/test/COVID19/COVID19(529).jpg,COVID19,0,test,328,237,RGB,17b3b625b8abc92ec0589fc929702bd6,d89293333331b0f0
data/q1/Data/test/COVID19/COVID19(530).jpg,COVID19,0,test,298,294,RGB,025900014a5530b289effee26170c537,f0363333333130e0
data/q1/Data/test/COVID19/COVID19(531).jpg,COVID19,0,test,425,448,RGB,065490d5b62f5021c94afe560977d99a,f0963333333131f0
data/q1/Data/test/COVID19/COVID19(532).jpg,COVID19,0,test,424,437,L,e6664d56b51fc44ef1ad60a898b49273,d01333333131f1f0
data/q1/Data/test/COVID19/COVID19(533).jpg,COVID19,0,test,1401,1402,RGB,2be89003a7c59d84e64a258cde43408b,1436323070f0f0f0
data/q1/Data/test/COVID19/COVID19(534).jpg,COVID19,0,test,1404,1412,RGB,3aa6f99a91a04feb01f5284fb9a21ebf,ca9a9ab8f8f0f0f0
data/q1/Data/test/COVID19/COVID19(535).jpg,COVID19,0,test,2000,1655,RGB,df4ea2d58bdabe1e78708199e5be0f9c,3637337363f3f3f3
data/q1/Data/test/COVID19/COVID19(536).jpg,COVID19,0,test,700,630,RGB,9f63f7fe1a3b81cead8d3cd7d8ebd25d,701633333331d0c8
data/q1/Data/test/COVID19/COVID19(537).jpg,COVID19,0,test,1645,1272,RGB,f9fbda4dd7faf189748e9844de14e24b,3293b3b3b0f0f0f0
data/q1/Data/test/COVID19/COVID19(538).jpg,COVID19,0,test,1652,1308,RGB,7ef9198ee593f0fbfae94525eb5a0c1e,3397b2333331f0e0
data/q1/Data/test/COVID19/COVID19(539).jpg,COVID19,0,test,1650,1769,RGB,6b5160dc286b22572f25c54fe9a650c9,71b2b7b0b2f8e8e8
data/q1/Data/test/COVID19/COVID19(540).jpg,COVID19,0,test,1650,1816,RGB,10e6221191a1e4fd185342daef581ce7,60e7d3e2e2e4e4e4
data/q1/Data/test/COVID19/COVID19(541).jpg,COVID19,0,test,1090,842,RGB,52b3fd8828a0fd837d920fb50ebba35b,f0373333333370f4
data/q1/Data/test/COVID19/COVID19(542).jpg,COVID19,0,test,1104,874,RGB,e234c4ef21ba0a44453d6cfbdfc08266,f0963733333371f4
data/q1/Data/test/COVID19/COVID19(543).jpg,COVID19,0,test,1800,1439,RGB,973d0e9d8de3dbc0d96120754b4110c9,d41733333371d4f0
data/q1/Data/test/COVID19/COVID19(544).jpg,COVID19,0,test,1107,841,RGB,39779b9513585d1075a7fb3ed94dfc03,f49636363332d4f4
data/q1/Data/test/COVID19/COVID19(545).jpg,COVID19,0,test,907,843,RGB,b2cdb397eb64659256a828c55a7e670d,703733333373d2e0
data/q1/Data/test/COVID19/COVID19(546).jpg,COVID19,0,test,868,843,RGB,f918177547e410fdb08b90c59394147d,d4267272f1b08694
data/q1/Data/test/COVID19/COVID19(547).jpg,COVID19,0,test,440,326,RGB,8bfb08e917a144de4639978329ee022f,f4363232737331b1
data/q1/Data/test/COVID19/COVID19(548).jpg,COVID19,0,test,3600,2708,RGB,35e2afa8cb8eba2147b4f8cdf2afb981,323736333331b2a6
data/q1/Data/test/COVID19/COVID19(549).jpg,COVID19,0,test,2276,1791,RGB,7be3d76f920275d0b3359fc9e5be1496,92b33333313191b2
data/q1/Data/test/COVID19/COVID19(550).jpg,COVID19,0,test,2521,2250,RGB,0097cc53568bb8e9294de938515939c6,f2b633333230f0e4
data/q1/Data/test/COVID19/COVID19(551).jpg,COVID19,0,test,2412,2244,RGB,579fa6c90e24f775e5d34156d3da1667,f0b632333370f0f0
data/q1/Data/test/COVID19/COVID19(552).jpg,COVID19,0,test,500,430,RGBA,9b76e619ce2ba2a52d21580812325915,d0b2b2b2b2f0d090
data/q1/Data/test/COVID19/COVID19(553).jpg,COVID19,0,test,1300,1343,RGB,f0100c417186ac9f736d45f9205f8bce,3337323230b080d0
data/q1/Data/test/COVID19/COVID19(554).jpg,COVID19,0,test,906,798,RGB,97082b58976c62844d76b348955bb582,f0363333333139d0
data/q1/Data/test/COVID19/COVID19(555).jpg,COVID19,0,test,894,799,RGB,a2af7df922d4d1fb132054611452052e,d2333333333131d4
data/q1/Data/test/COVID19/COVID19(556).jpg,COVID19,0,test,842,835,RGB,3e8c9cd68ad18bffd8060586ac86c019,e6273733333130f8
data/q1/Data/test/COVID19/COVID19(557).jpg,COVID19,0,test,954,833,RGB,b8775cf68d548aadd31d31e103841828,f0b633337171f0d0
data/q1/Data/test/COVID19/COVID19(558).jpg,COVID19,0,test,842,799,RGB,ec6c27ef84188fbebfa7ebb45b651f90,3112333333717c68
data/q1/Data/test/COVID19/COVID19(559).jpg,COVID19,0,test,955,800,L,9cde9c9c2c5259955113004ee0b66a07,b813133331319120
data/q1/Data/test/COVID19/COVID19(560).jpg,COVID19,0,test,859,834,RGB,4363c34c1fec64219f5bd0aa589e9680,f033333333313190
data/q1/Data/test/COVID19/COVID19(561).jpg,COVID19,0,test,938,833,RGB,f9e756cf94ee4b2725380a6675b9af6c,7053333331313190
data/q1/Data/test/COVID19/COVID19(562).jpg,COVID19,0,test,841,754,L,34c27e07c14a8f152a29e5a8d75d8c96,64b33333333131f0
data/q1/Data/test/COVID19/COVID19(563).jpg,COVID19,0,test,474,397,RGB,d0cc64a65d04bb564caae608efc14a49,b0929392b2b0d8e8
data/q1/Data/test/COVID19/COVID19(564).jpg,COVID19,0,test,3342,4095,L,754020fce72ab2cf0f5b87ac35bc3e18,f2133331313171d0
data/q1/Data/test/COVID19/COVID19(565).jpg,COVID19,0,test,1695,1570,RGB,c73fe03a0329aa749be08d9d1b55670f,e3133333333171e0
data/q1/Data/test/COVID19/COVID19(566).jpg,COVID19,0,test,1118,1333,RGB,61574a2e9963e8085897b66fee982d49,f03333333371f0e0
data/q1/Data/test/COVID19/COVID19(567).jpg,COVID19,0,test,1175,1332,RGB,52b72323d4b3a2c8cf08001a0f9de57d,3033333331f0d0f0
data/q1/Data/test/COVID19/COVID19(568).jpg,COVID19,0,test,1187,1330,RGB,721e05bbfdfaa58cd48bde8920751a29,f036333232b0c4e4
data/q1/Data/test/COVID19/COVID19(569).jpg,COVID19,0,test,375,277,RGB,89c6496fb17905e64358c17ec2ffcbb4,90129292b2b2b0f0
data/q1/Data/test/COVID19/COVID19(570).jpg,COVID19,0,test,1269,1261,P,813a0676f4389ed286bd6c2280612c09,3016333333b0f0f0
data/q1/Data/test/COVID19/COVID19(571).jpg,COVID19,0,test,1414,1246,P,a78e345fd167cf0b65bf95c55abf072f,7096929392b2f0f0
data/q1/Data/test/COVID19/COVID19(572).jpg,COVID19,0,test,1399,1264,P,2c6d4a96a370fbc9fd62e24ef8b0cd48,f29293929292f2d0
data/q1/Data/test/COVID19/COVID19(573).jpg,COVID19,0,test,333,325,RGB,7e0ce771d642e706f38926b4e7ed6c4f,304092323272b0a0
data/q1/Data/test/COVID19/COVID19(574).jpg,COVID19,0,test,332,324,RGB,d29e9c9514b0bd3a9fdd08839336c4e3,e0a6367270f0b0b0
data/q1/Data/test/COVID19/COVID19(575).jpg,COVID19,0,test,331,324,RGB,eef237deed3d38c4875ad4b791099c79,f012333333b1d0c0
data/q1/Data/test/NORMAL/NORMAL(1266).jpg,NORMAL,1,test,1692,1878,RGB,4841582aeb1248e7f480049a787ad019,7992b3337171f0d0
data/q1/Data/test/NORMAL/NORMAL(1267).jpg,NORMAL,1,test,1773,1318,RGB,0b095bc65e1fb61322986c4a01fcf753,73b19692b2b0d0f4
data/q1/Data/test/NORMAL/NORMAL(1268).jpg,NORMAL,1,test,1243,1102,RGB,b72db8f625358e8064d7e83e6470d774,b8d8d0b2b0b0f0e0
data/q1/Data/test/NORMAL/NORMAL(1269).jpg,NORMAL,1,test,1276,1059,RGB,b91a1cbcf1f59168f46cfefe314aa230,b8b8d0b2b2b2f0e0
data/q1/Data/test/NORMAL/NORMAL(1270).jpg,NORMAL,1,test,1916,2059,RGB,90473b14bed29400834a520fd49fae65,785a9b9bb1b1f0f0
data/q1/Data/test/NORMAL/NORMAL(1271).jpg,NORMAL,1,test,1808,1665,RGB,ac60d3c69899bc99750cbb5c2365567a,32d4b6b2b331f0d4
data/q1/Data/test/NORMAL/NORMAL(1272).jpg,NORMAL,1,test,1337,1090,RGB,1f607ca0c6bd0df213989a09c896e1fd,32d494b2b2b0f0f0
data/q1/Data/test/NORMAL/NORMAL(1273).jpg,NORMAL,1,test,1355,1117,RGB,708f48f97ebaf7f28e5be998b2aa3a18,f0e0b4b23071f0f0
data/q1/Data/test/NORMAL/NORMAL(1274).jpg,NORMAL,1,test,1716,1569,RGB,585e47b97f263427a568424c7ee38606,636096b2b2b0b0f0
data/q1/Data/test/NORMAL/NORMAL(1275).jpg,NORMAL,1,test,1754,1352,RGB,22baef0b123fd4ded264ba82d2111f81,b8c496b2b0b0d4d6
data/q1/Data/test/NORMAL/NORMAL(1276).jpg,NORMAL,1,test,1586,1329,RGB,7014161d2c66eaba2fbdefca1503592f,b2d496b2b2b0d0f0
data/q1/Data/test/NORMAL/NORMAL(1279).jpg,NORMAL,1,test,1696,1542,RGB,2a6b570ac2ea7cb6cc675b8b56706d1f,33d692b2b0b1f0f0
data/q1/Data/test/NORMAL/NORMAL(1280).jpg,NORMAL,1,test,1374,1066,RGB,a03c027254311db6e7d00165b2e72c63,e2d094b2b2b0f0e2
data/q1/Data/test/NORMAL/NORMAL(1281).jpg,NORMAL,1,test,1418,1233,RGB,fbf41801595dca1b89c1f961beaeaa7e,f0d096b232f2e0e4
data/q1/Data/test/NORMAL/NORMAL(1282).jpg,NORMAL,1,test,1364,1067,RGB,3c4f72d13f14941a082bd324182733f5,b1d4b2b2b2f1d0d4
data/q1/Data/test/NORMAL/NORMAL(1283).jpg,NORMAL,1,test,2692,2624,RGB,b3c52471af71884602a68ac0aec1675d,f0b23632b2b2f0d4
data/q1/Data/test/NORMAL/NORMAL(1284).jpg,NORMAL,1,test,1300,1020,RGB,97d5019e44dd9609f73249687b14e50b,a2d492b2b0b0f0f0
data/q1/Data/test/NORMAL/NORMAL(1285).jpg,NORMAL,1,test,1607,1357,RGB,ad242cb5a547eade5a9d65aaf7d54097,f2d494b2b2b0f0d0
data/q1/Data/test/NORMAL/NORMAL(1286).jpg,NORMAL,1,test,1868,1785,RGB,9e91d72c735637d720830e16b41fe981,74a4b4b2b2b0f8e8
data/q1/Data/test/NORMAL/NORMAL(1288).jpg,NORMAL,1,test,1804,1314,RGB,c07ba2fa1f6b700ac993ae1fade21111,6264b4b2b2b0f0c2
data/q1/Data/test/NORMAL/NORMAL(1289).jpg,NORMAL,1,test,1974,1627,RGB,5c448013c07360906d7de2d8f0820afa,b3d496b2b2b2f0d4
data/q1/Data/test/NORMAL/NORMAL(1290).jpg,NORMAL,1,test,1974,2175,RGB,8655471b8b970c6c7f89c85651996fab,399292b2b2b0f0d0
data/q1/Data/test/NORMAL/NORMAL(1291).jpg,NORMAL,1,test,1707,1291,RGB,aa52168ab6a6b474ab7717a20d3c9b3e,b2e8d4b2b0b0f0f0
data/q1/Data/test/NORMAL/NORMAL(1292).jpg,NORMAL,1,test,1782,1604,RGB,2908c7412f91fc6109c9856f1d3908b5,b2d4b6b2b232f0d0
data/q1/Data/test/NORMAL/NORMAL(1293).jpg,NORMAL,1,test,1331,1074,RGB,a2d4c6250594870eee094ebc2315b310,f0f492b2b0f0f0f0
data/q1/Data/test/NORMAL/NORMAL(1294).jpg,NORMAL,1,test,1850,1793,RGB,bb544b2db4f3037e9735f2d02113d4e7,b1b9d692b2b0f0f0
data/q1/Data/test/NORMAL/NORMAL(1295).jpg,NORMAL,1,test,1646,1395,RGB,50c56721ec74281b55cccca8c61ed657,b3a2d4b2b2b2f0f0
data/q1/Data/test/NORMAL/NORMAL(1296).jpg,NORMAL,1,test,1530,1272,RGB,57f16be4c6fd4f6f737926aff90d9b29,e1d096b2b2f2d0c0
data/q1/Data/test/NORMAL/NORMAL(1297).jpg,NORMAL,1,test,1812,1446,RGB,cfcc1d5c109ac3000c5972ab21e11ff0,b0d696b2b0b0f0f0
data/q1/Data/test/NORMAL/NORMAL(1298).jpg,NORMAL,1,test,1920,1854,RGB,6abef27aaff1eb47e6b3a78a3149138a,b2d692b2b0b1f0d0
data/q1/Data/test/NORMAL/NORMAL(1299).jpg,NORMAL,1,test,2298,2600,RGB,74ddd350133553527cb5667a375035fd,f0f4333332b2f0d0
data/q1/Data/test/NORMAL/NORMAL(1300).jpg,NORMAL,1,test,1355,1090,RGB,495e6fa5706a906170f00f4cece001d5,f0f492b2b0f0f0f0
data/q1/Data/test/NORMAL/NORMAL(1301).jpg,NORMAL,1,test,1318,951,RGB,81b8a72cbe8e7e7ba869838a26100e3a,39d492b2b0f0f0c0
data/q1/Data/test/NORMAL/NORMAL(1302).jpg,NORMAL,1,test,1579,1541,RGB,0e6ce90140755537658c6951fd2c6e6c,f0f496b2b0b1f0d2
data/q1/Data/test/NORMAL/NORMAL(1304).jpg,NORMAL,1,test,1457,1248,RGB,f90fddabda5cc668d366ab9c79a27061,7274b4b6b2b2f0f0
data/q1/Data/test/NORMAL/NORMAL(1305).jpg,NORMAL,1,test,1425,1067,RGB,9daee3b2c1b431cbac8f7b2e41ea67a8,b8f094b2b2b2f0f0
data/q1/Data/test/NORMAL/NORMAL(1306).jpg,NORMAL,1,test,1542,1461,RGB,27f9f2d4acaebe66dc53f23ee9c66fac,72f0b4b4b0b0f0e4
data/q1/Data/test/NORMAL/NORMAL(1307).jpg,NORMAL,1,test,1595,1233,RGB,ddbc4eb506f3d5b197b8dae30d59169d,f9b4b6b2b2b0d4d0
data/q1/Data/test/NORMAL/NORMAL(1308).jpg,NORMAL,1,test,1486,1012,RGB,5b04d3f212e0c70373328eb567a3d4e8,f8d496b2b2b2f0f4
data/q1/Data/test/NORMAL/NORMAL(1309).jpg,NORMAL,1,test,1812,1627,RGB,61a759a4aaf721b14e5827c4202d9140,b0f09692b2b0d0d0
data/q1/Data/test/NORMAL/NORMAL(1310).jpg,NORMAL,1,test,2562,2518,RGB,b7e00c83925e1f00b8d4521be56fefa7,f096363232b2f0d4
data/q1/Data/test/NORMAL/NORMAL(1311).jpg,NORMAL,1,test,1399,1125,RGB,a66c2b71272c5ccccda2976a403d4c7e,62e4b4b2b230f0f0
data/q1/Data/test/NORMAL/NORMAL(1312).jpg,NORMAL,1,test,2338,2430,RGB,41ad85f7e8309dbb2ee78e6b86592e5c,329692b2b2b2f090
data/q1/Data/test/NORMAL/NORMAL(1313).jpg,NORMAL,1,test,1692,1372,RGB,604773539f1395cd8b208c1f7e016bf2,f2d6d292b8b1f0f0
data/q1/Data/test/NORMAL/NORMAL(1314).jpg,NORMAL,1,test,1444,1163,RGB,e36563970096ff33a5ab2c9a29b112e1,f0f0d2b2b0f0f0f0
data/q1/Data/test/NORMAL/NORMAL(1315).jpg,NORMAL,1,test,2065,1345,RGB,c6926893f74cc067019a01201d1e527e,b0c4b6b2b2b0f4d4
data/q1/Data/test/NORMAL/NORMAL(1316).jpg,NORMAL,1,test,1385,1067,RGB,36cca591c8a880c6b76601997d5f166f,f0b0d492b0b0f0f0
data/q1/Data/test/NORMAL/NORMAL(1317).jpg,NORMAL,1,test,1540,1469,RGB,7756ef9570ec09906df45e24fce8ba75,b9d992b2b232f0b4
data/q1/Data/test/NORMAL/NORMAL(1318).jpg,NORMAL,1,test,1592,1337,RGB,d07c39f157b55914d9307376b78cd5a3,a6b496b2b0b0f0f0
data/q1/Data/test/NORMAL/NORMAL(1319).jpg,NORMAL,1,test,1500,1271,RGB,2639726929975df985430849f9e0566b,f3f492b2b331f0f0
data/q1/Data/test/NORMAL/NORMAL(1320).jpg,NORMAL,1,test,1803,1419,RGB,f062150f29c212bdee8cbd4572300b73,f09496b2b2b2f0d4
data/q1/Data/test/NORMAL/NORMAL(1321).jpg,NORMAL,1,test,1742,1552,RGB,c40e2c72d8482c8330fb10a769860842,b2d094b0b0f0e0f0
data/q1/Data/test/NORMAL/NORMAL(1322).jpg,NORMAL,1,test,1304,968,RGB,bacff86204be818eb4ba36dbbd4a6fb9,71f094b2b2f0d0f0
data/q1/Data/test/NORMAL/NORMAL(1323).jpg,NORMAL,1,test,1416,1160,RGB,dae1350c88a64e52c07af73bdbb94958,b8d096b2b2d09494
data/q1/Data/test/NORMAL/NORMAL(1324).jpg,NORMAL,1,test,1568,1560,RGB,6cbd2a2f7d6be65bedeef6942f7b8a30,33b296b2b2f0e0f0
data/q1/Data/test/NORMAL/NORMAL(1325).jpg,NORMAL,1,test,1277,1128,RGB,f3228d6bb2c9f3cec729fd4aa947a77d,e2f496b2b2b0f0c0
data/q1/Data/test/NORMAL/NORMAL(1326).jpg,NORMAL,1,test,1236,1008,RGB,2ca2e65e9e76ee4ea6514c9e04ea9bcc,f0d494b2b2b0f0f0
data/q1/Data/test/NORMAL/NORMAL(1327).jpg,NORMAL,1,test,1472,1152,RGB,ff6a469cdce31ffda9eacdc9cb35b913,f0f0d492b2b0f0e0
data/q1/Data/test/NORMAL/NORMAL(1329).jpg,NORMAL,1,test,1739,1541,RGB,7bdcf9d8d6e7db61311c34170ce652c4,33b2d4b6b2b2b0f0
data/q1/Data/test/NORMAL/NORMAL(1330).jpg,NORMAL,1,test,1446,1164,RGB,c44aca7e13b7942a793a5a6514cb505e,b8d4d292b0b0f0f0
data/q1/Data/test/NORMAL/NORMAL(1331).jpg,NORMAL,1,test,1422,1186,RGB,4fbf51922c8ed2a025e7a5236d6188b1,b9d0d2b2b2b0f0e0
data/q1/Data/test/NORMAL/NORMAL(1332).jpg,NORMAL,1,test,1638,1634,RGB,b177d3bdd2c18192646516e7e7a45e48,38f09292b3b0f0f0
data/q1/Data/test/NORMAL/NORMAL(1333).jpg,NORMAL,1,test,1594,1337,RGB,0be8de99cf648fc43eab68d23a5c6a3a,b2d496b2b2b0f0f0
data/q1/Data/test/NORMAL/NORMAL(1334).jpg,NORMAL,1,test,1522,1256,RGB,681b5bedf53e0789fe7f9dc48e07d79c,b3dcd292b0b0d0e0
data/q1/Data/test/NORMAL/NORMAL(1335).jpg,NORMAL,1,test,1673,1291,RGB,b97bb644a3729512e3401a1c234549e0,b2c4d4b2b2b2f0f0
data/q1/Data/test/NORMAL/NORMAL(1336).jpg,NORMAL,1,test,1839,1511,RGB,f5aaf7a68a00518670f61f2810e69f89,32d494b2b0b0f0f0
data/q1/Data/test/NORMAL/NORMAL(1338).jpg,NORMAL,1,test,1673,1267,RGB,5d25a5265583e802fd87e7b58b528e18,22d49492b0b0f0e0
data/q1/Data/test/NORMAL/NORMAL(1339).jpg,NORMAL,1,test,2097,1770,RGB,770533c32507fb2988bd511d0f63972b,6334b4b2b2b0f0f0
data/q1/Data/test/NORMAL/NORMAL(1340).jpg,NORMAL,1,test,2114,1758,RGB,f3d9a2d9d5f332b981b0241e4bfcba1a,b29496b2b2b2f0d4
data/q1/Data/test/NORMAL/NORMAL(1341).jpg,NORMAL,1,test,1229,1136,RGB,215d08ccf52b654363d6fb851730a521,69b0b2b3b1b1f0f0
data/q1/Data/test/NORMAL/NORMAL(1342).jpg,NORMAL,1,test,1764,1441,RGB,14e50f01b58b75418e7627a4248e4f69,e0d4b6b2b0b0f4f0
data/q1/Data/test/NORMAL/NORMAL(1343).jpg,NORMAL,1,test,1418,1360,RGB,824f8e1c27933f4d1dfc6c7b67ae2cfd,e2e294b2b230f0d2
data/q1/Data/test/NORMAL/NORMAL(1344).jpg,NORMAL,1,test,2267,1959,RGB,1a988099e096821f7af931e6bd7aabc1,b3d492b2b2b0f0e0
data/q1/Data/test/NORMAL/NORMAL(1345).jpg,NORMAL,1,test,1248,936,RGB,46d7a04d16748581d78bb126645b2719,71d492b2b0b0f0f2
data/q1/Data/test/NORMAL/NORMAL(1346).jpg,NORMAL,1,test,1777,1542,RGB,a0b2fb45dbf6c31a72a56cd4d1643d12,3294b6b2b2b0f0e0
data/q1/Data/test/NORMAL/NORMAL(1347).jpg,NORMAL,1,test,1619,1310,RGB,eec2d81fc784f66722a33748f1b4e30f,b1d692b2b2b0f0f0
data/q1/Data/test/NORMAL/NORMAL(1348).jpg,NORMAL,1,test,1480,1268,RGB,ee68b5df6bf2d1e251d06c206a77027b,e2e094b2b2b2d0f0
data/q1/Data/test/NORMAL/NORMAL(1349).jpg,NORMAL,1,test,1719,1665,RGB,64ec8dc6739bf6beb176dcb305e9eedd,f2e2f4d0d0f0e0f0
data/q1/Data/test/NORMAL/NORMAL(1350).jpg,NORMAL,1,test,1484,1201,RGB,f81f594ef2ea053a96fddada4c14e58b,b9d092b2b2b0f0f0
data/q1/Data/test/NORMAL/NORMAL(1351).jpg,NORMAL,1,test,2119,1820,RGB,cc1c3d3ee0350ed1a17e2dd091830bc1,f096b6b2b2b0f0d0
data/q1/Data/test/NORMAL/NORMAL(1352).jpg,NORMAL,1,test,2077,1630,RGB,7ea758346e1efd961d4a38eb15d2232c,f0d692b2b2b0f0f0
data/q1/Data/test/NORMAL/NORMAL(1355).jpg,NORMAL,1,test,1939,1761,RGB,6be1384e5edfa10c02759c8abac991ad,799692b2b231f0d4
data/q1/Data/test/NORMAL/NORMAL(1356).jpg,NORMAL,1,test,1877,1654,RGB,3f33d1ce6febfa66a989fb2074b60805,f294b6b2b2b0f0d2
data/q1/Data/test/NORMAL/NORMAL(1357).jpg,NORMAL,1,test,1464,1263,RGB,50b46d02797ef2e955ff59a89e0ea541,b9d0d6b2b2b1f0f4
data/q1/Data/test/NORMAL/NORMAL(1358).jpg,NORMAL,1,test,1303,1028,RGB,146d699319841801d498d19f8f34c9d0,d4b6b2b2b0b0d4f4
data/q1/Data/test/NORMAL/NORMAL(1359).jpg,NORMAL,1,test,1499,1113,RGB,8f094cd75ed3aa30d7bf3bba59e51f0c,f0d092b2b0b0f0f0
data/q1/Data/test/NORMAL/NORMAL(1360).jpg,NORMAL,1,test,1623,1410,RGB,3934b622e48294c0644394258daaa7cc,3179b4b2b2b0f0c4
data/q1/Data/test/NORMAL/NORMAL(1361).jpg,NORMAL,1,test,1383,950,RGB,ad8b72da7417aef64ae96b33d96970a2,7175d292b2b8d0d8
data/q1/Data/test/NORMAL/NORMAL(1362).jpg,NORMAL,1,test,1685,1592,RGB,d7018bb27d0bbfde12edaa5d2dd4964e,6321d492b2b0d0d0
data/q1/Data/test/NORMAL/NORMAL(1363).jpg,NORMAL,1,test,1828,1704,RGB,2d7b50ea3e06fdd7d82cf4047756dc15,e892b2b2b030f0d0
data/q1/Data/test/NORMAL/NORMAL(1364).jpg,NORMAL,1,test,1580,1410,RGB,3a96f57a52f1c1c72f8ff24c7d248a82,e19696b23071f0d0
data/q1/Data/test/NORMAL/NORMAL(1365).jpg,NORMAL,1,test,1546,1291,RGB,2118ac97a6e5664b73dec9cb1723586a,e0f496b2b0b1f0f0
data/q1/Data/test/NORMAL/NORMAL(1366).jpg,NORMAL,1,test,1859,1569,RGB,2021373828e00408041993b603f343e3,b9c692b3b1b1d0f4
data/q1/Data/test/NORMAL/NORMAL(1367).jpg,NORMAL,1,test,1382,1164,RGB,0816f043d21e27f1fa9bb32e0a4d41e7,e0d4d4b2b2b0f0e0
data/q1/Data/test/NORMAL/NORMAL(1368).jpg,NORMAL,1,test,1586,1290,RGB,2c5b599601aeb3af5cf48b07a2026cab,b3f0d692b2b0f0e0
data/q1/Data/test/NORMAL/NORMAL(1369).jpg,NORMAL,1,test,2055,1793,RGB,1300a5a2dbb0dcaedc85cea9b052f2d2,31979692b2b2f0f0
data/q1/Data/test/NORMAL/NORMAL(1371).jpg,NORMAL,1,test,1499,1194,RGB,17ca27b23c4850e1acad2947154548eb,31b3d2b2b2b0f0f0
data/q1/Data/test/NORMAL/NORMAL(1372).jpg,NORMAL,1,test,1723,1410,RGB,a95d33bcecd9ec87b28ec2d26b97e318,f173d492b2b0f0f0
data/q1/Data/test/NORMAL/NORMAL(1373).jpg,NORMAL,1,test,1549,1194,RGB,19c3b7a6a0be0abec327439e9b024719,e896b2b2b0f0d0d0
data/q1/Data/test/NORMAL/NORMAL(1374).jpg,NORMAL,1,test,1769,1473,RGB,b7360ed9f61dfc8d884c14acf559fa86,b2c4d2b2b0b0d0e0
data/q1/Data/test/NORMAL/NORMAL(1375).jpg,NORMAL,1,test,1722,1356,RGB,18b73a048840582d7c3d3bb3c7b59698,b2f2d4d4b2b0f0e4
data/q1/Data/test/NORMAL/NORMAL(1377).jpg,NORMAL,1,test,1604,1442,RGB,c79600e08c48b596616c10ce860bc385,929496b2b2b2f0d0
data/q1/Data/test/NORMAL/NORMAL(1378).jpg,NORMAL,1,test,1511,1283,RGB,d023c8fee464dc414f88e4b47823302b,c2e4d4b2b0f0f0d8
data/q1/Data/test/NORMAL/NORMAL(1379).jpg,NORMAL,1,test,1666,1433,RGB,020db27de7f59bf23662b771e74f1076,b2d4b6b2b2b0d0f4
data/q1/Data/test/NORMAL/NORMAL(1380).jpg,NORMAL,1,test,1681,1241,RGB,484a1614cf8131d9cebb8bcdc3ebabe7,b1d49292b2b0f0d0
data/q1/Data/test/NORMAL/NORMAL(1381).jpg,NORMAL,1,test,1355,967,RGB,fee2604e414352abd29db57467c02118,f8d092b2b0f0d0f0
data/q1/Data/test/NORMAL/NORMAL(1382).jpg,NORMAL,1,test,1889,1615,RGB,fba5c984e2ccde325ff79a865d6ed1d5,c2c42436323030d0
data/q1/Data/test/NORMAL/NORMAL(1384).jpg,NORMAL,1,test,1098,955,RGB,ab78d95fe96869fa35047b0ab7ff971c,f1d092b230f0f0e6
data/q1/Data/test/NORMAL/NORMAL(1386).jpg,NORMAL,1,test,1613,1469,RGB,65e38860044d3090ff175a230757b499,e0d492b2b0b9f1f2
data/q1/Data/test/NORMAL/NORMAL(1387).jpg,NORMAL,1,test,1613,1433,RGB,b0d3f75d9a4a9e3df56335ce29789725,b2d492b2b2b1d0d0
data/q1/Data/test/NORMAL/NORMAL(1388).jpg,NORMAL,1,test,1496,1133,RGB,bd748731d24030ad31c25efcf9d86c62,f0f0d4d2b0b8f0c0
data/q1/Data/test/NORMAL/NORMAL(1389).jpg,NORMAL,1,test,1472,1175,RGB,2318d75443c7adbc824bd9fc3f8daf6d,72f096b2b0b0f0e0
data/q1/Data/test/NORMAL/NORMAL(1390).jpg,NORMAL,1,test,1627,1283,RGB,c82a011c8e8da3244f273f6129b9f2c1,c0e4b4b2b0b0f4f0
data/q1/Data/test/NORMAL/NORMAL(1391).jpg,NORMAL,1,test,1904,1468,RGB,922c39f8a84e4a9eb5cafe3e0c0a6911,f29496b2b2b0d0e0
data/q1/Data/test/NORMAL/NORMAL(1392).jpg,NORMAL,1,test,1643,1487,RGB,8cf9249a0704b00e49247387b9db32b1,b9d292b2b3b1d0c0
data/q1/Data/test/NORMAL/NORMAL(1393).jpg,NORMAL,1,test,1743,1422,RGB,fe91d00cbb5da19587df80e2a5b348f6,63ac94b2b2b2d0d0
data/q1/Data/test/NORMAL/NORMAL(1394).jpg,NORMAL,1,test,1337,1114,RGB,43f13de35d33445de922b29a2193afa2,e2e496b2b0b0f0f0
data/q1/Data/test/NORMAL/NORMAL(1395).jpg,NORMAL,1,test,1467,1148,RGB,b9e9663746e25ac4b99915bfb4026950,f0d0d4b2b2f0d0f0
data/q1/Data/test/NORMAL/NORMAL(1396).jpg,NORMAL,1,test,1291,994,RGB,ea2942cb3981a1b8c249222cc7c01910,f1d0d2b1b1f1d0d4
data/q1/Data/test/NORMAL/NORMAL(1398).jpg,NORMAL,1,test,2085,2323,RGB,0c97c16eb08a9020354738dfd51646bd,f2b63632b2b0f0c4
data/q1/Data/test/NORMAL/NORMAL(1399).jpg,NORMAL,1,test,1527,1380,RGB,58cbf66628158089e9ac24b7c45d04c6,60f4b6b2b2b1f8f8
data/q1/Data/test/NORMAL/NORMAL(1400).jpg,NORMAL,1,test,1669,1348,RGB,183bc4d80bae656506d8698971025d38,6996b2b2b2b0f0f4
data/q1/Data/test/NORMAL/NORMAL(1401).jpg,NORMAL,1,test,1604,1283,RGB,49a8c9fbd8a9f0034f1f8d0186505250,64e4b4b2b0b0f0f0
data/q1/Data/test/NORMAL/NORMAL(1402).jpg,NORMAL,1,test,1454,1190,RGB,212274f3250e9f3f09e708b0364f7ab7,f0d092b2b2b1f0cc
data/q1/Data/test/NORMAL/NORMAL(1403).jpg,NORMAL,1,test,1870,1638,RGB,6fe579dde9162fe62bbb2a88940637be,b3c492b2b0b0d0f0
data/q1/Data/test/NORMAL/NORMAL(1405).jpg,NORMAL,1,test,1748,1433,RGB,1242b57166b59183c3ad8642c7a86e70,f19692b2b0b0d0f2
data/q1/Data/test/NORMAL/NORMAL(1407).jpg,NORMAL,1,test,1789,1600,RGB,a5eddc55400c63fe020670c874e194b8,e4e4a4b2b2b0f0f8
data/q1/Data/test/NORMAL/NORMAL(1408).jpg,NORMAL,1,test,1310,1306,RGB,81d564c2cb095b2ca24c1f611813b020,71d4b2b37171f1f0
data/q1/Data/test/NORMAL/NORMAL(1409).jpg,NORMAL,1,test,1715,1523,RGB,5aa88853be5d5c6e74023bd208129151,62bc94b2b2b0f0d0
data/q1/Data/test/NORMAL/NORMAL(1410).jpg,NORMAL,1,test,1497,1291,RGB,57d26bff59b34bbe243133d48587c90c,f2e090b2b0f0d0d0
data/q1/Data/test/NORMAL/NORMAL(1411).jpg,NORMAL,1,test,2315,2187,RGB,3be4619a873ee8c62139be8b73925f4e,93d692b2b3b0f0f0
data/q1/Data/test/NORMAL/NORMAL(1412).jpg,NORMAL,1,test,1493,1310,RGB,63f994761c68ae5af920cacd935083ec,f0d492b2b0f0d0f0
data/q1/Data/test/NORMAL/NORMAL(1413).jpg,NORMAL,1,test,1588,1438,RGB,bd23351ce28d180fcb88e3c945c7bc62,b0d496b2b2b0f0f0
data/q1/Data/test/NORMAL/NORMAL(1414).jpg,NORMAL,1,test,1742,1372,RGB,1dcb601d7d85f398408d9aa19051842d,33d492b2b2b0f0f0
data/q1/Data/test/NORMAL/NORMAL(1415).jpg,NORMAL,1,test,1696,1287,RGB,375b6f09c79eb29818bc67b34f9a4f8b,399092b2b2f2f0f0
data/q1/Data/test/NORMAL/NORMAL(1416).jpg,NORMAL,1,test,1862,1441,RGB,bb23157b031afb1a72b004dce8244082,33d0d692b2b0f0f0
data/q1/Data/test/NORMAL/NORMAL(1418).jpg,NORMAL,1,test,1798,1592,RGB,02f0de686a33d945f00c7b22f90ac699,e2d496b2b0b0d0f0
data/q1/Data/test/NORMAL/NORMAL(1419).jpg,NORMAL,1,test,1464,1205,RGB,4ac64ffa05b0525a705c30773ee68f1d,b0f8d4b0b2f0f0f0
data/q1/Data/test/NORMAL/NORMAL(1420).jpg,NORMAL,1,test,1647,1499,RGB,705d81f90bbf5484f7c9a6894fe2eeff,b2d894b2b2b2f0d0
data/q1/Data/test/NORMAL/NORMAL(1421).jpg,NORMAL,1,test,1681,1360,RGB,4c7808c8f574fe19168de2ce53a6b82f,b9d8d2b2b0b0f0f0
data/q1/Data/test/NORMAL/NORMAL(1422).jpg,NORMAL,1,test,2078,2067,RGB,a010106e7230a36ad5dd23c97f8646d8,3396b6b2b2b0f0f0
data/q1/Data/test/NORMAL/NORMAL(1423).jpg,NORMAL,1,test,1291,1047,RGB,524a3ce6aeabfd4430760c1c74f44439,30d4d2b2b0b0f0f0
data/q1/Data/test/NORMAL/NORMAL(1424).jpg,NORMAL,1,test,1746,1576,RGB,98967934eb782deb16f4a433a2868e28,6294b6b2b2b1f8e8
data/q1/Data/test/NORMAL/NORMAL(1426).jpg,NORMAL,1,test,1666,1418,RGB,cfe096658fcd32256f6480014c0cddfb,a0f49292b1b9f0f0
data/q1/Data/test/NORMAL/NORMAL(1427).jpg,NORMAL,1,test,1349,1090,RGB,3d15310e19a4cd262edbe3b31238e780,b9f9d2b2b2b0d0f0
data/q1/Data/test/NORMAL/NORMAL(1429).jpg,NORMAL,1,test,1607,1348,RGB,98a57be2a098345eba40f2db1c296922,aad496b2b0b0f0d0
data/q1/Data/test/NORMAL/NORMAL(1432).jpg,NORMAL,1,test,1578,1218,RGB,2f0b3e95e8bcce2f4ba8c1f48b40f69a,b2e894b2b2b0f0f4
data/q1/Data/test/NORMAL/NORMAL(1433).jpg,NORMAL,1,test,1859,1565,RGB,018f1575f5f5182e93a8c6a73dc3331d,b29692b23070f0a0
data/q1/Data/test/NORMAL/NORMAL(1434).jpg,NORMAL,1,test,1326,1105,RGB,224f38b237c6daae0174d2f74a021ba0,b2d0d4b2b2b2d0d0
data/q1/Data/test/NORMAL/NORMAL(1435).jpg,NORMAL,1,test,1504,1392,RGB,c45d0a7266584128fb212dc460710722,b2d494b2b0f0e0c4
data/q1/Data/test/NORMAL/NORMAL(1436).jpg,NORMAL,1,test,1489,1167,RGB,6938a68e8e1d2618a0c38416015458ba,f0f496b2b1b1d0e0
data/q1/Data/test/NORMAL/NORMAL(1437).jpg,NORMAL,1,test,1511,1245,RGB,aa4bfca553c0d3adba14bbefc95f370d,b2c4d4b23271f0d0
data/q1/Data/test/NORMAL/NORMAL(1438).jpg,NORMAL,1,test,1433,978,RGB,5a078c1546d5f35724102dd9dd980e1c,f2d4d6b2b2f0f0f0
data/q1/Data/test/NORMAL/NORMAL(1439).jpg,NORMAL,1,test,1369,1232,RGB,36248017c58595800346518b2a0113b8,e0d492b2b0b0f0d0
data/q1/Data/test/NORMAL/NORMAL(1440).jpg,NORMAL,1,test,1982,1751,RGB,42447078559ce0c1e504a953e425fca1,b9d2d292b0b1f0f0
data/q1/Data/test/NORMAL/NORMAL(1442).jpg,NORMAL,1,test,1595,1510,RGB,bd36fb4a05e3518a97ef16b82b32ab9d,319392b2b2b1f0d2
data/q1/Data/test/NORMAL/NORMAL(1443).jpg,NORMAL,1,test,1440,1206,RGB,5ba7e51051e992b5abc470d7bb6fbd0b,acd4b4b2b0b0d8f0
data/q1/Data/test/NORMAL/NORMAL(1444).jpg,NORMAL,1,test,1364,1148,RGB,0ae4a92b576b59e7279cf6eb82e21f0e,f0f8d492b2b2f0f4
data/q1/Data/test/NORMAL/NORMAL(1446).jpg,NORMAL,1,test,1768,1360,RGB,72280d507a23aed057b4bf1775dd31cf,e2f894b6b2b2f0d4
data/q1/Data/test/NORMAL/NORMAL(1448).jpg,NORMAL,1,test,1832,1608,RGB,0b2f2a37f7db4aadc06a398575bfe8b7,b3dc92b2b270f0e0
data/q1/Data/test/NORMAL/NORMAL(1449).jpg,NORMAL,1,test,1171,986,RGB,f507e523c273eb651a68db9c117f313f,62f8b4b6b2b0f2c2
data/q1/Data/test/NORMAL/NORMAL(1450).jpg,NORMAL,1,test,1306,994,RGB,717b70350455d9f44767d5139d100c80,e2e894b2b2b0f0e4
data/q1/Data/test/NORMAL/NORMAL(1451).jpg,NORMAL,1,test,1414,1167,RGB,96d6ac13f8caa59d70b02dd29a501ea1,7196b2b2b0f0d0e0
data/q1/Data/test/NORMAL/NORMAL(1452).jpg,NORMAL,1,test,1302,927,RGB,fea9d1c26ca57e09337556b84c082da7,30f4d4b2b2b0f0f2
data/q1/Data/test/NORMAL/NORMAL(1454).jpg,NORMAL,1,test,1885,1573,RGB,f442dab4f8d25530dbe33ff3c6a277af,39b8dadad8d8f0f0
data/q1/Data/test/NORMAL/NORMAL(1455).jpg,NORMAL,1,test,1649,1341,RGB,c4319e50bab33f80159221423b2be7a7,f0d492b2b1f1d0d2
data/q1/Data/test/NORMAL/NORMAL(1456).jpg,NORMAL,1,test,1534,1460,RGB,55672312743e5561dd3f16e40cdc2a3a,f8d492b2b0f0d0f0
data/q1/Data/test/NORMAL/NORMAL(1457).jpg,NORMAL,1,test,1055,792,RGB,2413e344a1145662097ab464d6ed925f,f0f0b4b0b0f0d0dc
data/q1/Data/test/NORMAL/NORMAL(1459).jpg,NORMAL,1,test,2024,1963,RGB,df067a1aa53fc879493dca5896a25ef8,b3d492b2b2f0f0e2
data/q1/Data/test/NORMAL/NORMAL(1460).jpg,NORMAL,1,test,1361,1093,RGB,338e8632a40103ccd5b9c8231e1bb2cf,b2d4b6b23271f0e0
data/q1/Data/test/NORMAL/NORMAL(1461).jpg,NORMAL,1,test,1360,1402,RGB,4bc4d856e5a118482a03f2a4db04baaf,72f4b0b2b0b9f0f0
data/q1/Data/test/NORMAL/NORMAL(1462).jpg,NORMAL,1,test,1314,1066,RGB,56d730928e2d80caccbc1bf355883e45,b1d0d292b0b0f0d4
data/q1/Data/test/NORMAL/NORMAL(1463).jpg,NORMAL,1,test,1361,992,RGB,ee8273bec16a62228051b3181a51c308,e0d4d4b2b0f0d0d0
data/q1/Data/test/NORMAL/NORMAL(1464).jpg,NORMAL,1,test,1871,1763,RGB,f5c2efd8890260be1cc4cc481fbaeb21,319292b2b1b1f0d0
data/q1/Data/test/NORMAL/NORMAL(1465).jpg,NORMAL,1,test,1402,1090,RGB,53de1ecfa85ce052d1733f67d0787f5b,f0e0d4d2b0b0f0f0
data/q1/Data/test/NORMAL/NORMAL(1467).jpg,NORMAL,1,test,1719,1465,RGB,015ce5b4f09ff83dead5f3c2650de294,73d496b2b0b0f0d0
data/q1/Data/test/NORMAL/NORMAL(1468).jpg,NORMAL,1,test,2914,2582,RGB,9bc28d6dde88ac669c162d427d0e37ab,739696b2b2b2f0d4
data/q1/Data/test/NORMAL/NORMAL(1469).jpg,NORMAL,1,test,2047,1882,RGB,d66faa15c6b60891e6a20f2d883b52c9,339496b2b2b0f0e0
data/q1/Data/test/NORMAL/NORMAL(1470).jpg,NORMAL,1,test,1643,1446,RGB,48490724ae6d42852f65ad3e725d5a1c,e2ec96b2b2b0f0f0
data/q1/Data/test/NORMAL/NORMAL(1471).jpg,NORMAL,1,test,2479,2567,RGB,a3e73f69309d936f4ffa6f10e10d17a2,f09233b3b2b2f0d0
data/q1/Data/test/NORMAL/NORMAL(1472).jpg,NORMAL,1,test,1837,1495,RGB,432e2083a8c2d3184f68452382f42270,b9d0d692b2b0f0c0
data/q1/Data/test/NORMAL/NORMAL(1473).jpg,NORMAL,1,test,1672,1380,RGB,3ee0f2ac3d66b13398d34ad9b8c2fca5,b0d6b2b2b331f4c0
data/q1/Data/test/NORMAL/NORMAL(1474).jpg,NORMAL,1,test,1349,1148,RGB,9d6e0f0f5518d69d2ad2ec816684a227,b2f092b2b2b0f0c2
data/q1/Data/test/NORMAL/NORMAL(1475).jpg,NORMAL,1,test,1206,978,RGB,05edb5befcb2232f5cf0a4f48a68ee80,717096b2b2b0f0e0
data/q1/Data/test/NORMAL/NORMAL(1476).jpg,NORMAL,1,test,1637,1171,RGB,ef67733d1ff8877d2413615b41eb74d4,e8d494b2b2b0f0f0
data/q1/Data/test/NORMAL/NORMAL(1477).jpg,NORMAL,1,test,1526,1156,RGB,7e76f73605e03221afcb2e697c9e5ece,b0f0d2d2f2b0f0f0
data/q1/Data/test/NORMAL/NORMAL(1478).jpg,NORMAL,1,test,1685,1337,RGB,4b37c1f3922729d354cf55a5d563c24c,e096b6b2b2b1f0d0
data/q1/Data/test/NORMAL/NORMAL(1479).jpg,NORMAL,1,test,1920,1708,RGB,81f1277337e2bbc45dfe5f6b3e208d77,b9dada92b3b1f0e0
data/q1/Data/test/NORMAL/NORMAL(1481).jpg,NORMAL,1,test,1267,1047,RGB,18b0dcbd84b5649237d7f59c13bfbc11,f0f0d4b2b0f0c0c4
data/q1/Data/test/NORMAL/NORMAL(1482).jpg,NORMAL,1,test,1464,1164,RGB,de5444e1de5ba4f6a3b87955dae6196e,e09292b231b1f0c0
data/q1/Data/test/NORMAL/NORMAL(1483).jpg,NORMAL,1,test,1205,951,RGB,58161b6fef23c4649bd06120c47d8227,f8d8dadab8f0d0d4
data/q1/Data/test/NORMAL/NORMAL(1484).jpg,NORMAL,1,test,2414,1731,RGB,48d0adc9fe8cee26581fde296b94bc6b,f2d4d6b2b2b0f0f0
data/q1/Data/test/NORMAL/NORMAL(1486).jpg,NORMAL,1,test,1474,993,RGB,c7d642cad1ca655197b32c9ce59cdd25,e2d494b2b2b2f0d0
data/q1/Data/test/NORMAL/NORMAL(1487).jpg,NORMAL,1,test,1322,1125,RGB,894383bdd1ad3567b72ef3673950f91b,62e0b4b2b231f0f0
data/q1/Data/test/NORMAL/NORMAL(1488).jpg,NORMAL,1,test,1738,1734,RGB,89297901c561ed85f746e1d27b32b39a,f0b33333b1b1f0d4
data/q1/Data/test/NORMAL/NORMAL(1489).jpg,NORMAL,1,test,1989,1666,RGB,b69881516c4b67c4e0668ce045246ff4,b19292b2b1b1f0d0
data/q1/Data/test/NORMAL/NORMAL(1490).jpg,NORMAL,1,test,1435,1152,RGB,40847854a42633e7618683458f4ecccd,60f4d29290b0f0e8
data/q1/Data/test/NORMAL/NORMAL(1491).jpg,NORMAL,1,test,1741,1422,RGB,393ef0438d5aea33908ae39c366acd32,b3de96b2b2b0f0e0
data/q1/Data/test/NORMAL/NORMAL(1492).jpg,NORMAL,1,test,1668,1248,RGB,2e5f0e2aa02653cae6d4e290230b62a1,b0f8d4b4b2b2f0c0
data/q1/Data/test/NORMAL/NORMAL(1493).jpg,NORMAL,1,test,1569,1318,RGB,1210386d8c86a35ce948e472845d0a36,e3f196b2b2b2d0f0
data/q1/Data/test/NORMAL/NORMAL(1494).jpg,NORMAL,1,test,1816,1476,RGB,bf2f88f58d11b5ac27e3c89c60c77968,f094b6b2b2b0d0e0
data/q1/Data/test/NORMAL/NORMAL(1497).jpg,NORMAL,1,test,1462,1302,RGB,77b3b173655b984c84bf7c177d15a3ce,b2d492b2b2f0e4c2
data/q1/Data/test/NORMAL/NORMAL(1498).jpg,NORMAL,1,test,1961,2169,RGB,1fc1673093ff2d5d68e19c64442a9f25,3396b6b23270f0d0
data/q1/Data/test/NORMAL/NORMAL(1499).jpg,NORMAL,1,test,1469,1356,RGB,44865773fae8779105ef165ed8456f1c,f0d6b2b3b1b1f0cc
data/q1/Data/test/NORMAL/NORMAL(1502).jpg,NORMAL,1,test,1919,1518,RGB,191205047d7bd835cd7d2da1cbc50771,b3d4d696b2b2f0d0
data/q1/Data/test/NORMAL/NORMAL(1503).jpg,NORMAL,1,test,1331,1198,RGB,e9f4b7bcc63816782032e81732f8cc3c,f8d292b2b2f0e0e0
data/q1/Data/test/NORMAL/NORMAL(1504).jpg,NORMAL,1,test,1978,1777,RGB,599a709a1efc8def7fedb714e7a99c98,329696b2b2b2f0d0
data/q1/Data/test/NORMAL/NORMAL(1505).jpg,NORMAL,1,test,1500,1341,RGB,26aa90bb6a9658fcd56cd77633d1076f,62f496b2b0b0f0f0
data/q1/Data/test/NORMAL/NORMAL(1506).jpg,NORMAL,1,test,1417,1144,RGB,07bad74ab8d1eb903b968dee2a92a273,d8d0b2b272f2e0e4
data/q1/Data/test/NORMAL/NORMAL(1507).jpg,NORMAL,1,test,1442,1399,RGB,515d4b9a74dedf216395cad4e9eb39be,e0b4b6b23071f0f0
data/q1/Data/test/NORMAL/NORMAL(1508).jpg,NORMAL,1,test,1399,1260,RGB,c0c335f498c1cdd3d05c2ca99a5dd4eb,31f192b2b2b0f0f0
data/q1/Data/test/NORMAL/NORMAL(1509).jpg,NORMAL,1,test,1605,1364,RGB,3cbd03d99b7f6b376e3cb01a1b3d38db,b2d09692b2b0f0f0
data/q1/Data/test/NORMAL/NORMAL(1510).jpg,NORMAL,1,test,1432,1306,RGB,6aeac77db482b1f601015d98b7e58da2,e096b2b2b1f1d2d2
data/q1/Data/test/NORMAL/NORMAL(1512).jpg,NORMAL,1,test,1611,1437,RGB,f10a5e72df00d35265744cba58970799,7094b6b2b0b1f0d2
data/q1/Data/test/NORMAL/NORMAL(1513).jpg,NORMAL,1,test,1568,1383,RGB,c501159029e4ba0ad12dca093bfea8fa,62d4b4b232b0f0c2
data/q1/Data/test/NORMAL/NORMAL(1514).jpg,NORMAL,1,test,2719,2437,RGB,eb95de9d82b963d106befe9ecc7a4f18,f0f696b2b2b2f0d8
data/q1/Data/test/NORMAL/NORMAL(1516).jpg,NORMAL,1,test,1897,1739,RGB,582f0f979d41ea2dd6db8c7e24bf862b,32ec96b2b2b0f0c0
data/q1/Data/test/NORMAL/NORMAL(1517).jpg,NORMAL,1,test,1140,846,RGB,6f78221aec03ffbf98d895968a940cf9,71f092b2b0b0e0c6
data/q1/Data/test/NORMAL/NORMAL(1522).jpg,NORMAL,1,test,1422,1156,RGB,6481ff159a40dd06471e3f07e39ef858,e0e8d4b2b0b0f0c0
data/q1/Data/test/NORMAL/NORMAL(1524).jpg,NORMAL,1,test,1785,1295,RGB,659eba3d53fb17994bd32c1a00b02ae1,b2d894b4b0b0d0e0
data/q1/Data/test/NORMAL/NORMAL(1525).jpg,NORMAL,1,test,1928,1738,RGB,90430284c9cb4ae51e697fb2673d9398,739496b23231f0f0
data/q1/Data/test/NORMAL/NORMAL(1526).jpg,NORMAL,1,test,1241,1083,RGB,78e1cb4a8f0d0e8ae70a523b59538554,717096b2b2b0f0c2
data/q1/Data/test/NORMAL/NORMAL(1527).jpg,NORMAL,1,test,2357,1959,RGB,b50b919a56d9a9d85d25e204330b2830,339496b2b2b0f0f0
data/q1/Data/test/NORMAL/NORMAL(1528).jpg,NORMAL,1,test,1588,1453,RGB,fb950d6c551f5fee34906ec52911a32b,23f096b2b2b0f0f0
data/q1/Data/test/NORMAL/NORMAL(1529).jpg,NORMAL,1,test,1429,1198,RGB,f1c92b64f44800fc77f9ef4135fe770b,b0d0d4b0b0f0f4c4
data/q1/Data/test/NORMAL/NORMAL(1530).jpg,NORMAL,1,test,1522,1399,RGB,b6109c59e689b219e9ba4e279f3870ba,60e4b4b2b2b0f0f0
data/q1/Data/test/NORMAL/NORMAL(1531).jpg,NORMAL,1,test,1700,1178,RGB,e08f49c666288b74f997bd9922f652ed,b2f49692b2b0f0f0
data/q1/Data/test/NORMAL/NORMAL(1532).jpg,NORMAL,1,test,1588,1248,RGB,39791d248066016a1a69700f37843836,f2f0d4b2b2b0f0d0
data/q1/Data/test/NORMAL/NORMAL(1533).jpg,NORMAL,1,test,1187,885,RGB,a3840041e95dd01d02446bc1e32a877c,e0e494b2b0b0f0f2
data/q1/Data/test/NORMAL/NORMAL(1534).jpg,NORMAL,1,test,1456,1264,RGB,e4c7560863fbd9b72664be6ffd63fe94,e1d292b2b1f1f0f0
data/q1/Data/test/NORMAL/NORMAL(1535).jpg,NORMAL,1,test,2175,1658,RGB,9399746b87264eb8f7754b0e31af278f,b2dc94b2b2b2f0f0
data/q1/Data/test/NORMAL/NORMAL(1536).jpg,NORMAL,1,test,1438,1175,RGB,997cca73b3b4fd1e5e672996c46f7c00,6194b2b2b2b0d0c0
data/q1/Data/test/NORMAL/NORMAL(1537).jpg,NORMAL,1,test,1396,1206,RGB,43303949c13c85e8447723baa7e5d2e4,c894b6b2b2f2d0f4
data/q1/Data/test/NORMAL/NORMAL(1538).jpg,NORMAL,1,test,1619,1527,RGB,27d84202b961a07a648df2acca8b5a06,72b4b4b2b230f0d0
data/q1/Data/test/NORMAL/NORMAL(1539).jpg,NORMAL,1,test,1364,1456,RGB,dd616b228687697fe0a9551dd89252bb,f8b892b2b2d3c0b4
data/q1/Data/test/NORMAL/NORMAL(1541).jpg,NORMAL,1,test,1353,1106,RGB,a031b9ca7e363ae4ebd132b92eccbca1,f0f8d4b0b2f0d0f0
data/q1/Data/test/NORMAL/NORMAL(1543).jpg,NORMAL,1,test,1333,1097,RGB,97ec439657ed4f4ec0abfb9d702c844b,e0f4b6b232f8f8e0
data/q1/Data/test/NORMAL/NORMAL(1544).jpg,NORMAL,1,test,2252,1936,RGB,e68b2ee689fb9486a1680e97016b684e,b29696b2b2b2f0d0
data/q1/Data/test/NORMAL/NORMAL(1545).jpg,NORMAL,1,test,2133,2376,RGB,12204ee82e20a08098fbcc7a4690b623,71963332b231f0f0
data/q1/Data/test/NORMAL/NORMAL(1546).jpg,NORMAL,1,test,1283,1078,RGB,25ce793cc0a979d1a303250062865525,317096b2b2b2f0f0
data/q1/Data/test/NORMAL/NORMAL(1547).jpg,NORMAL,1,test,1742,1684,RGB,e555189a0f826d77ef5c58274f3f15e6,31b296b2b2b0f0d0
data/q1/Data/test/NORMAL/NORMAL(1549).jpg,NORMAL,1,test,1318,1067,RGB,d63f23c141521350150cd76c51634db9,e2f0d4b2b2b0f0f2
data/q1/Data/test/NORMAL/NORMAL(1552).jpg,NORMAL,1,test,1801,1333,RGB,4adbce1c111519c1e851e6c4d9a59ec7,32f4b6b2b2b0f0f4
data/q1/Data/test/NORMAL/NORMAL(1553).jpg,NORMAL,1,test,1932,1743,RGB,55238b4e0b42493c91ef7b7ff1cc0beb,32dc96b2b2b0f0cc
data/q1/Data/test/NORMAL/NORMAL(1555).jpg,NORMAL,1,test,1619,1175,RGB,d015a9d89fc6dd1405dc9a959d925473,b2fcd2d2b0b8f0f0
data/q1/Data/test/NORMAL/NORMAL(1558).jpg,NORMAL,1,test,874,672,RGB,5765c25f3abbab625ade828686756580,f8f0b4b2b0f0d0f0
data/q1/Data/test/NORMAL/NORMAL(1559).jpg,NORMAL,1,test,1537,1304,RGB,5167110c855c5ef6922cbfb258fda0a2,b0d692b2b0b0f0d0
data/q1/Data/test/NORMAL/NORMAL(1560).jpg,NORMAL,1,test,1184,984,RGB,b77a2a1e4feb538e1d09127977b86c17,60f4b4b2b0f0d0f0
data/q1/Data/test/NORMAL/NORMAL(1561).jpg,NORMAL,1,test,992,816,RGB,5e143f7f1e0709ade27024e39de790f2,72f0d4f0b0f0e0c2
data/q1/Data/test/NORMAL/NORMAL(1562).jpg,NORMAL,1,test,1392,1048,RGB,ebd6f26a9c9c28e832b128dfaf682420,b1d0d292b2909034
data/q1/Data/test/NORMAL/NORMAL(1563).jpg,NORMAL,1,test,1482,1304,RGB,d6db919e178fdec08ac403abaf23cc7f,b2d0d4b0b0f0f0f4
data/q1/Data/test/NORMAL/NORMAL(1564).jpg,NORMAL,1,test,1296,1200,RGB,a94618042ad2623186d1c34cc2143be8,317196b2b2b2d0e0
data/q1/Data/test/NORMAL/NORMAL(1565).jpg,NORMAL,1,test,1440,1328,RGB,e09fd2d8f0f0567de76bf02c238c7e18,b2d492b2b2f0d094
data/q1/Data/test/NORMAL/NORMAL(1566).jpg,NORMAL,1,test,1288,1080,RGB,4e4da50b87dd8d5c8988e09f3728d4bb,e0f0f0b4b0f0e0e0
data/q1/Data/test/NORMAL/NORMAL(1567).jpg,NORMAL,1,test,1256,1032,RGB,d31fe70b20932ca6d464319058d5e4f7,b9d9d2b2b2f2c0e4
data/q1/Data/test/NORMAL/NORMAL(1568).jpg,NORMAL,1,test,1440,992,RGB,51933eb36e9c5b4dde249aec7388ef5b,e6e0a4b4b0b0f0c0
data/q1/Data/test/NORMAL/NORMAL(1569).jpg,NORMAL,1,test,1269,1048,RGB,1930bfa9b55d3312174f9c2668988ccf,f1d8d2b2b2f2e0e0
data/q1/Data/test/NORMAL/NORMAL(1571).jpg,NORMAL,1,test,1711,1216,RGB,2867d6871309d4605c740dc4fb84b824,f2f0d4b2b2f0d0e0
data/q1/Data/test/NORMAL/NORMAL(1572).jpg,NORMAL,1,test,967,800,RGB,3d99af2a2f53433645da5ca025a95c3c,e0f0b0b0b0f0f0c4
data/q1/Data/test/NORMAL/NORMAL(1573).jpg,NORMAL,1,test,1460,951,RGB,be715d5c7f994a169dc9fb31329254ae,e2e0b4b0b0b0f4f0
data/q1/Data/test/NORMAL/NORMAL(1574).jpg,NORMAL,1,test,1400,1216,RGB,f4f7b6921c6d5ed4653731eb4715a489,33d092b2b0b0d0d2
data/q1/Data/test/NORMAL/NORMAL(1576).jpg,NORMAL,1,test,1272,1040,RGB,6a1b2b7d01442a3dc95edf205677e259,7373b4b4b0b2f0e0
data/q1/Data/test/NORMAL/NORMAL(1577).jpg,NORMAL,1,test,1736,1416,RGB,95d565dfc1410b9dd4503a52633cf489,b2d4d692b0b0f0d0
data/q1/Data/test/NORMAL/NORMAL(1578).jpg,NORMAL,1,test,1288,928,RGB,b0437064876c47f9c63da990d3fc93bc,72f0d4b0b0b0f0e0
data/q1/Data/test/NORMAL/NORMAL(1579).jpg,NORMAL,1,test,1240,1104,RGB,b85835f1a6a74673b569aff032ccc362,f2f0d4b0b0f0d0d4
data/q1/Data/test/NORMAL/NORMAL(1580).jpg,NORMAL,1,test,1328,1104,RGB,b0f2fc8053eb28f83c3e3e974856bf19,e0f494b2b2b0f0f0
data/q1/Data/test/NORMAL/NORMAL(1581).jpg,NORMAL,1,test,1631,1225,RGB,798407f3188e9b336dfd61a4addfc40f,3396b2b2b231f0d0
data/q1/Data/test/NORMAL/NORMAL(1582).jpg,NORMAL,1,test,1529,1302,RGB,1858454ffcdd9c72948d39cebc80a50e,e0d0d292b2b0d0e0
data/q1/Data/test/PNEUMONIA/PNEUMONIA(3418).jpg,PNEUMONIA,2,test,1019,616,RGB,98e17be840bdb42f44ffbfcdf0314e2f,f0d490b0b0b0f4f0
data/q1/Data/test/PNEUMONIA/PNEUMONIA(3419).jpg,PNEUMONIA,2,test,1166,1110,RGB,490171b9e5ce359269246c2ead15216b,f8d2b2f0f0f0f0f0
data/q1/Data/test/PNEUMONIA/PNEUMONIA(3420).jpg,PNEUMONIA,2,test,1168,840,RGB,b8988f96d6c20eb7137da1d4161247e8,70f4b0f0f0f0f0f0
data/q1/Data/test/PNEUMONIA/PNEUMONIA(3421).jpg,PNEUMONIA,2,test,1120,784,RGB,82656a9606d2840f6d5e3abd87b2607c,b0d0f0f0f0f0f0f4
data/q1/Data/test/PNEUMONIA/PNEUMONIA(3422).jpg,PNEUMONIA,2,test,1160,776,RGB,a9b6af772262b57701befa4d1eb1d5c8,f4f4b0f0f0f0f4d2
data/q1/Data/test/PNEUMONIA/PNEUMONIA(3423).jpg,PNEUMONIA,2,test,1072,648,RGB,bd181c862183ab30bfe770306784dda4,f0d0d4f4b0b0b0a0
data/q1/Data/test/PNEUMONIA/PNEUMONIA(3424).jpg,PNEUMONIA,2,test,1000,680,RGB,9f3bc218b8993551a3b4c3a51a876d60,f0f0f0f0f0f0f0f0
data/q1/Data/test/PNEUMONIA/PNEUMONIA(3425).jpg,PNEUMONIA,2,test,1016,728,RGB,1db0527f970ffc73969821d04eef8a40,7054d0b0b0f0f0f0
data/q1/Data/test/PNEUMONIA/PNEUMONIA(3426).jpg,PNEUMONIA,2,test,796,548,RGB,4c509972b5a7d4169dff664d4a5215de,92babab8b9b19aba
data/q1/Data/test/PNEUMONIA/PNEUMONIA(3427).jpg,PNEUMONIA,2,test,1224,959,RGB,c43ffa3a1e644c776d0c1377c446d717,f0f4b2b2f0b0f0d2
data/q1/Data/test/PNEUMONIA/PNEUMONIA(3428).jpg,PNEUMONIA,2,test,1240,851,RGB,026ba36b8c3ca8b759b70a5f1774ec5d,e8d492b2b0b0f0f0
data/q1/Data/test/PNEUMONIA/PNEUMONIA(3429).jpg,PNEUMONIA,2,test,1112,768,RGB,088f7bb47d569ddcd32241a241eab18a,b194b6b2b2b0f0c0
data/q1/Data/test/PNEUMONIA/PNEUMONIA(3430).jpg,PNEUMONIA,2,test,1152,736,RGB,6c153234e95f1aaa95739d4783e4b025,f094b2b0b0b0f0f0
data/q1/Data/test/PNEUMONIA/PNEUMONIA(3431).jpg,PNEUMONIA,2,test,952,568,RGB,7436e78e737afedcd5541b256c2a51db,b0b2b2b2f070f0a0
data/q1/Data/test/PNEUMONIA/PNEUMONIA(3432).jpg,PNEUMONIA,2,test,1192,832,RGB,a44578355c84617fd4e2ce4db474b576,63f0d4d0f0f0f0d4
data/q1/Data/test/PNEUMONIA/PNEUMONIA(3433).jpg,PNEUMONIA,2,test,1238,800,RGB,43f02a2203684ed62ab92e5a46e2bf6c,e8d4d4b2b0b8f0f8
data/q1/Data/test/PNEUMONIA/PNEUMONIA(3434).jpg,PNEUMONIA,2,test,888,560,RGB,1c9902c8c69d7ece4dc0d83f85efe040,c4f4b4b0b0b0f0f0
data/q1/Data/test/PNEUMONIA/PNEUMONIA(3435).jpg,PNEUMONIA,2,test,1064,760,RGB,9df9494794630b9d82794e37d0a36e3b,6161f1b0b0f0f0f0
data/q1/Data/test/PNEUMONIA/PNEUMONIA(3436).jpg,PNEUMONIA,2,test,936,560,RGB,5086c636668e8601fb2801566201a94c,f0f4f0f0f0f0f0f0
data/q1/Data/test/PNEUMONIA/PNEUMONIA(3437).jpg,PNEUMONIA,2,test,888,472,RGB,7b72b2fc1b9dea0de09dd2068b38a881,d7d3d3b3b1b9f9e9
data/q1/Data/test/PNEUMONIA/PNEUMONIA(3438).jpg,PNEUMONIA,2,test,928,704,RGB,4cf101434da21a474f19c7d9329d6a6f,f0dab2b0f0f0f0d8
data/q1/Data/test/PNEUMONIA/PNEUMONIA(3439).jpg,PNEUMONIA,2,test,1308,1080,RGB,ed57391527626568a312e6d9eb12a048,f0d4b2b2b0b1f8e8
data/q1/Data/test/PNEUMONIA/PNEUMONIA(3440).jpg,PNEUMONIA,2,test,1504,992,RGB,002d519d56771ad042ea696aa76ea599,70f4d6f2f2d2f8f2
data/q1/Data/test/PNEUMONIA/PNEUMONIA(3441).jpg,PNEUMONIA,2,test,1328,968,RGB,0e2432575be8a1840b87b9961410c660,32b4b4b2b2b0f0f0
data/q1/Data/test/PNEUMONIA/PNEUMONIA(3442).jpg,PNEUMONIA,2,test,1445,1021,RGB,3593f69472ecac8f4e3d4d5e77e198ee,b9d2d2b2b2b0f0e0
data/q1/Data/test/PNEUMONIA/PNEUMONIA(3443).jpg,PNEUMONIA,2,test,1512,1160,RGB,99cae65353643b10869a4024b18a366a,32b692b2b0b0f0f0
data/q1/Data/test/PNEUMONIA/PNEUMONIA(3444).jpg,PNEUMONIA,2,test,1024,728,RGB,7e2bea73526a35dabbee1776afcb4693,38d8b2b2b0b0f0f0
data/q1/Data/test/PNEUMONIA/PNEUMONIA(3445).jpg,PNEUMONIA,2,test,1176,752,RGB,806aee6f2f0b2d87ac91e7b452c6bdd1,f9f8d8f0f0f0d0f0
data/q1/Data/test/PNEUMONIA/PNEUMONIA(3446).jpg,PNEUMONIA,2,test,1192,672,RGB,9875e78adc62b33f410219e281d8ec2c,e9e5b1b0b0b0f0f0
data/q1/Data/test/PNEUMONIA/PNEUMONIA(3447).jpg,PNEUMONIA,2,test,1176,728,RGB,8d8ce12dedbbb9204acf81f6c2017ed0,f0d092b2b0b0f0d0
data/q1/Data/test/PNEUMONIA/PNEUMONIA(3448).jpg,PNEUMONIA,2,test,1704,1435,RGB,a7df59f181f874ecaaf691c8fd15ff11,6990b2b2b0b0f0f0
data/q1/Data/test/PNEUMONIA/PNEUMONIA(3449).jpg,PNEUMONIA,2,test,918,656,RGB,dc6ddcdf63ffff18d7956713620bc296,f0b4b2b2f070f0f0
data/q1/Data/test/PNEUMONIA/PNEUMONIA(3450).jpg,PNEUMONIA,2,test,952,592,RGB,5f30ee6b53a4d3d66a27dc1dd924a9bc,f0f0f2b2b0f0f0f0
data/q1/Data/test/PNEUMONIA/PNEUMONIA(3451).jpg,PNEUMONIA,2,test,920,528,RGB,7383e52feadb14ca9327b624dbf000d1,363232f2f870f0d0
data/q1/Data/test/PNEUMONIA/PNEUMONIA(3452).jpg,PNEUMONIA,2,test,1302,867,RGB,2d3b9bdf7f93c6e439cb5868700351d1,e0b4b2b0b0b0f0d0
data/q1/Data/test/PNEUMONIA/PNEUMONIA(3453).jpg,PNEUMONIA,2,test,1072,880,RGB,9dbbd6f7029df9b534d4b48704e2bbd9,705692b2b0f0f0f0
data/q1/Data/test/PNEUMONIA/PNEUMONIA(3454).jpg,PNEUMONIA,2,test,1204,1027,RGB,6dbd67f9755eabf1bf4bb1c939fa05ce,38f0d0d0f0f0e0d0
data/q1/Data/test/PNEUMONIA/PNEUMONIA(3455).jpg,PNEUMONIA,2,test,1431,1104,RGB,72825203533f08a6dbde6ab7aad08a97,f8d4b6b0b0f0f0f0
data/q1/Data/test/PNEUMONIA/PNEUMONIA(3456).jpg,PNEUMONIA,2,test,1560,1200,RGB,6a691104bcc8d4fca3fc1e6222ceee70,7270d496b2b2b0d0
data/q1/Data/test/PNEUMONIA/PNEUMONIA(3457).jpg,PNEUMONIA,2,test,693,356,RGB,922943c1b7dfef460a7f174aa41b0347,2436b23230707160
data/q1/Data/test/PNEUMONIA/PNEUMONIA(3458).jpg,PNEUMONIA,2,test,1112,624,RGB,5c6073915d170ed161057d6543fa1b28,e0e4b4b0f0d8f8e0
data/q1/Data/test/PNEUMONIA/PNEUMONIA(3459).jpg,PNEUMONIA,2,test,1592,1328,RGB,37853563110eb4ac95c5cab6e8b20379,b0d092b2b2b080b0
data/q1/Data/test/PNEUMONIA/PNEUMONIA(3460).jpg,PNEUMONIA,2,test,1332,1123,RGB,ce08f0deebc99895ca9b2d06b4d7163d,f0f0b0b030f0e0e0
data/q1/Data/test/PNEUMONIA/PNEUMONIA(3461).jpg,PNEUMONIA,2,test,1309,1168,RGB,36504aac70b8609780c7ea51054d7cec,b2d4b2b2b0b8f0f0
data/q1/Data/test/PNEUMONIA/PNEUMONIA(3462).jpg,PNEUMONIA,2,test,936,656,RGB,73b4f2bea2ad83c240d5742ad5b4ab33,d4b4b0b0b0b0f0d0
data/q1/Data/test/PNEUMONIA/PNEUMONIA(3463).jpg,PNEUMONIA,2,test,1080,648,RGB,c0b45334a53908838487cf6661f9302c,f5d5d0f0b0f0f0f0
data/q1/Data/test/PNEUMONIA/PNEUMONIA(3464).jpg,PNEUMONIA,2,test,920,576,RGB,9e4cff63341a53da0586f6667786dc27,a4b430b0b0b0f1f8
data/q1/Data/test/PNEUMONIA/PNEUMONIA(3465).jpg,PNEUMONIA,2,test,1080,760,RGB,2742744d450681048b49d3612a71f9f9,f0d0f2b2f0f0f0f0
data/q1/Data/test/PNEUMONIA/PNEUMONIA(3466).jpg,PNEUMONIA,2,test,1658,1264,RGB,a3799dd40a8f4a10b878451e6ea9cf16,3496b2b2b0b0f0d0
data/q1/Data/test/PNEUMONIA/PNEUMONIA(3467).jpg,PNEUMONIA,2,test,1206,848,RGB,4c7b4924a8e14066b21c6c588863f308,e8d2d2b2b0f0d0e0
data/q1/Data/test/PNEUMONIA/PNEUMONIA(3469).jpg,PNEUMONIA,2,test,1422,952,RGB,ce9c6eba26d2c7a0500fbdbbdda2a912,c264b6b2b0b0b0f0
data/q1/Data/test/PNEUMONIA/PNEUMONIA(3470).jpg,PNEUMONIA,2,test,1215,776,RGB,d80ef132c07d9e32640e496a7dc73288,f2d0b4b2b2b0f0e0
data/q1/Data/test/PNEUMONIA/PNEUMONIA(3471).jpg,PNEUMONIA,2,test,1429,1087,RGB,ab5fba382a7c0e314d5ef5f7fe6f372c,31d0f2b0b0f0f0e0
data/q1/Data/test/PNEUMONIA/PNEUMONIA(3473).jpg,PNEUMONIA,2,test,1583,1334,RGB,097d68ebd30db90588ed60414414d3af,e894b2b8f0f0f0d0
data/q1/Data/test/PNEUMONIA/PNEUMONIA(3474).jpg,PNEUMONIA,2,test,1456,1104,RGB,a71c236dfe3be86553ea43ff90748277,b0f492b2b0b0f0f0
data/q1/Data/test/PNEUMONIA/PNEUMONIA(3476).jpg,PNEUMONIA,2,test,1102,863,RGB,ea7f2ca7e5384182dd819ded0e18a762,e4f4b2f0f0b0b1f0
data/q1/Data/test/PNEUMONIA/PNEUMONIA(3477).jpg,PNEUMONIA,2,test,976,768,RGB,a5a895b56d10ffcea4eeb15e6515d14d,f0f4b0b0b0b0f0d0
data/q1/Data/test/PNEUMONIA/PNEUMONIA(3479).jpg,PNEUMONIA,2,test,848,640,RGB,dc24b9e5e5edcb95931734a69fe682ca,f0b2b2f0f0f0f0d0
data/q1/Data/test/PNEUMONIA/PNEUMONIA(3480).jpg,PNEUMONIA,2,test,968,744,RGB,6948c8d50de783380cfbcb00ff259fb0,71b4b2f2f0f0f0f0
data/q1/Data/test/PNEUMONIA/PNEUMONIA(3481).jpg,PNEUMONIA,2,test,984,784,RGB,2513ea5a569cc5ba40b9bbebe67f0c2b,60f0f0f0f0f0f0d0
data/q1/Data/test/PNEUMONIA/PNEUMONIA(3482).jpg,PNEUMONIA,2,test,1024,632,RGB,76641d53b05173085bdadc154cecd6c3,e5b4b0f0f0f0f0f0
data/q1/Data/test/PNEUMONIA/PNEUMONIA(3483).jpg,PNEUMONIA,2,test,1096,784,RGB,31d9646b5b0dd0fa1388d5261ed896c7,6165b5f1f1f1f1f0
data/q1/Data/test/PNEUMONIA/PNEUMONIA(3484).jpg,PNEUMONIA,2,test,1074,1071,RGB,372b7e756c5f2af23cbb5eaefed3394a,e0f0b2f0f0f071f0
data/q1/Data/test/PNEUMONIA/PNEUMONIA(3485).jpg,PNEUMONIA,2,test,1084,990,RGB,fdbfcbf3ba22ece316760619dfaec0f5,c0e0b2f2f0f0f1f0
data/q1/Data/test/PNEUMONIA/PNEUMONIA(3486).jpg,PNEUMONIA,2,test,1088,696,RGB,a8d5a21cfb3d9e81a83c372d71984801,61d4b2b2b2b0f0f8
data/q1/Data/test/PNEUMONIA/PNEUMONIA(3487).jpg,PNEUMONIA,2,test,1688,1295,RGB,4c2acc20298634e03c00a3366daf674c,e8f2b2b2f0f0f0f0
data/q1/Data/test/PNEUMONIA/PNEUMONIA(3488).jpg,PNEUMONIA,2,test,1360,840,RGB,a52cc90a99cd63b00181e1afab49c223,70d492b2b2b0f0f0
data/q1/Data/test/PNEUMONIA/PNEUMONIA(3489).jpg,PNEUMONIA,2,test,1389,864,RGB,69223ce868d83f120802a05c6d8e1cb8,f0d4b2b2b2b2f0f0
data/q1/Data/test/PNEUMONIA/PNEUMONIA(3490).jpg,PNEUMONIA,2,test,791,615,RGB,43f94db9f9aaa8e8bf5addaf9871c187,b2b0b0f0f4f0f4e2
data/q1/Data/test/PNEUMONIA/PNEUMONIA(3491).jpg,PNEUMONIA,2,test,1304,736,RGB,da1c4eb151e9373e8c67326cb9c86fa8,f8d0b4b2b2b0f0e0
data/q1/Data/test/PNEUMONIA/PNEUMONIA(3492).jpg,PNEUMONIA,2,test,1251,997,RGB,6565887e79d4a5f0c20dbfffe1746035,b2f0d0b2b0b0f0c4
data/q1/Data/test/PNEUMONIA/PNEUMONIA(3493).jpg,PNEUMONIA,2,test,1360,1048,RGB,1a00f773c82cbaa349fa625c54f0e66f,f09692b2b0b0f0f0
data/q1/Data/test/PNEUMONIA/PNEUMONIA(3494).jpg,PNEUMONIA,2,test,1088,752,RGB,bd96e7bb48f18cd2e0738a5682acf4b3,f0f09494b0b0f0d4
data/q1/Data/test/PNEUMONIA/PNEUMONIA(3495).jpg,PNEUMONIA,2,test,1000,624,RGB,34e2764d43f94f3b61b9eacdb3c9b3e7,f0d0d2b0b0f4e0e0
data/q1/Data/test/PNEUMONIA/PNEUMONIA(3496).jpg,PNEUMONIA,2,test,1216,832,RGB,5f1a51a16833ebf8f59e2105af46c1c1,f1d2d2b2b0b0f0f0
data/q1/Data/test/PNEUMONIA/PNEUMONIA(3497).jpg,PNEUMONIA,2,test,1442,898,RGB,751a284e6cc8af2b917978e42327e6dd,70d090b2b2b2b2d0
data/q1/Data/test/PNEUMONIA/PNEUMONIA(3498).jpg,PNEUMONIA,2,test,1327,824,RGB,5836ac21899200356c43d18e38ceb0b7,e8d4b2b2b2f0f0d0
data/q1/Data/test/PNEUMONIA/PNEUMONIA(3499).jpg,PNEUMONIA,2,test,944,560,RGB,0589dc26cc15437460cd205f7470c56c,e4f4b0b0f0b0f0f0
data/q1/Data/test/PNEUMONIA/PNEUMONIA(3500).jpg,PNEUMONIA,2,test,992,600,RGB,ba021a403f4f3bc6a6d5e66c5fb58beb,f1f0f0f0f1f1f1f0
data/q1/Data/test/PNEUMONIA/PNEUMONIA(3501).jpg,PNEUMONIA,2,test,1383,1128,RGB,c2acd8df8715644774db438b6506919e,f8d4b2b2f0f0c0c2
data/q1/Data/test/PNEUMONIA/PNEUMONIA(3502).jpg,PNEUMONIA,2,test,759,409,RGB,1da9d15470448142e2a54c64da383d51,92b2b2b03030f0f0
data/q1/Data/test/PNEUMONIA/PNEUMONIA(3503).jpg,PNEUMONIA,2,test,1416,1160,RGB,83f1140ea407c96db57e348e92002bed,f0c09290b0b4a4a0
data/q1/Data/test/PNEUMONIA/PNEUMONIA(3504).jpg,PNEUMONIA,2,test,926,608,RGB,905298bb74fd9e724d855599781421e1,78f0d2f2b2b0f0f0
data/q1/Data/test/PNEUMONIA/PNEUMONIA(3505).jpg,PNEUMONIA,2,test,1650,1253,RGB,f0cd11f766b5bf8f35dbd6e693e6153f,70f4b2b2b0f0f0f0
data/q1/Data/test/PNEUMONIA/PNEUMONIA(3506).jpg,PNEUMONIA,2,test,1322,968,RGB,27f88d222549179f2e7ce90ff66ba826,f2d4b6b2f2f0f0e0
data/q1/Data/test/PNEUMONIA/PNEUMONIA(3507).jpg,PNEUMONIA,2,test,1008,576,RGB,1f07b539477362c63874704c4cdaf856,78f0f0f1f0f0f0e0
data/q1/Data/test/PNEUMONIA/PNEUMONIA(3508).jpg,PNEUMONIA,2,test,1040,560,RGB,af81981f6fb7818731e7a30ad9ed284c,e0f4f0f1f0b0f0f0
data/q1/Data/test/PNEUMONIA/PNEUMONIA(3509).jpg,PNEUMONIA,2,test,920,648,RGB,29d3ae0275b6de55b83876615478319a,f0d4b6b0b0f0f0c0
data/q1/Data/test/PNEUMONIA/PNEUMONIA(3510).jpg,PNEUMONIA,2,test,904,664,RGB,0d5ad111e92708ad29bd95db7bbad277,f8d0d2d0b0b0e0e0
data/q1/Data/test/PNEUMONIA/PNEUMONIA(3511).jpg,PNEUMONIA,2,test,904,568,RGB,7eeea9eec69c5842f88996c4d06f2398,b8d2d8d8f8e8c8c2
data/q1/Data/test/PNEUMONIA/PNEUMONIA(3513).jpg,PNEUMONIA,2,test,1372,948,RGB,4157eee1876231459c937586bc8b2aeb,b5b2b8f8fcb8f0e4
data/q1/Data/test/PNEUMONIA/PNEUMONIA(3514).jpg,PNEUMONIA,2,test,1152,856,RGB,ba844ef725ebe051a508d15c08b28470,d8daf8f8b8b8f0f4
data/q1/Data/test/PNEUMONIA/PNEUMONIA(3515).jpg,PNEUMONIA,2,test,1064,936,RGB,eb2d3ef2293c094f62e9020d13c8f6da,78f2b2b8b4f0d492
data/q1/Data/test/PNEUMONIA/PNEUMONIA(3516).jpg,PNEUMONIA,2,test,1064,896,RGB,8d53a071abc9140b8dff9f59c38a625d,71b0b2b8b8b8f0e4
data/q1/Data/test/PNEUMONIA/PNEUMONIA(3517).jpg,PNEUMONIA,2,test,1348,979,RGB,44bd5ee0768ce8db6a4030e28b8589e4,7192b2b8b8b8f0f4
data/q1/Data/test/PNEUMONIA/PNEUMONIA(3518).jpg,PNEUMONIA,2,test,1422,1032,RGB,90865ad8d89bd361726aa8783d6db969,f0b4b2b0b8b0f0f0
data/q1/Data/test/PNEUMONIA/PNEUMONIA(3519).jpg,PNEUMONIA,2,test,1540,872,RGB,c394c83aaf655ac2f7db2d3276b56fad,f4d494b2b0b0f0f0
data/q1/Data/test/PNEUMONIA/PNEUMONIA(3520).jpg,PNEUMONIA,2,test,1109,886,RGB,e7ac4a14b2caa7fb0631934c71cbb20b,e0d6d2b0b0b0f0d0
data/q1/Data/test/PNEUMONIA/PNEUMONIA(3521).jpg,PNEUMONIA,2,test,920,760,RGB,b08ccc0d6ca67770d827c4a2164c6ec7,b8d8d2f2f0b0f0f0
data/q1/Data/test/PNEUMONIA/PNEUMONIA(3522).jpg,PNEUMONIA,2,test,936,768,RGB,1022c7a39beb5a54f992006c9d2e9882,e1f1b4f0f0f0f0f0
data/q1/Data/test/PNEUMONIA/PNEUMONIA(3523).jpg,PNEUMONIA,2,test,920,808,RGB,3721da1a10740fe09e2a439c98118b16,f8d0f0f0f0f0f0f0
data/q1/Data/test/PNEUMONIA/PNEUMONIA(3524).jpg,PNEUMONIA,2,test,968,624,RGB,a23e8567639ae25cd08f0d6d4f2a369d,f0d0d0f0f0f0f0f0
data/q1/Data/test/PNEUMONIA/PNEUMONIA(3525).jpg,PNEUMONIA,2,test,823,655,RGB,2228f84e97fba0a3e27a9eee67f050f4,b2b23070f0d0f0c0
data/q1/Data/test/PNEUMONIA/PNEUMONIA(3526).jpg,PNEUMONIA,2,test,936,568,RGB,50ecefd3486328a9aa89591db390b36d,f0f4b4b4b2b0b0f0
data/q1/Data/test/PNEUMONIA/PNEUMONIA(3529).jpg,PNEUMONIA,2,test,1179,809,RGB,bc51df925bfc9552b170318ff27fef07,f1f0d0f0f0f0f0f0
data/q1/Data/test/PNEUMONIA/PNEUMONIA(3530).jpg,PNEUMONIA,2,test,1242,656,RGB,26347ef626e38521bddcdab2a885e95f,e8d4d2b2b0f0b0f0
data/q1/Data/test/PNEUMONIA/PNEUMONIA(3531).jpg,PNEUMONIA,2,test,1240,832,RGB,f8eb469c74426b46a23c85fe4d65a2dd,e1b094b2f2f2f0f4
data/q1/Data/test/PNEUMONIA/PNEUMONIA(3532).jpg,PNEUMONIA,2,test,1295,1058,RGB,4a87e9fb905401824ef18c1c568851c3,70f0d0d8d8f8f0e0
data/q1/Data/test/PNEUMONIA/PNEUMONIA(3533).jpg,PNEUMONIA,2,test,689,366,RGB,b3877254266b6395178589cc4d832106,b0b0b0303070f0f0
data/q1/Data/test/PNEUMONIA/PNEUMONIA(3535).jpg,PNEUMONIA,2,test,920,472,RGB,5ce4442f7600f0d9642ab4b7cff3fe4d,f0d4f4f4b4b4b0f0
data/q1/Data/test/PNEUMONIA/PNEUMONIA(3536).jpg,PNEUMONIA,2,test,920,496,RGB,956df0aed05d13b596cfd8e0b5ae4b32,f4d4d2f2b2b2f2d0
data/q1/Data/test/PNEUMONIA/PNEUMONIA(3537).jpg,PNEUMONIA,2,test,1312,928,RGB,39a2c01f5f861009affc13c38af1470e,f0b2b2b27270f0f0
data/q1/Data/test/PNEUMONIA/PNEUMONIA(3538).jpg,PNEUMONIA,2,test,1064,552,RGB,a4f03d5dc30ab0af8a5820413b11e43c,f0d4d0b0b0b8f0f0
data/q1/Data/test/PNEUMONIA/PNEUMONIA(3539).jpg,PNEUMONIA,2,test,1048,736,RGB,aeef7aa515de0ec1f9a578ac74f5ae0f,7c7c54b2b0b0b0f0
data/q1/Data/test/PNEUMONIA/PNEUMONIA(3541).jpg,PNEUMONIA,2,test,1602,1253,RGB,9f421d251150c5c9c98c248604e8397e,f2d0d2b8b8b8f8e0
data/q1/Data/test/PNEUMONIA/PNEUMONIA(3543).jpg,PNEUMONIA,2,test,1718,1576,RGB,db9fb7ff7fb8f7f9fe9743a02ffc96b6,7170b2b2b0b0f0f0
data/q1/Data/test/PNEUMONIA/PNEUMONIA(3544).jpg,PNEUMONIA,2,test,1028,536,RGB,af25ba74abf67149479ed2133f4b330a,e0d4d2d2f0f0f8f8
data/q1/Data/test/PNEUMONIA/PNEUMONIA(3545).jpg,PNEUMONIA,2,test,1184,928,RGB,bca21599701649130888e618765f6ead,3096b2b2b2f0f0f0
data/q1/Data/test/PNEUMONIA/PNEUMONIA(3546).jpg,PNEUMONIA,2,test,992,656,RGB,f921e9ac0180d25ecce264b61eea42dc,f0d490b0f0f0f0f4
data/q1/Data/test/PNEUMONIA/PNEUMONIA(3547).jpg,PNEUMONIA,2,test,1040,528,RGB,ee06b4dbde9b81291bebec29c9071259,f4d4f4f0f0b0b0f0
data/q1/Data/test/PNEUMONIA/PNEUMONIA(3548).jpg,PNEUMONIA,2,test,1048,584,RGB,405d55d353a69025a0f7f368d334fa3c,e4d692b2b0b8b8f0
data/q1/Data/test/PNEUMONIA/PNEUMONIA(3549).jpg,PNEUMONIA,2,test,1082,658,RGB,73d4267ed9739c99619eb5b96f8ca251,71d494b0b0b0b0f0
data/q1/Data/test/PNEUMONIA/PNEUMONIA(3550).jpg,PNEUMONIA,2,test,1173,792,RGB,2a55201582c85fbbfac1b08d27565bb9,e8d2d2b8b8b8f0f0
data/q1/Data/test/PNEUMONIA/PNEUMONIA(3551).jpg,PNEUMONIA,2,test,1067,778,RGB,aa48140c082bfdbaeb7ee8ea6c8fab3a,68d6b6b2b0b0f0f0
data/q1/Data/test/PNEUMONIA/PNEUMONIA(3552).jpg,PNEUMONIA,2,test,918,552,RGB,086e9968b63c27d88170170d7804ec25,e0d4d2d2b0f0f0d8
data/q1/Data/test/PNEUMONIA/PNEUMONIA(3553).jpg,PNEUMONIA,2,test,912,704,RGB,f6ffa9c29deb2ff76c5f5cfeeaed1daa,f0b4b4b0b0f0f0f0
data/q1/Data/test/PNEUMONIA/PNEUMONIA(3554).jpg,PNEUMONIA,2,test,1416,1128,RGB,58d1c990dd8c8575cca04d86b74d268f,e8d898ba3232b2d6
data/q1/Data/test/PNEUMONIA/PNEUMONIA(3555).jpg,PNEUMONIA,2,test,1704,1544,RGB,90779e34786d666c1b7ca10a60311e11,b0d8dadab8d8d4d4
data/q1/Data/test/PNEUMONIA/PNEUMONIA(3556).jpg,PNEUMONIA,2,test,896,656,RGB,c35ba9d9558478fb0be8706dbb09ec46,60f4f4b2b2b2f0d0
data/q1/Data/test/PNEUMONIA/PNEUMONIA(3557).jpg,PNEUMONIA,2,test,950,784,RGB,4776ea523fab51844cf455899c2de761,e0d4b2b2b0f0f0e2
data/q1/Data/test/PNEUMONIA/PNEUMONIA(3558).jpg,PNEUMONIA,2,test,936,760,RGB,82a2ced6dd98305040a2812850550273,70b4b2b0b0f0f0c0
data/q1/Data/test/PNEUMONIA/PNEUMONIA(3559).jpg,PNEUMONIA,2,test,1192,864,RGB,9e1b68bd0849a5c953464e7507fd5fdc,d092b2b2f0f0f0d0
data/q1/Data/test/PNEUMONIA/PNEUMONIA(3560).jpg,PNEUMONIA,2,test,856,464,RGB,37d6824ae09b9c37967df928d332cf18,60d494b0b0b0b0f8
data/q1/Data/test/PNEUMONIA/PNEUMONIA(3561).jpg,PNEUMONIA,2,test,848,504,RGB,d1552ee67ffcabad0f7e2a95fd3f3f2a,84b4b4b4b0b0f0f0
data/q1/Data/test/PNEUMONIA/PNEUMONIA(3562).jpg,PNEUMONIA,2,test,1287,653,RGB,124af86633d1a88f886722a6c72443a7,d292b2b8b8b8f8d8
data/q1/Data/test/PNEUMONIA/PNEUMONIA(3563).jpg,PNEUMONIA,2,test,828,485,RGB,d60322206d47702e56e9be8fc36ef626,92b2b2b03078f0f0
data/q1/Data/test/PNEUMONIA/PNEUMONIA(3565).jpg,PNEUMONIA,2,test,864,535,RGB,94878e49d8fb1ec0013c674cf706d7da,d292b3b1b071f0f0
data/q1/Data/test/PNEUMONIA/PNEUMONIA(3566).jpg,PNEUMONIA,2,test,990,614,RGB,c3af9b8ecccf411aec49500b17dbe0db,96b2b2bab879f8d8
data/q1/Data/test/PNEUMONIA/PNEUMONIA(3569).jpg,PNEUMONIA,2,test,999,664,RGB,bc70076b27bdaebb41f176ee3e4d2c7b,f4b6b2b2b0b970f0
data/q1/Data/test/PNEUMONIA/PNEUMONIA(3570).jpg,PNEUMONIA,2,test,904,560,RGB,e3dcade9701bf256c8f26d666cc1ec0b,faf6f2f0b0b0b0f0
data/q1/Data/test/PNEUMONIA/PNEUMONIA(3571).jpg,PNEUMONIA,2,test,1318,901,RGB,3b764ca3ac6dd764bfb6eb957e0ae0b2,e0d4b0b0b0b0f0c0
data/q1/Data/test/PNEUMONIA/PNEUMONIA(3572).jpg,PNEUMONIA,2,test,1110,744,RGB,fa07dba5b9ce6b55527470bd9770465f,f0d0d2b2f8f8f8f0
data/q1/Data/test/PNEUMONIA/PNEUMONIA(3573).jpg,PNEUMONIA,2,test,1136,784,RGB,749c0eae16ab1cf336148f9228f71152,70f0f0f0f0f0e0d0
data/q1/Data/test/PNEUMONIA/PNEUMONIA(3574).jpg,PNEUMONIA,2,test,1179,888,RGB,90ccd3e0af1bb16905046e8a3acdabd2,f8d0b2b2b0f0f0f0
data/q1/Data/test/PNEUMONIA/PNEUMONIA(3575).jpg,PNEUMONIA,2,test,1160,824,RGB,e7d13d232109ea4876b54412e30eaf77,f0f0d4f0f0b0f0f0
data/q1/Data/test/PNEUMONIA/PNEUMONIA(3576).jpg,PNEUMONIA,2,test,1008,704,RGB,2c17eb8fb38760b6ede5d5b36151fc42,70f0d4f0f0f0f0f0
data/q1/Data/test/PNEUMONIA/PNEUMONIA(3577).jpg,PNEUMONIA,2,test,1144,592,RGB,ee3c69893b3962c437acd7cfd086ffb1,f1f1f1f1f1f1d1c4
data/q1/Data/test/PNEUMONIA/PNEUMONIA(3578).jpg,PNEUMONIA,2,test,1558,1096,RGB,2e8b60e5662ec5f41f877f389bcfd839,30b4b6b2b2b0f0f0
data/q1/Data/test/PNEUMONIA/PNEUMONIA(3579).jpg,PNEUMONIA,2,test,1225,655,RGB,e107bdcd2a69c2dc81966f3df12e0bbe,e0d4d0f0f0f0f0f8
data/q1/Data/test/PNEUMONIA/PNEUMONIA(3580).jpg,PNEUMONIA,2,test,1406,912,RGB,a0881e20e181562cc490b294f75a0237,f8d4d2b0b0b0f0f8
data/q1/Data/test/PNEUMONIA/PNEUMONIA(3581).jpg,PNEUMONIA,2,test,864,544,RGB,f72ff7dcf169c0254092e97f658f4b3d,e0e4a4b0b0b0b0f4
data/q1/Data/test/PNEUMONIA/PNEUMONIA(3583).jpg,PNEUMONIA,2,test,992,608,RGB,36a0d29d0b4fe1f38681074ab4f7b252,d4f0f0b0b0f0d090
data/q1/Data/test/PNEUMONIA/PNEUMONIA(3585).jpg,PNEUMONIA,2,test,1189,720,RGB,d12eca7120f896cc1207e9040ef04c36,b2b2b27070f0f0d8
data/q1/Data/test/PNEUMONIA/PNEUMONIA(3586).jpg,PNEUMONIA,2,test,1198,768,RGB,775bfa42d7df1e8cfba05c27362e5ec0,d0d4b2b2f0f0f0f0
data/q1/Data/test/PNEUMONIA/PNEUMONIA(3587).jpg,PNEUMONIA,2,test,1024,624,RGB,6cb75ad719b1fe14e1383d1e1f335fe9,e4f4f4f4f4f0f0f0
data/q1/Data/test/PNEUMONIA/PNEUMONIA(3589).jpg,PNEUMONIA,2,test,864,480,RGB,eb9d7ced08eaab70325240ab41359b80,78d0d4f2b2b2f2f0
data/q1/Data/test/PNEUMONIA/PNEUMONIA(3590).jpg,PNEUMONIA,2,test,1264,896,RGB,99285e32d9b77f16c96b1a01fc95b9a6,e4b434b0b0b0f0d0
data/q1/Data/test/PNEUMONIA/PNEUMONIA(3591).jpg,PNEUMONIA,2,test,928,656,RGB,abbb0a674238d09a82e870d8ec695eca,f0d4d0f0f0b0b0f0
data/q1/Data/test/PNEUMONIA/PNEUMONIA(3593).jpg,PNEUMONIA,2,test,1064,809,RGB,8c08713cf7b98a031030f4dffdfc2da0,f8d6b2b0f0f0f0f4
data/q1/Data/test/PNEUMONIA/PNEUMONIA(3594).jpg,PNEUMONIA,2,test,1035,684,RGB,fcd5d09cf273ea3f4ec03c5cd8213286,d0d2d2b2b0f0d0d0
data/q1/Data/test/PNEUMONIA/PNEUMONIA(3595).jpg,PNEUMONIA,2,test,1216,872,RGB,005e9c16095317036877f42509d08e58,73717558d0d0d0e4
data/q1/Data/test/PNEUMONIA/PNEUMONIA(3596).jpg,PNEUMONIA,2,test,1464,1296,RGB,c92e04ea5dcbb39624de1a8fa7d8060a,639496b2b2b2d0f0
data/q1/Data/test/PNEUMONIA/PNEUMONIA(3597).jpg,PNEUMONIA,2,test,1080,720,RGB,05d3bca869c42bd0fe6a303b20ca0225,f8f0d4f4b0b0b0d0
data/q1/Data/test/PNEUMONIA/PNEUMONIA(3598).jpg,PNEUMONIA,2,test,807,544,RGB,c4928e7194cf0199e7d6d231f6689388,f0b4b2b2f078f0f0
data/q1/Data/test/PNEUMONIA/PNEUMONIA(3599).jpg,PNEUMONIA,2,test,1320,792,RGB,e4eedb7a75d6ff7d1676570e28ea8014,f0b4b6b232b2b0b0
data/q1/Data/test/PNEUMONIA/PNEUMONIA(3600).jpg,PNEUMONIA,2,test,936,684,RGB,a39030f37700ad359323a694d6618511,d4b4b0b0b0f0d2c2
data/q1/Data/test/PNEUMONIA/PNEUMONIA(3602).jpg,PNEUMONIA,2,test,1515,1120,RGB,132e48f7e17cc32400e6ad3f9377cf50,f0b4b6b2f2f0f0d0
data/q1/Data/test/PNEUMONIA/PNEUMONIA(3603).jpg,PNEUMONIA,2,test,1016,576,RGB,ac8b4b5355a092ebf04fbb75e1fb85b0,d0d4d0f0b0b0e0e0
data/q1/Data/test/PNEUMONIA/PNEUMONIA(3604).jpg,PNEUMONIA,2,test,976,552,RGB,0713c6054434a13ca7fdce5db65459c6,f0f0b0b0b0b0f0f0
data/q1/Data/test/PNEUMONIA/PNEUMONIA(3605).jpg,PNEUMONIA,2,test,874,435,RGB,903e86bb5d100255a8d1a77b2aaa4840,b2b2b0b0b0f0f0f0
data/q1/Data/test/PNEUMONIA/PNEUMONIA(3606).jpg,PNEUMONIA,2,test,944,608,RGB,b449ef1b320159fe6d226650dfd43f8e,f4d6b2b0b0b0f0f4
data/q1/Data/test/PNEUMONIA/PNEUMONIA(3607).jpg,PNEUMONIA,2,test,1016,656,RGB,5652622c1948f99a073b4eb81c0bd3f2,71f4b0b0b0f0f0d0
data/q1/Data/test/PNEUMONIA/PNEUMONIA(3608).jpg,PNEUMONIA,2,test,904,560,RGB,66379ba05b585dd052ad19678a18b183,f0d2b2b0b0b0f0f0
data/q1/Data/test/PNEUMONIA/PNEUMONIA(3609).jpg,PNEUMONIA,2,test,1175,728,RGB,2c31403774531e5cf3e84cf60eae7b2c,f4d6b2b0b0b0b0f0
data/q1/Data/test/PNEUMONIA/PNEUMONIA(3611).jpg,PNEUMONIA,2,test,992,736,RGB,a31e02821f55616f1a5837be57e85881,f8d8d2d2b0b0f0f0
data/q1/Data/test/PNEUMONIA/PNEUMONIA(3612).jpg,PNEUMONIA,2,test,877,523,RGB,b4e1bd7611bd2662d16132460927dc3e,96b2b0b0f0e4e2c2
data/q1/Data/test/PNEUMONIA/PNEUMONIA(3613).jpg,PNEUMONIA,2,test,810,391,RGB,5a9bd5a96948936778abe6b45cee27a8,d4f4b0b0b0f0d090
data/q1/Data/test/PNEUMONIA/PNEUMONIA(3614).jpg,PNEUMONIA,2,test,832,528,RGB,977745ceb80a9eef5c2d07a99a128b6c,f0b0b0b0b0b0f0f0
data/q1/Data/test/PNEUMONIA/PNEUMONIA(3615).jpg,PNEUMONIA,2,test,856,577,RGB,ac5a5bc74e14c49bf847e9cf214b27ab,da92b2b0b0f0f193
data/q1/Data/test/PNEUMONIA/PNEUMONIA(3616).jpg,PNEUMONIA,2,test,1064,632,RGB,718151e0c85052b9e573426ebb5a03b7,f0d0b0b0b0b0f0f0
data/q1/Data/test/PNEUMONIA/PNEUMONIA(3619).jpg,PNEUMONIA,2,test,1624,1128,RGB,9fa70528fd1fe13979ba85d682d028d5,f094b2b2b0b0d0a4
data/q1/Data/test/PNEUMONIA/PNEUMONIA(3620).jpg,PNEUMONIA,2,test,1243,1044,RGB,8cdca0d79392f47f8d5b86af64908201,f8f8d2d0b0f0f0c4
data/q1/Data/test/PNEUMONIA/PNEUMONIA(3621).jpg,PNEUMONIA,2,test,705,373,RGB,f88c7933c575d8ad3003beaaaf284920,e4e4e0e0f0f0f0f0
data/q1/Data/test/PNEUMONIA/PNEUMONIA(3622).jpg,PNEUMONIA,2,test,944,696,RGB,7b1cf617a22baddb5b10c7d750ca6437,70d2b0b8b8bcf4f4
data/q1/Data/test/PNEUMONIA/PNEUMONIA(3623).jpg,PNEUMONIA,2,test,969,632,RGB,959eb8744c35e20183b6bbb94bd47ad2,70f0dad8d8f8f8f8
data/q1/Data/test/PNEUMONIA/PNEUMONIA(3624).jpg,PNEUMONIA,2,test,1668,1145,RGB,c0761e63b858afe7d9829be0ce6d5501,c094b4b232b090c0
data/q1/Data/test/PNEUMONIA/PNEUMONIA(3625).jpg,PNEUMONIA,2,test,1496,1040,RGB,958264d1c6398729b9cdb798cf7f87eb,f894b4b2b2b0f0e0
data/q1/Data/test/PNEUMONIA/PNEUMONIA(3626).jpg,PNEUMONIA,2,test,848,488,RGB,a262aeb438d6deab1a89b2f7fbeaa56d,7060f0d2f0f8f0f0
data/q1/Data/test/PNEUMONIA/PNEUMONIA(3628).jpg,PNEUMONIA,2,test,832,440,RGB,44a5397c79a9701ebd78b0dcfa44d918,e1e4f4b0b0b0f0f0
data/q1/Data/test/PNEUMONIA/PNEUMONIA(3629).jpg,PNEUMONIA,2,test,832,568,RGB,3b4bd70df7109a3fa0056e2876275903,7171f4f0b0f0f0f4
data/q1/Data/test/PNEUMONIA/PNEUMONIA(3631).jpg,PNEUMONIA,2,test,664,472,RGB,50192ee8a784a53815e368acb9122daa,f8f4f2f0f0f0f0f0
data/q1/Data/test/PNEUMONIA/PNEUMONIA(3632).jpg,PNEUMONIA,2,test,947,542,RGB,ad6dec85010e30c7a975e8ef5a94d82c,e8f4d4f0b0b0f0f0
data/q1/Data/test/PNEUMONIA/PNEUMONIA(3634).jpg,PNEUMONIA,2,test,789,469,RGB,a4403a413a32716c1bcb77f7b5103759,b0b0b0f0f0f0f0e4
data/q1/Data/test/PNEUMONIA/PNEUMONIA(3635).jpg,PNEUMONIA,2,test,1171,859,RGB,e681c0ec26cde35a086042fbe8b92cd0,62d4b4b2b0b0f0d0
data/q1/Data/test/PNEUMONIA/PNEUMONIA(3636).jpg,PNEUMONIA,2,test,1072,800,RGB,53a85d130776f2f31763ae8043e24510,b9d9d0d2f0f0e0e0
data/q1/Data/test/PNEUMONIA/PNEUMONIA(3637).jpg,PNEUMONIA,2,test,1384,792,RGB,60bd7c724f282153383cb48cf945d203,e0edc4f4b4f0f0c0
data/q1/Data/test/PNEUMONIA/PNEUMONIA(3638).jpg,PNEUMONIA,2,test,1408,992,RGB,e077521af4b0470112197f9a979fe24e,e1d8d2f2f2f0d0d0
data/q1/Data/test/PNEUMONIA/PNEUMONIA(3640).jpg,PNEUMONIA,2,test,1256,880,RGB,198a6ffe42f79198758916ebc5ce6a0f,e0e8e9e0e0f0e4c4
data/q1/Data/test/PNEUMONIA/PNEUMONIA(3641).jpg,PNEUMONIA,2,test,1112,688,RGB,8ec27d0222669db7feb4718f08bdc8ff,3150507430307070
data/q1/Data/test/PNEUMONIA/PNEUMONIA(3642).jpg,PNEUMONIA,2,test,947,763,RGB,140e4cbbf9462957b06b1e4898f775ee,70f4b2b8b0b0b0f0
data/q1/Data/test/PNEUMONIA/PNEUMONIA(3643).jpg,PNEUMONIA,2,test,872,528,RGB,02d405b1f5b5c25922fbc8905613835d,f0d2f2b0b0b0f0d4
data/q1/Data/test/PNEUMONIA/PNEUMONIA(3644).jpg,PNEUMONIA,2,test,1136,1024,RGB,e5f19bb6812590310364d3f15cfe4fc5,cce4e8dad0c0e0c4
data/q1/Data/test/PNEUMONIA/PNEUMONIA(3646).jpg,PNEUMONIA,2,test,992,736,RGB,c08dfe0732768870c3744bd1dbf196e5,f1d2b2b0b0b4f0d4
data/q1/Data/test/PNEUMONIA/PNEUMONIA(3647).jpg,PNEUMONIA,2,test,1000,728,RGB,46e7d0218729a934cbeec469dad65b39,78d0f0b0b0f4e0e4
data/q1/Data/test/PNEUMONIA/PNEUMONIA(3648).jpg,PNEUMONIA,2,test,1032,824,RGB,81792837322b6067af9bbb0f8ec58b3b,789292b2b0b0f0a4
data/q1/Data/test/PNEUMONIA/PNEUMONIA(3649).jpg,PNEUMONIA,2,test,1148,805,RGB,0f472dfb1680c1289756a6680aa9ef71,f890b2b0b030f0f4
data/q1/Data/test/PNEUMONIA/PNEUMONIA(3650).jpg,PNEUMONIA,2,test,1220,886,RGB,b99743d4b008bf2aa46d60a71168ac53,f4d2b2b0b0f0f4f2
data/q1/Data/test/PNEUMONIA/PNEUMONIA(3651).jpg,PNEUMONIA,2,test,800,640,RGB,b2bbf2c6e6de05e8f242c76a683744af,f8d0d2b3f9f1f1e0
data/q1/Data/test/PNEUMONIA/PNEUMONIA(3652).jpg,PNEUMONIA,2,test,920,552,RGB,f2ddf4a50b14c9f26f601ab61a7ab82c,f0d0b0b0b0f0f0e0
data/q1/Data/test/PNEUMONIA/PNEUMONIA(3653).jpg,PNEUMONIA,2,test,992,800,RGB,8912ed82d47b62d9d0a535bb64d2d425,70d8b0b0b8f8e0e0
data/q1/Data/test/PNEUMONIA/PNEUMONIA(3654).jpg,PNEUMONIA,2,test,1240,912,RGB,4d050f867f7127a64987a26ef9082f05,71d0f0f0f0f0f0e4
data/q1/Data/test/PNEUMONIA/PNEUMONIA(3655).jpg,PNEUMONIA,2,test,1008,640,RGB,8fa73f2d0a2c274002f335a2c00cfed2,7050d2d0f0b0f0d0
data/q1/Data/test/PNEUMONIA/PNEUMONIA(3656).jpg,PNEUMONIA,2,test,823,459,RGB,92ca87d32787b645dba83f4ac9d73f99,f0f0f0f0f0f2d1c0
data/q1/Data/test/PNEUMONIA/PNEUMONIA(3657).jpg,PNEUMONIA,2,test,1192,808,RGB,badf024068b8444b1c802e4ec1487c27,70f092b2b2b8b880
data/q1/Data/test/PNEUMONIA/PNEUMONIA(3658).jpg,PNEUMONIA,2,test,984,648,RGB,c553819774f0b800e71b63de59e49f27,f1f5f1f1b1f1d0d4
data/q1/Data/test/PNEUMONIA/PNEUMONIA(3659).jpg,PNEUMONIA,2,test,1016,632,RGB,04727e76e026d851829216a17b43790d,e8f4b4b0b0f0f0f0
data/q1/Data/test/PNEUMONIA/PNEUMONIA(3660).jpg,PNEUMONIA,2,test,850,560,RGB,aab594685d8ece47d8e74e3f4c574fa8,b2b331317070f4f4
data/q1/Data/test/PNEUMONIA/PNEUMONIA(3661).jpg,PNEUMONIA,2,test,929,440,RGB,213f61d2b6fd07280a48e91e052b2d34,f0f0b2b0f0f0f0d2
data/q1/Data/test/PNEUMONIA/PNEUMONIA(3662).jpg,PNEUMONIA,2,test,928,752,RGB,0b8014dfb6df0ab71669cd0855157445,30d2d2f2f0f0f0f0
data/q1/Data/test/PNEUMONIA/PNEUMONIA(3663).jpg,PNEUMONIA,2,test,1273,917,RGB,f92ed24cf87490f6eefd025c5bf9c8cc,e0f4b4b2f0f0f0f0
data/q1/Data/test/PNEUMONIA/PNEUMONIA(3664).jpg,PNEUMONIA,2,test,1530,1010,RGB,2bda69f27a06eec184f7cbfaff1deabc,d894b6b27272d2c4
data/q1/Data/test/PNEUMONIA/PNEUMONIA(3666).jpg,PNEUMONIA,2,test,992,600,RGB,648a411b09507d4e46bfbe98d128c1cc,f2b6b4b0b0b1f0f2
data/q1/Data/test/PNEUMONIA/PNEUMONIA(3667).jpg,PNEUMONIA,2,test,1745,1535,RGB,c7cdd92fba79e59aed6107290160e459,c192b2b2b230f0f0
data/q1/Data/test/PNEUMONIA/PNEUMONIA(3668).jpg,PNEUMONIA,2,test,824,608,RGB,815435704909e3ebe3876e17e057539a,f0f4f5b4b4f0f0f0
data/q1/Data/test/PNEUMONIA/PNEUMONIA(3669).jpg,PNEUMONIA,2,test,1766,1403,RGB,1e4ff81850d3ffed2a2d5c72a570fb82,bb9692b2b2b1f1d0
data/q1/Data/test/PNEUMONIA/PNEUMONIA(3670).jpg,PNEUMONIA,2,test,936,624,RGB,c26f56f2a5c9dcaf7904859791d1b36a,d0d2929ab8b8f8f0
data/q1/Data/test/PNEUMONIA/PNEUMONIA(3671).jpg,PNEUMONIA,2,test,1136,728,RGB,9a67e6ed24da81377bfcff641a111f31,f0f6b2b0b0f0b0f0
data/q1/Data/test/PNEUMONIA/PNEUMONIA(3673).jpg,PNEUMONIA,2,test,1016,816,RGB,76a33d6d87a380a67006428c7e604e87,f0b2b0b0f0f0e4a4
data/q1/Data/test/PNEUMONIA/PNEUMONIA(3675).jpg,PNEUMONIA,2,test,992,712,RGB,dc6276a24adc56f0df36ac852b1569ec,717150f0f470f070
data/q1/Data/test/PNEUMONIA/PNEUMONIA(3676).jpg,PNEUMONIA,2,test,1622,1202,RGB,25931ee65abb3d7e3e7126c255f1e940,b2f8d4f2b0f0e0f0
data/q1/Data/test/PNEUMONIA/PNEUMONIA(3677).jpg,PNEUMONIA,2,test,889,569,RGB,2e69f3fbdf59f435dd805d79ffb1c948,92b2b2b03030e4e4
data/q1/Data/test/PNEUMONIA/PNEUMONIA(3678).jpg,PNEUMONIA,2,test,952,600,RGB,2bd700a3812454d444feb565cb99e66d,fcb4b4b4b4b0f0f0
data/q1/Data/test/PNEUMONIA/PNEUMONIA(3679).jpg,PNEUMONIA,2,test,1016,560,RGB,5c5046b293d1008a0248b3e86ef52b06,f9d1f1f0b0f0e0e0
data/q1/Data/test/PNEUMONIA/PNEUMONIA(3680).jpg,PNEUMONIA,2,test,1016,560,RGB,f513788d8703d284f9847e80a3eaa981,71d5b5b5b5f4f4d0
data/q1/Data/test/PNEUMONIA/PNEUMONIA(3681).jpg,PNEUMONIA,2,test,896,488,RGB,20f7ff67c2e2189c4ebdbb8da31147eb,f9d0d0f0f0f0b0f0
data/q1/Data/test/PNEUMONIA/PNEUMONIA(3682).jpg,PNEUMONIA,2,test,944,576,RGB,2f6b67f77bec95d1de7cb5669f6e0011,7171f0b0b0b0f0d0
data/q1/Data/test/PNEUMONIA/PNEUMONIA(3683).jpg,PNEUMONIA,2,test,1070,736,RGB,4db945e57603ffdc4e64bc6a8419c943,e0d2b2b0b0f0f0f0
data/q1/Data/test/PNEUMONIA/PNEUMONIA(3684).jpg,PNEUMONIA,2,test,1138,624,RGB,8fbc4bcf538469e1b209f112f695285a,f4d4f0b0b0b0f0c2
data/q1/Data/test/PNEUMONIA/PNEUMONIA(3685).jpg,PNEUMONIA,2,test,1214,739,RGB,ddb640d7dd6ffdb3e1a2a741f3d42139,d4b6b2b2b2b8b8b8
data/q1/Data/test/PNEUMONIA/PNEUMONIA(3686).jpg,PNEUMONIA,2,test,928,552,RGB,61fb9b1d8b153110a5677b264509e96d,f0d0d4b4b0b0f0d0
data/q1/Data/test/PNEUMONIA/PNEUMONIA(3687).jpg,PNEUMONIA,2,test,1064,616,RGB,e4ec63f96eef23c582b02817d84c9ee3,d4b2b2b0b0b0f0f0
data/q1/Data/test/PNEUMONIA/PNEUMONIA(3688).jpg,PNEUMONIA,2,test,888,568,RGB,81aac2801d52bcd9d2574c2bb6305730,f8f8d0d0b0b0f0f0
data/q1/Data/test/PNEUMONIA/PNEUMONIA(3689).jpg,PNEUMONIA,2,test,944,784,RGB,49e49f10b2d86e4b9852653afa6a1dbd,d8d898bcbcbcf4e4
data/q1/Data/test/PNEUMONIA/PNEUMONIA(3690).jpg,PNEUMONIA,2,test,645,462,RGB,9fe603a23409d218368d3ada903531a0,d2f2b0b0f0d0f0e2
data/q1/Data/test/PNEUMONIA/PNEUMONIA(3691).jpg,PNEUMONIA,2,test,848,632,RGB,f400e4f6a45a61276c769960b4acb5bd,785ad2f8b0b8f0f0
data/q1/Data/test/PNEUMONIA/PNEUMONIA(3692).jpg,PNEUMONIA,2,test,930,587,RGB,7bfd0fac7cc1263e8f4b6962f3899991,dad2f0b0b0f0f0e0
data/q1/Data/test/PNEUMONIA/PNEUMONIA(3693).jpg,PNEUMONIA,2,test,856,512,RGB,f2e26745a3143799c248bf01b00cf0cb,c4e4f0b0b0b0f0f0
data/q1/Data/test/PNEUMONIA/PNEUMONIA(3694).jpg,PNEUMONIA,2,test,800,608,RGB,851edcca9fbf7d18c1ed62358e390940,f0e4b6b2b2b2f0f0
data/q1/Data/test/PNEUMONIA/PNEUMONIA(3695).jpg,PNEUMONIA,2,test,800,552,RGB,a4097f32dc804e81ed8fe160a35e9d4d,78f4f4b0b0b0f0f0
data/q1/Data/test/PNEUMONIA/PNEUMONIA(3696).jpg,PNEUMONIA,2,test,1974,1720,RGB,f1401e18e776be97ff19e1a47fbceb28,2b9692b2b2b2f0c6
data/q1/Data/test/PNEUMONIA/PNEUMONIA(3697).jpg,PNEUMONIA,2,test,709,500,RGB,a587bba1e6d42df3d21fb58ed25f31e9,92b2b9b170f0f0f0
data/q1/Data/test/PNEUMONIA/PNEUMONIA(3698).jpg,PNEUMONIA,2,test,912,712,RGB,b91ab65ecd0d3e03c65ad6005db70840,e0f0b4b0b0bcb4f6
data/q1/Data/test/PNEUMONIA/PNEUMONIA(3699).jpg,PNEUMONIA,2,test,734,307,RGB,993af7ad5fcdcea67ae2359455292aca,b6b2b2b2b8b8f8f0
data/q1/Data/test/PNEUMONIA/PNEUMONIA(3700).jpg,PNEUMONIA,2,test,1032,800,RGB,c4ddad089ebcf9fad7a58aa86ceb878d,f1f1d1f1f1b0f0f0
data/q1/Data/test/PNEUMONIA/PNEUMONIA(3701).jpg,PNEUMONIA,2,test,824,656,RGB,8858a345a88d748b6374f2f825cd3a92,7070b0b0b0b0b0c4
data/q1/Data/test/PNEUMONIA/PNEUMONIA(3702).jpg,PNEUMONIA,2,test,928,656,RGB,331f6c6c2f071966555af340931e944e,71f0f0b0b0b0f0f0
data/q1/Data/test/PNEUMONIA/PNEUMONIA(3703).jpg,PNEUMONIA,2,test,952,664,RGB,fb3b94a67ac718800d8f6fda688e7140,b8d0d0b0b0b0f0f0
data/q1/Data/test/PNEUMONIA/PNEUMONIA(3704).jpg,PNEUMONIA,2,test,1055,925,RGB,b5f19b8dc11bf879d52985de52b95f2d,72b4b4b0b0b0f0e4
data/q1/Data/test/PNEUMONIA/PNEUMONIA(3707).jpg,PNEUMONIA,2,test,760,512,RGB,225942aea9fbf0735f17ea2065d89b63,f0f4d4b0b0b0f0e4
data/q1/Data/test/PNEUMONIA/PNEUMONIA(3709).jpg,PNEUMONIA,2,test,816,584,RGB,8c9678b7d4fde46103128c6417066512,f174f0f0f4b0f8f8
data/q1/Data/test/PNEUMONIA/PNEUMONIA(3710).jpg,PNEUMONIA,2,test,1055,701,RGB,4ba8680f3ff6ef92b55176c5e08a2024,f8d0d2f2b0b0f0f0
data/q1/Data/test/PNEUMONIA/PNEUMONIA(3711).jpg,PNEUMONIA,2,test,1358,921,RGB,73488eb6be407ab2601fddc873c5cb3d,e8b6b2b2b0f0f0f0
data/q1/Data/test/PNEUMONIA/PNEUMONIA(3712).jpg,PNEUMONIA,2,test,1008,664,RGB,adce9531d4dd0f9c036d8edfeec5e80b,f0d0d0f0f0b0f0f0
data/q1/Data/test/PNEUMONIA/PNEUMONIA(3713).jpg,PNEUMONIA,2,test,1636,1210,RGB,f1efb54bd095dfc01772f61bb70ee937,f0d2d2d0f0f8f8f0
data/q1/Data/test/PNEUMONIA/PNEUMONIA(3714).jpg,PNEUMONIA,2,test,848,584,RGB,6dbcbf87f9734cab99232bd5a59f47d6,71f4f0f0b0b0f0f0
data/q1/Data/test/PNEUMONIA/PNEUMONIA(3715).jpg,PNEUMONIA,2,test,904,672,RGB,6b51e0ef5fc83261c51ebd56caa8f294,e0a4b0f0f0f0f0f2
data/q1/Data/test/PNEUMONIA/PNEUMONIA(3716).jpg,PNEUMONIA,2,test,1024,528,RGB,f99ab089851e6fe2193619fd83513cec,f5d0d0f0f0f0f0f0
data/q1/Data/test/PNEUMONIA/PNEUMONIA(3718).jpg,PNEUMONIA,2,test,768,480,RGB,2fe939d5f66c25252b4baed053005476,f1f8f0e0f0f0f0f0
data/q1/Data/test/PNEUMONIA/PNEUMONIA(3719).jpg,PNEUMONIA,2,test,1166,1025,RGB,2d6f308ae5d9e9c5241169fb6e522774,e8d2b2b0f070f4b4
data/q1/Data/test/PNEUMONIA/PNEUMONIA(3720).jpg,PNEUMONIA,2,test,1296,1242,RGB,4a32679e9e4f72478d9e8812e64d5ba6,70b6b2b0b0b0f0f0
data/q1/Data/test/PNEUMONIA/PNEUMONIA(3722).jpg,PNEUMONIA,2,test,1320,1056,RGB,41905cdfb198d013589d968adf9bb80e,60b4b2b2b0b0b0f0
data/q1/Data/test/PNEUMONIA/PNEUMONIA(3723).jpg,PNEUMONIA,2,test,1256,960,RGB,f5f9e0abdbf4b4f9d73fe1e2f5b9b882,71d6b2b2b0b0b0f0
data/q1/Data/test/PNEUMONIA/PNEUMONIA(3725).jpg,PNEUMONIA,2,test,1528,968,RGB,5eb239d62280b48463d2e40ac10d170c,f49496b2b2b0f0d0
data/q1/Data/test/PNEUMONIA/PNEUMONIA(3726).jpg,PNEUMONIA,2,test,1176,760,RGB,44ab02b6fd36ed3f6056c9f1ff24a294,59d4b2b2b2b0f0e0
data/q1/Data/test/PNEUMONIA/PNEUMONIA(3727).jpg,PNEUMONIA,2,test,1584,1184,RGB,6d3056475f424ba93908068eb5ff344a,726cb4b4b2b0b0f0
data/q1/Data/test/PNEUMONIA/PNEUMONIA(3728).jpg,PNEUMONIA,2,test,1008,680,RGB,0e6fe4e2852a1ad3d6880448fc1b2a51,f1f0fcfcfcf8e0e0
data/q1/Data/test/PNEUMONIA/PNEUMONIA(3729).jpg,PNEUMONIA,2,test,1857,1533,RGB,4e6a4f4ec3f2eab3a94cfd318e8e9a28,f2d292b2b2b0f0d0
data/q1/Data/test/PNEUMONIA/PNEUMONIA(3730).jpg,PNEUMONIA,2,test,1360,1016,RGB,85c70e71c6f2d360bfff95194cd6b561,b8d292b2b2b2b0b0
data/q1/Data/test/PNEUMONIA/PNEUMONIA(3731).jpg,PNEUMONIA,2,test,1098,651,RGB,85a49ad4121564b42beb823fd8ba090b,e8f4d2d2d0d8d8f8
data/q1/Data/test/PNEUMONIA/PNEUMONIA(3732).jpg,PNEUMONIA,2,test,1216,928,RGB,78b1fa8ef84ef26e9ac5d51e3b683d78,f09292b2b2b2d084
data/q1/Data/test/PNEUMONIA/PNEUMONIA(3733).jpg,PNEUMONIA,2,test,1399,898,RGB,279f90260adc39ba19dda36dd52f945b,e0f4b6b2b0b0b0f8
data/q1/Data/test/PNEUMONIA/PNEUMONIA(3734).jpg,PNEUMONIA,2,test,985,585,RGB,674f7cf009fe769d1912b19655b8967c,9292b2b0b0f0d4d0
data/q1/Data/test/PNEUMONIA/PNEUMONIA(3735).jpg,PNEUMONIA,2,test,1464,1044,RGB,e1f5663d85a72a69b6c47fe8c8af50ca,e0f0f4f0f0f0f0e0
data/q1/Data/test/PNEUMONIA/PNEUMONIA(3736).jpg,PNEUMONIA,2,test,1275,947,RGB,cf3643208d7a616977ee1a5fc3a5aa82,717092b2b0f0f0f0
data/q1/Data/test/PNEUMONIA/PNEUMONIA(3737).jpg,PNEUMONIA,2,test,800,512,RGB,02b3b1f5e1afed57cb63c266afb9b2a9,f8d8f0b0b0f0f0f0
data/q1/Data/test/PNEUMONIA/PNEUMONIA(3738).jpg,PNEUMONIA,2,test,982,573,RGB,fab9581c2c5c962f5e884759888de5d2,d298b8b8f8f8f0f0
data/q1/Data/test/PNEUMONIA/PNEUMONIA(3742).jpg,PNEUMONIA,2,test,1040,752,RGB,11726a8417724a0437d573ffdf951162,f1f0d4b4b0b0b0f0
data/q1/Data/test/PNEUMONIA/PNEUMONIA(3743).jpg,PNEUMONIA,2,test,883,559,RGB,b4cca8703aef4ab87f3b6cae7e66f711,d292b2b0b0b1f0e2
data/q1/Data/test/PNEUMONIA/PNEUMONIA(3744).jpg,PNEUMONIA,2,test,1152,944,RGB,887bb2a9b41c6c379c1375e184f86a1c,73f4b2b2b2b0f0d2
data/q1/Data/test/PNEUMONIA/PNEUMONIA(3745).jpg,PNEUMONIA,2,test,1024,696,RGB,391d2814335f3b5d5c71fe2f94e15aa7,70b2b2b2f0f0f0f0
data/q1/Data/test/PNEUMONIA/PNEUMONIA(3746).jpg,PNEUMONIA,2,test,1048,752,RGB,d37888acb1f9a162c5ced33effa70b8b,71b2b2b2f0f0f0f0
data/q1/Data/test/PNEUMONIA/PNEUMONIA(3747).jpg,PNEUMONIA,2,test,1032,856,RGB,83fedabca2ec651c1ccaa313f20509bd,f0b2b2f271f0d090
data/q1/Data/test/PNEUMONIA/PNEUMONIA(3748).jpg,PNEUMONIA,2,test,1272,896,RGB,a1362829e000c8d2238d980125884731,f1f0b2b2f0f0f8d0
data/q1/Data/test/PNEUMONIA/PNEUMONIA(3749).jpg,PNEUMONIA,2,test,1285,971,RGB,ce7301b181ea670ba86632999c496391,f0f2b2f0f0f0f0f0
data/q1/Data/test/PNEUMONIA/PNEUMONIA(3750).jpg,PNEUMONIA,2,test,838,498,RGB,e8d0004718d3f9faba55f94129cb06c4,b4b4b2b2b2f2d0d8
data/q1/Data/test/PNEUMONIA/PNEUMONIA(3751).jpg,PNEUMONIA,2,test,1040,504,RGB,29beca9d49748ef597af11bf821525db,20f4f4b0b0b0f0f0
data/q1/Data/test/PNEUMONIA/PNEUMONIA(3752).jpg,PNEUMONIA,2,test,952,528,RGB,46932f6b4cb27ab681216e1928847d93,f0d4f4b0b0b0d290
data/q1/Data/test/PNEUMONIA/PNEUMONIA(3753).jpg,PNEUMONIA,2,test,1320,840,RGB,15c8c85c7b0e697b78b98b03d206c993,f15175f0f0f0d1d1
data/q1/Data/test/PNEUMONIA/PNEUMONIA(3754).jpg,PNEUMONIA,2,test,984,552,RGB,0d90295422862335c15b4f5386337ebb,e0e1e4f0f0b0f0f0
data/q1/Data/test/PNEUMONIA/PNEUMONIA(3756).jpg,PNEUMONIA,2,test,984,760,RGB,3bc1b5ebed5bfa8ff46aa7bced74262c,e0d4d4b0b0f0e0e2
data/q1/Data/test/PNEUMONIA/PNEUMONIA(3757).jpg,PNEUMONIA,2,test,920,736,RGB,b45b8ebda2e7214dada4f2c3901ef936,e0d4b4b0b0f0d2c2
data/q1/Data/test/PNEUMONIA/PNEUMONIA(3758).jpg,PNEUMONIA,2,test,1040,724,RGB,6fe8f40c7d33432a9d97aebb17def447,f8d092b0b0b0f0f4
data/q1/Data/test/PNEUMONIA/PNEUMONIA(3759).jpg,PNEUMONIA,2,test,1047,685,RGB,84caf9c29272dafeb1b89035894a1667,e8f4b2b2b0b0f0f2
data/q1/Data/test/PNEUMONIA/PNEUMONIA(3761).jpg,PNEUMONIA,2,test,942,674,RGB,59e438095c17d5be2cc538d6bcb69144,db9bb9b9d9d8f0f0
data/q1/Data/test/PNEUMONIA/PNEUMONIA(3762).jpg,PNEUMONIA,2,test,887,535,RGB,a108e33e42842b8dbf31e27087be2c3e,f494b2b0b0f0f0f2
data/q1/Data/test/PNEUMONIA/PNEUMONIA(3763).jpg,PNEUMONIA,2,test,895,516,RGB,81136926e65e8029cb35324e41096baf,d2d2b0b0b0f0f0e2
data/q1/Data/test/PNEUMONIA/PNEUMONIA(3764).jpg,PNEUMONIA,2,test,1000,792,RGB,f572b3a47904366672cf24d0d13bd17a,f8d0d4f0b0b0f0e0
data/q1/Data/test/PNEUMONIA/PNEUMONIA(3766).jpg,PNEUMONIA,2,test,944,632,RGB,c2ad2711cb62b6449d61931a85a690a3,7070f0f0f0f0e8e0
data/q1/Data/test/PNEUMONIA/PNEUMONIA(3767).jpg,PNEUMONIA,2,test,992,608,RGB,63ff70afb9f4bfc9606e63f5b1e4f9dd,f0f0f1f1f1f0f0d0
data/q1/Data/test/PNEUMONIA/PNEUMONIA(3768).jpg,PNEUMONIA,2,test,944,552,RGB,82fe3a18c9aaf043ee591f4985a6bf17,f2f2f0f0f0f0f0f0
data/q1/Data/test/PNEUMONIA/PNEUMONIA(3769).jpg,PNEUMONIA,2,test,968,728,RGB,a84547915844e58ef998655074bb6614,f0f070f0f0f0f0f0
data/q1/Data/test/PNEUMONIA/PNEUMONIA(3770).jpg,PNEUMONIA,2,test,1240,928,RGB,1c4e721804dd565a94e45b795027563a,70d692b2b2b2b090
data/q1/Data/test/PNEUMONIA/PNEUMONIA(3771).jpg,PNEUMONIA,2,test,1368,928,RGB,dae3f625f4ba65856fe4c3bc888edd0c,73f092b2b0b0d0b0
data/q1/Data/test/PNEUMONIA/PNEUMONIA(3772).jpg,PNEUMONIA,2,test,1573,959,RGB,dd43e1bb629d7ed54625c019e64f575d,b892da9ab2b0f0f0
data/q1/Data/test/PNEUMONIA/PNEUMONIA(3774).jpg,PNEUMONIA,2,test,1008,656,RGB,150ac15ffb9632e91dd2047117b1d224,70f1d1f0f0f0f0f0
data/q1/Data/test/PNEUMONIA/PNEUMONIA(3775).jpg,PNEUMONIA,2,test,995,604,RGB,935363cc8a588a1428e702361933ff5a,5adaf0b0b0f0f0f0
data/q1/Data/test/PNEUMONIA/PNEUMONIA(3776).jpg,PNEUMONIA,2,test,894,610,RGB,a67fdb4918f392c117228cf4ddb90f6d,78d2d2f2f0b0f8c8
data/q1/Data/test/PNEUMONIA/PNEUMONIA(3777).jpg,PNEUMONIA,2,test,1064,688,RGB,13aa5ce10a3d722a6128495b208adb12,b8bcf074f0f0f0f0
data/q1/Data/test/PNEUMONIA/PNEUMONIA(3779).jpg,PNEUMONIA,2,test,904,848,RGB,11ea0fb3542e26f4692514e97cfd858d,bed0d2d2b0f0d894
data/q1/Data/test/PNEUMONIA/PNEUMONIA(3780).jpg,PNEUMONIA,2,test,992,712,RGB,6be8a208ac036129910e2199a90d1d2f,e0d4d4d4f4b0f084
data/q1/Data/test/PNEUMONIA/PNEUMONIA(3781).jpg,PNEUMONIA,2,test,2160,2304,RGB,baa37aeeb034839e895f99d225f09ffb,e4b6b2b0f4f4d6f2
data/q1/Data/test/PNEUMONIA/PNEUMONIA(3782).jpg,PNEUMONIA,2,test,2096,1864,RGB,d516aab6d8d6c213586776b83103118a,f4b2b2b0b0f0f4d4
data/q1/Data/test/PNEUMONIA/PNEUMONIA(3784).jpg,PNEUMONIA,2,test,1000,688,RGB,29513300c06f97722d62c8334154dc4d,f0f0f078f8f8f8f0
data/q1/Data/test/PNEUMONIA/PNEUMONIA(3785).jpg,PNEUMONIA,2,test,937,533,RGB,d033b4185c70a61cb8bf74003188ce6c,b4b4b2b0b0b0f0f0
data/q1/Data/test/PNEUMONIA/PNEUMONIA(3786).jpg,PNEUMONIA,2,test,1040,560,RGB,2db6fdd3c822080e0c954e3d5ac20421,70f4f0f0f0f0f0f0
data/q1/Data/test/PNEUMONIA/PNEUMONIA(3787).jpg,PNEUMONIA,2,test,1064,736,RGB,034d36c2a13c9e1e1652256bdc1d5c6d,f0f0d4d4f0b4b0b4
data/q1/Data/test/PNEUMONIA/PNEUMONIA(3788).jpg,PNEUMONIA,2,test,1064,624,RGB,eef7f658af0f4cedfb3d7017f0bf5e40,f1f4f4f1f0f0f0f0
data/q1/Data/test/PNEUMONIA/PNEUMONIA(3789).jpg,PNEUMONIA,2,test,1000,808,RGB,bfe92792ab57b6c69d9f8e2e6f58c490,3070d4b0b0f0f0f0
data/q1/Data/test/PNEUMONIA/PNEUMONIA(3790).jpg,PNEUMONIA,2,test,1080,728,RGB,fdad29b8dbb038ceb3899dd2867acb3f,795555f1b1b1f1f1
data/q1/Data/test/PNEUMONIA/PNEUMONIA(3791).jpg,PNEUMONIA,2,test,1016,760,RGB,11cac781a3a0f01ad67d917f1be9b0fc,f1e0b4b0b0b0f0d0
data/q1/Data/test/PNEUMONIA/PNEUMONIA(3792).jpg,PNEUMONIA,2,test,936,600,RGB,8b6cf980a17fa5c5c7d50cff8a7ad077,e0e4b4f0f0b0b0f0
data/q1/Data/test/PNEUMONIA/PNEUMONIA(3793).jpg,PNEUMONIA,2,test,1056,696,RGB,a46a4d892df00e1260db76c58632c915,7194b4b0b0b0f0c0
data/q1/Data/test/PNEUMONIA/PNEUMONIA(3794).jpg,PNEUMONIA,2,test,1105,731,RGB,39ca0d4141aa8929d5d5e273754a8e4b,e1f4b2b2b0b0f0f0
data/q1/Data/test/PNEUMONIA/PNEUMONIA(3795).jpg,PNEUMONIA,2,test,960,576,RGB,e6dacfd364474a030dc01c92df9f28fb,e4682464647070f0
data/q1/Data/test/PNEUMONIA/PNEUMONIA(3796).jpg,PNEUMONIA,2,test,856,648,RGB,c0aef58a110264cd1e7418a5e5c49e3b,81a4b0b0b0b0f0f0
data/q1/Data/test/PNEUMONIA/PNEUMONIA(3797).jpg,PNEUMONIA,2,test,877,513,RGB,b9cdb19af01a6dd5148001e24ea8a4ae,929292b2b0f0f0f4
data/q1/Data/test/PNEUMONIA/PNEUMONIA(3798).jpg,PNEUMONIA,2,test,936,624,RGB,3687cfef995c94a9ba2e7eb029ec725c,70d492b2b0b0b0f0
data/q1/Data/test/PNEUMONIA/PNEUMONIA(3799).jpg,PNEUMONIA,2,test,1016,616,RGB,9c995c6928d8fb9c2a92e83a8c6a3ad3,787070707070f0c0
data/q1/Data/test/PNEUMONIA/PNEUMONIA(3800).jpg,PNEUMONIA,2,test,1744,1312,RGB,d1d8cdadcc136682835e4f60365196c9,b09092b8b8d0f0f0
data/q1/Data/test/PNEUMONIA/PNEUMONIA(3801).jpg,PNEUMONIA,2,test,968,672,RGB,0d46931e94e56980518c2ed28eba361e,7950d4d0f0f0f0f0
data/q1/Data/test/PNEUMONIA/PNEUMONIA(3802).jpg,PNEUMONIA,2,test,840,548,RGB,441e86df2d1d2874766b60d82a59dbb1,9abbb2b831f1d1d0
data/q1/Data/test/PNEUMONIA/PNEUMONIA(3803).jpg,PNEUMONIA,2,test,1016,736,RGB,5e2f848a784675141df95552aeb3de9d,e0f4d0f0f0b0b0f0
data/q1/Data/test/PNEUMONIA/PNEUMONIA(3804).jpg,PNEUMONIA,2,test,795,427,RGB,4f7dc19a29337d5a698e57e201e1d5b8,b6b2b0b07171e4e6
data/q1/Data/test/PNEUMONIA/PNEUMONIA(3805).jpg,PNEUMONIA,2,test,1924,1497,RGB,7b46e37ccfa7bde373086c09a9887412,a0f0b4b0b0b0f0f0
data/q1/Data/test/PNEUMONIA/PNEUMONIA(3806).jpg,PNEUMONIA,2,test,1075,817,RGB,e0593ac9428e8900cd30eff487f2f089,f0d2d2b2b0b0b1f8
data/q1/Data/test/PNEUMONIA/PNEUMONIA(3807).jpg,PNEUMONIA,2,test,920,544,RGB,0c9bde80c385848061947b6f8816c35f,f0d0d0d0f0f8f8f8
data/q1/Data/test/PNEUMONIA/PNEUMONIA(3808).jpg,PNEUMONIA,2,test,1008,592,RGB,f90e604a47955c8dac8098e5e4098184,f1f4f0f0f0f0f0f0
data/q1/Data/test/PNEUMONIA/PNEUMONIA(3809).jpg,PNEUMONIA,2,test,912,520,RGB,840abe4a53f592d98071a5b963631764,f1b5b0b0b0b0b0f0
data/q1/Data/test/PNEUMONIA/PNEUMONIA(3810).jpg,PNEUMONIA,2,test,854,543,RGB,765d1d41a0617c937329e987e1cb8d8a,b0b2b0b07070e0e4
data/q1/Data/test/PNEUMONIA/PNEUMONIA(3811).jpg,PNEUMONIA,2,test,912,640,RGB,14eacdd1b1699fe07f2c98903acf1dd8,e0e5a4b0b0b0f0f0
data/q1/Data/test/PNEUMONIA/PNEUMONIA(3812).jpg,PNEUMONIA,2,test,1360,984,RGB,83f820d40a3c1e7c8bcb65cdf5374009,74969292b0b0f0c4
data/q1/Data/test/PNEUMONIA/PNEUMONIA(3813).jpg,PNEUMONIA,2,test,1240,1048,RGB,153d40003dfdc6180b3f3a238c320d6b,73311692b0b0b0e4
data/q1/Data/test/PNEUMONIA/PNEUMONIA(3814).jpg,PNEUMONIA,2,test,1434,1080,RGB,7a2d617913e6922c8f0523d4b8c51e99,d69292b1b0b0f0f0
data/q1/Data/test/PNEUMONIA/PNEUMONIA(3816).jpg,PNEUMONIA,2,test,944,640,RGB,53c91d42e122aae8636261a800dfc8d5,f8f0d8f0f0f0f0f0
data/q1/Data/test/PNEUMONIA/PNEUMONIA(3817).jpg,PNEUMONIA,2,test,842,496,RGB,fc3a0a72135081397eb727f4baa05de4,32b2b2b230f0f0d8
data/q1/Data/test/PNEUMONIA/PNEUMONIA(3818).jpg,PNEUMONIA,2,test,992,552,RGB,f29d84b21228a62d3742aa645186d500,f0d4d4f0b0b0b0f0
data/q1/Data/test/PNEUMONIA/PNEUMONIA(3819).jpg,PNEUMONIA,2,test,1240,552,RGB,ab262ddb75124b1ea06c7dc92dde627c,f0d4545450505050
data/q1/Data/test/PNEUMONIA/PNEUMONIA(3820).jpg,PNEUMONIA,2,test,1000,592,RGB,6ee3ec91c7f95358419beddc27be96ef,71f0d0f5b1b0e0c4
data/q1/Data/test/PNEUMONIA/PNEUMONIA(3822).jpg,PNEUMONIA,2,test,1088,712,RGB,82665b05c2d8dc550e1bdc4f6003177b,e0e9b1b0f0f0f0f0
data/q1/Data/test/PNEUMONIA/PNEUMONIA(3824).jpg,PNEUMONIA,2,test,1216,728,RGB,7980eeadf4e358c7f96dce375d057a93,f0d450f0f0f0f0f0
data/q1/Data/test/PNEUMONIA/PNEUMONIA(3825).jpg,PNEUMONIA,2,test,856,568,RGB,44b5899b9f3ccf9daac590bfd6986af4,f8b4b6b2b2f0f0f0
data/q1/Data/test/PNEUMONIA/PNEUMONIA(3826).jpg,PNEUMONIA,2,test,968,600,RGB,1bc0661c7dc33282ceec1f6c8ce1fcdb,e2d6d0f0f0f0f0f0
data/q1/Data/test/PNEUMONIA/PNEUMONIA(3827).jpg,PNEUMONIA,2,test,1650,1591,RGB,51c9cce74541d76f00a3fa896ededb50,f89093b0b0f0f0f0
data/q1/Data/test/PNEUMONIA/PNEUMONIA(3829).jpg,PNEUMONIA,2,test,896,512,RGB,c8b913bcadc4134f572410a8961a6ab6,f8f0d0f0f2b0f0f0
data/q1/Data/test/PNEUMONIA/PNEUMONIA(3830).jpg,PNEUMONIA,2,test,1144,793,RGB,2d29fab80381f536a096ad136e31be52,79d094b0b0b0f0f0
data/q1/Data/test/PNEUMONIA/PNEUMONIA(3831).jpg,PNEUMONIA,2,test,861,626,RGB,ff326f91abd5572073740abdfc0eb4cd,d0d8f0f0f0b0b0f0
data/q1/Data/test/PNEUMONIA/PNEUMONIA(3832).jpg,PNEUMONIA,2,test,752,576,RGB,a179484927bb89136ce0c4e9e41675fa,b0b0b0f0f0f0f0f0
data/q1/Data/test/PNEUMONIA/PNEUMONIA(3833).jpg,PNEUMONIA,2,test,1008,848,RGB,552e40408ef1053e0c228ecece2213f9,f9f1d2b0b0f0f0f0
data/q1/Data/test/PNEUMONIA/PNEUMONIA(3834).jpg,PNEUMONIA,2,test,1224,704,RGB,2d2557ddd8f05574b1bed0cfb54b377b,735151f0f0f0f0f0
data/q1/Data/test/PNEUMONIA/PNEUMONIA(3835).jpg,PNEUMONIA,2,test,1024,872,RGB,38925f831adf19837919224a32f6ad21,61f1b0b0b0f0f094
data/q1/Data/test/PNEUMONIA/PNEUMONIA(3836).jpg,PNEUMONIA,2,test,1155,820,RGB,4e88cb285a5645aed6205b00b99ce00d,f192b2b0b0b0f0dc
data/q1/Data/test/PNEUMONIA/PNEUMONIA(3837).jpg,PNEUMONIA,2,test,1021,784,RGB,0a5147cda582bb6a8af8e96515aa402d,94b2b2323171f090
data/q1/Data/test/PNEUMONIA/PNEUMONIA(3838).jpg,PNEUMONIA,2,test,1330,1073,RGB,1810315e7d7918d0e3c32b809a616d36,f8f0f8d8d8f8f0c4
data/q1/Data/test/PNEUMONIA/PNEUMONIA(3841).jpg,PNEUMONIA,2,test,1312,1144,RGB,16d4f3c5d75346fcd9287c4118f7d62c,70d092b2b2f0f0e0
data/q1/Data/test/PNEUMONIA/PNEUMONIA(3842).jpg,PNEUMONIA,2,test,1308,977,RGB,068efb967d82c5dc224b1ad5cf499123,73f0f0d4f0f0f0e4
data/q1/Data/test/PNEUMONIA/PNEUMONIA(3843).jpg,PNEUMONIA,2,test,912,536,RGB,be4dd12cdcf89143c64bf78047bc0a26,f0f8d2d2d2b0f0e0
data/q1/Data/test/PNEUMONIA/PNEUMONIA(3844).jpg,PNEUMONIA,2,test,1080,720,RGB,5a285f223cfe2c606eb82cbe4a387dd6,f1d5d0f0f0f0f8d8
data/q1/Data/test/PNEUMONIA/PNEUMONIA(3845).jpg,PNEUMONIA,2,test,1000,816,RGB,559df4b804417a06b96ea064814d55c5,70d092b8b0f0e0e4
data/q1/Data/test/PNEUMONIA/PNEUMONIA(3846).jpg,PNEUMONIA,2,test,1419,1094,RGB,5b877dea7b284d99c91e14f57567cc5e,e0e0f4b0f0b0f0c0
data/q1/Data/test/PNEUMONIA/PNEUMONIA(3847).jpg,PNEUMONIA,2,test,1940,1469,RGB,e1ff1ae211669870021ee8163a92ec9d,328cb6b2b2b0b0d4
data/q1/Data/test/PNEUMONIA/PNEUMONIA(3848).jpg,PNEUMONIA,2,test,1080,584,RGB,2c483bf49dded0a72fde050ecb7e5fdc,e0d4d0f0f0f0b0f0
data/q1/Data/test/PNEUMONIA/PNEUMONIA(3849).jpg,PNEUMONIA,2,test,1224,736,RGB,43ea82aabec8d5fa884af4eff7aa4488,f0d4d2d2d2d0d2d0
data/q1/Data/test/PNEUMONIA/PNEUMONIA(3850).jpg,PNEUMONIA,2,test,728,368,RGB,7cc2a1f2d65f8bd214c27eeb36a633ff,f2b4b4b6b2b2b0b0
data/q1/Data/test/PNEUMONIA/PNEUMONIA(3851).jpg,PNEUMONIA,2,test,864,464,RGB,37f007177afd6034630b900705242ab8,f0e4f4b4b0b0b0f4
data/q1/Data/test/PNEUMONIA/PNEUMONIA(3853).jpg,PNEUMONIA,2,test,1016,544,RGB,47af60447d2225e1490c102a104e48a9,7065757070547470
data/q1/Data/test/PNEUMONIA/PNEUMONIA(3855).jpg,PNEUMONIA,2,test,936,568,RGB,3d65b0116c2d10a2c24abf9d217a9b43,337355f17170f0f0
data/q1/Data/test/PNEUMONIA/PNEUMONIA(3857).jpg,PNEUMONIA,2,test,955,643,RGB,9bef63e01f7f5d2208dadb52509ed601,e8d4d4b0b0b0f0f0
data/q1/Data/test/PNEUMONIA/PNEUMONIA(3858).jpg,PNEUMONIA,2,test,1592,1144,RGB,780348a5796c7654f75594583c2ffa88,32b494b0b0b0f0f0
data/q1/Data/test/PNEUMONIA/PNEUMONIA(3859).jpg,PNEUMONIA,2,test,1657,1145,RGB,07537c8a9b0db98bc6cfc45815c1226c,6674a4b4b0b0f0d0
data/q1/Data/test/PNEUMONIA/PNEUMONIA(3861).jpg,PNEUMONIA,2,test,1144,848,RGB,1d9a8b29aaa99a8d06b2032f71eecf9e,a0f4b4b0b0b2b0f0
data/q1/Data/test/PNEUMONIA/PNEUMONIA(3862).jpg,PNEUMONIA,2,test,1212,959,RGB,f131ade0148392efe93d8e53880ef858,e0d092b0b0b0f0f0
data/q1/Data/test/PNEUMONIA/PNEUMONIA(3863).jpg,PNEUMONIA,2,test,878,584,RGB,4864dbee56b444f07df5d1ad1b7a6ad2,d4d2929ab898f0f8
data/q1/Data/test/PNEUMONIA/PNEUMONIA(3865).jpg,PNEUMONIA,2,test,1072,752,RGB,49a2ea6c6bfc94e8ee1b43b0a7fe8121,f0f0d2b2b0b0f0d2
data/q1/Data/test/PNEUMONIA/PNEUMONIA(3866).jpg,PNEUMONIA,2,test,920,512,RGB,8efabd00a1005f88290ff7bde6fcd27b,b0f4d0d0d0f0f0f0
data/q1/Data/test/PNEUMONIA/PNEUMONIA(3868).jpg,PNEUMONIA,2,test,1248,944,RGB,524721a43437daf57f7a872f7303cb21,b0d093b2b0f0e0f0
data/q1/Data/test/PNEUMONIA/PNEUMONIA(3869).jpg,PNEUMONIA,2,test,2016,2184,RGB,a448dd3e8a2ee277fb23f6f2226b12bd,7192b2b0b0f0f4d6
data/q1/Data/test/PNEUMONIA/PNEUMONIA(3871).jpg,PNEUMONIA,2,test,1224,896,RGB,b0046a18c1ea6e55fe99feaee31f7d62,6165f5f0f0f0f8d8
data/q1/Data/test/PNEUMONIA/PNEUMONIA(3872).jpg,PNEUMONIA,2,test,932,588,RGB,44305cd126a29cbdbe1d6e470596b8c6,f4b0b0f0f8f8f8d2
data/q1/Data/test/PNEUMONIA/PNEUMONIA(3873).jpg,PNEUMONIA,2,test,1033,697,RGB,000e3bcb795e663ad03eadf92d55c57d,d2daf8f8f8f0f0f0
data/q1/Data/test/PNEUMONIA/PNEUMONIA(3874).jpg,PNEUMONIA,2,test,1200,824,RGB,f5c43d13b910fa0aef43436334d35766,c0e1f1f1f0f0f0f0
data/q1/Data/test/PNEUMONIA/PNEUMONIA(3875).jpg,PNEUMONIA,2,test,985,621,RGB,aec3e7e0652fcae5bea65dbabd097e18,92b2b0b8b0f0d0d2
data/q1/Data/test/PNEUMONIA/PNEUMONIA(3876).jpg,PNEUMONIA,2,test,1384,1021,RGB,2f86e62d6a83bae53b43da43544932bf,f896b2b2b2b0f0d0
data/q1/Data/test/PNEUMONIA/PNEUMONIA(3877).jpg,PNEUMONIA,2,test,1171,971,RGB,86e16ac4f5722f4a8dcb489e08eedf48,f0d2b8b0f070f0f0
data/q1/Data/test/PNEUMONIA/PNEUMONIA(3878).jpg,PNEUMONIA,2,test,745,467,RGB,4d2c3ecce9f12b63ee874bfd62599a68,f8b8b0b8b8f0d0f0
data/q1/Data/test/PNEUMONIA/PNEUMONIA(3879).jpg,PNEUMONIA,2,test,1295,847,RGB,49f5d8b06f941bb1bdc037d69b24dbeb,62e8b4b4b0b0f0d4
data/q1/Data/test/PNEUMONIA/PNEUMONIA(3880).jpg,PNEUMONIA,2,test,1064,504,RGB,3e9fddaf57b99818dde81230ee6b41f3,f3d1f1f1f1f1f0f0
data/q1/Data/test/PNEUMONIA/PNEUMONIA(3881).jpg,PNEUMONIA,2,test,1133,731,RGB,01e5d35bf91f14b565cf9dc5724a0c14,f0d6d2d2f8b0b0f0
data/q1/Data/test/PNEUMONIA/PNEUMONIA(3882).jpg,PNEUMONIA,2,test,1416,1344,RGB,af85fa7c4aa3d50ff10c498cd53fa7d2,b8d8dbf0f2f2d6b4
data/q1/Data/test/PNEUMONIA/PNEUMONIA(3883).jpg,PNEUMONIA,2,test,1216,1152,RGB,0e533b384287d9af182fc0308a5153f4,f0b2b0f074b6b6a6
data/q1/Data/test/PNEUMONIA/PNEUMONIA(3884).jpg,PNEUMONIA,2,test,1672,1352,RGB,d318a2647115a77b0602abdbd9671296,31d4b2b2b2b0b0c4
data/q1/Data/test/PNEUMONIA/PNEUMONIA(3885).jpg,PNEUMONIA,2,test,1132,821,RGB,cb53acd3d7700c04d42c34eb5e454bbe,71d8d8d8f8b8f8f0
data/q1/Data/test/PNEUMONIA/PNEUMONIA(3886).jpg,PNEUMONIA,2,test,1746,1523,RGB,4c3066ad42339b1a342bd9405c92c3d6,b1d2b2b0b0b0f0f4
data/q1/Data/test/PNEUMONIA/PNEUMONIA(3887).jpg,PNEUMONIA,2,test,1224,928,RGB,7c0201ba3f68aef1d6ccca549e4d57fd,62e1e4b0f0f0f0e4
data/q1/Data/test/PNEUMONIA/PNEUMONIA(3888).jpg,PNEUMONIA,2,test,1008,688,RGB,8e30b05f5bab7fd2d727f256c4a2a0d0,d8d0d2b0b0f0d080
data/q1/Data/test/PNEUMONIA/PNEUMONIA(3889).jpg,PNEUMONIA,2,test,1144,824,RGB,dd1c81ea9053647c7c8ade8f6c718a2f,30d0d2f0f0f0f0f0
data/q1/Data/test/PNEUMONIA/PNEUMONIA(3890).jpg,PNEUMONIA,2,test,1104,640,RGB,7a703e281a22eb5fb15f69d296cbc017,d0d2f0f0f0b0f0f0
data/q1/Data/test/PNEUMONIA/PNEUMONIA(3892).jpg,PNEUMONIA,2,test,1152,832,RGB,5e8ca0130e2ec3d334f4203d4273979e,335351f0b0f0f0f0
data/q1/Data/test/PNEUMONIA/PNEUMONIA(3894).jpg,PNEUMONIA,2,test,1248,880,RGB,daac68fb78844b068685193b33e822dc,f1d0d4b2b0f0f0e0
data/q1/Data/test/PNEUMONIA/PNEUMONIA(3895).jpg,PNEUMONIA,2,test,872,608,RGB,25c3b63663bfc667f880ac4b0ac91b8b,62d1b6b4b2b2b2f0
data/q1/Data/test/PNEUMONIA/PNEUMONIA(3896).jpg,PNEUMONIA,2,test,2000,1688,RGB,112a9696fe578cfc0d7e1d600eca3037,0b96b2b2b232f0d0
data/q1/Data/test/PNEUMONIA/PNEUMONIA(3897).jpg,PNEUMONIA,2,test,1824,1632,RGB,01f49d72fdfaef2d3055a7a075bbd53f,73b2b2b2b2b0b0f0
data/q1/Data/test/PNEUMONIA/PNEUMONIA(3898).jpg,PNEUMONIA,2,test,1401,933,RGB,4e2a7c8e224ac4d523c69588d3f9786e,f2f0b4b0e0f0e0e0
data/q1/Data/test/PNEUMONIA/PNEUMONIA(3899).jpg,PNEUMONIA,2,test,1375,999,RGB,59eaaa8cba0ee1ac403f301dc519376d,aad0d0b2b2b0f0e4
data/q1/Data/test/PNEUMONIA/PNEUMONIA(3900).jpg,PNEUMONIA,2,test,968,499,RGB,d234fd025b6ddcc4a66fbf9ccb47eacd,dadab2bab0b0f1f0
data/q1/Data/test/PNEUMONIA/PNEUMONIA(3901).jpg,PNEUMONIA,2,test,1080,600,RGB,40f2fb2c5016ba450f292888e35caab9,52d6d2f2f0b0f0c4
data/q1/Data/test/PNEUMONIA/PNEUMONIA(3902).jpg,PNEUMONIA,2,test,1910,1806,RGB,6fa49d29ba3035c7bc524f0032a5bf6d,f09612b2b2b0b0fa
data/q1/Data/test/PNEUMONIA/PNEUMONIA(3904).jpg,PNEUMONIA,2,test,1399,1052,RGB,34e8644b72f18946660d49a754759472,f0f1d4d0f0f0f8f0
data/q1/Data/test/PNEUMONIA/PNEUMONIA(3905).jpg,PNEUMONIA,2,test,1184,864,RGB,d4c7261167e28d042eb7feaf33f15e07,617094b0b0b0b0f0
data/q1/Data/test/PNEUMONIA/PNEUMONIA(3906).jpg,PNEUMONIA,2,test,700,463,RGB,94c45526093795c98354c4ce758c7b41,9292b2b2b2b0d0d0
data/q1/Data/test/PNEUMONIA/PNEUMONIA(3907).jpg,PNEUMONIA,2,test,1072,816,RGB,2bb9ee0e42d31f4af76c7cc37d2ccdc5,70d292b2b0b0f0f0
data/q1/Data/test/PNEUMONIA/PNEUMONIA(3908).jpg,PNEUMONIA,2,test,864,528,RGB,2b8759f7a458f64e3b37ccf5b1322d65,6058d2b2b090c0f0
data/q1/Data/test/PNEUMONIA/PNEUMONIA(3909).jpg,PNEUMONIA,2,test,1072,603,RGB,b2650d671fde8c1b02a0c05daf8b6716,9696b2b2b8b8f0f2
data/q1/Data/test/PNEUMONIA/PNEUMONIA(3910).jpg,PNEUMONIA,2,test,912,584,RGB,df56b2c6585537c1c1bc5a136c4e0e8f,f8f4d4f0f0b0f0d0
data/q1/Data/test/PNEUMONIA/PNEUMONIA(3911).jpg,PNEUMONIA,2,test,1048,480,RGB,60dcc64e90dd83a549178283405bc47e,f174d4d4f0b0b0f0
data/q1/Data/test/PNEUMONIA/PNEUMONIA(3912).jpg,PNEUMONIA,2,test,888,344,RGB,5b478eebdef6d8eb8de5fe1defa72510,d0d0f4b0b0b0b0f0
data/q1/Data/test/PNEUMONIA/PNEUMONIA(3913).jpg,PNEUMONIA,2,test,848,600,RGB,8787148af24acb63b45683fc3f583a3c,fcd5f0f0b0b4f0f0
data/q1/Data/test/PNEUMONIA/PNEUMONIA(3914).jpg,PNEUMONIA,2,test,1520,984,RGB,18d47e2662ed6f7ef4ad21ba1829f8e9,b0b4d4f0b0b0f0f4
data/q1/Data/test/PNEUMONIA/PNEUMONIA(3915).jpg,PNEUMONIA,2,test,1472,1048,RGB,1fa52f2a4b057d23f6b57df39766e721,b2d0d4d0f2b0f0f0
data/q1/Data/test/PNEUMONIA/PNEUMONIA(3916).jpg,PNEUMONIA,2,test,1128,752,RGB,ef8a7958c4020956088a0da8219b39a0,71f4b4b2b0b0f0f0
data/q1/Data/test/PNEUMONIA/PNEUMONIA(3917).jpg,PNEUMONIA,2,test,1708,1175,RGB,69e908f0ccdc3e9eda4ba33453277ec5,d994b6b23231f094
data/q1/Data/test/PNEUMONIA/PNEUMONIA(3918).jpg,PNEUMONIA,2,test,920,472,RGB,1f5974597dc234a2cc9c18b051ff40ed,f0f494b0b0f8f8f0
data/q1/Data/test/PNEUMONIA/PNEUMONIA(3919).jpg,PNEUMONIA,2,test,888,488,RGB,e5ddea523446681f6221897f8c9435e3,f8d0d8f8f8f8f0f0
data/q1/Data/test/PNEUMONIA/PNEUMONIA(3920).jpg,PNEUMONIA,2,test,1152,752,RGB,c13fdb318075789fe7f2cc16da431251,f8d0d4f0f2f0f0d0
data/q1/Data/test/PNEUMONIA/PNEUMONIA(3921).jpg,PNEUMONIA,2,test,843,484,RGB,b7c9e621385ea7433d39adc146e72cdd,b6b2b2b0b9b1b0f8
data/q1/Data/test/PNEUMONIA/PNEUMONIA(3922).jpg,PNEUMONIA,2,test,1008,632,RGB,a629b6957fece1235edec2a3e21ebdbe,71f1f1f1f1f1e1e4
data/q1/Data/test/PNEUMONIA/PNEUMONIA(3924).jpg,PNEUMONIA,2,test,928,536,RGB,91f1247f2a6fc986062ba59a8a3a9896,7170d4d0f0f0f0f0
data/q1/Data/test/PNEUMONIA/PNEUMONIA(3925).jpg,PNEUMONIA,2,test,936,496,RGB,92d8368a1fd39431a95ed7a59bc98b20,70d4f4b0b0b0f0f0
data/q1/Data/test/PNEUMONIA/PNEUMONIA(3926).jpg,PNEUMONIA,2,test,840,464,RGB,5cfbc7a9461bf64525e4d6f41bf60973,71f5b4b0b0f0f0f0
data/q1/Data/test/PNEUMONIA/PNEUMONIA(3927).jpg,PNEUMONIA,2,test,952,568,RGB,9efa55376466b7653bc249623efc1a81,60717470707070d0
data/q1/Data/test/PNEUMONIA/PNEUMONIA(3930).jpg,PNEUMONIA,2,test,1040,664,RGB,5c97d170b86390914831be8228924951,d0d290b0b0b0f0e0
data/q1/Data/test/PNEUMONIA/PNEUMONIA(3931).jpg,PNEUMONIA,2,test,1160,752,RGB,35ccaa2b9c5b95cd322396a0a1cab15b,f1f1b4b2b2b0f0f0
data/q1/Data/test/PNEUMONIA/PNEUMONIA(3932).jpg,PNEUMONIA,2,test,896,528,RGB,ea58b8a161eafcc83a9d4db089cdd89e,f8d8f0f0b0b0e0e0
data/q1/Data/test/PNEUMONIA/PNEUMONIA(3933).jpg,PNEUMONIA,2,test,904,624,RGB,55e7ab748ef5f99cac62f1895e91ac15,e0b4b0b0b0b0f0f2
data/q1/Data/test/PNEUMONIA/PNEUMONIA(3934).jpg,PNEUMONIA,2,test,801,541,RGB,1524359533aa1d8f3a033505d5fc649c,d292b2b2b9f9d894
data/q1/Data/test/PNEUMONIA/PNEUMONIA(3935).jpg,PNEUMONIA,2,test,1698,1222,RGB,b5ea3b36364d6be6a73dd5cdb2ef3b7f,b2d4d6b2b2b2f0e0
data/q1/Data/test/PNEUMONIA/PNEUMONIA(3936).jpg,PNEUMONIA,2,test,1000,560,RGB,82b102b130baaa0544f6438eca3a6e2b,f0d0d8f4f4f4b0f4
data/q1/Data/test/PNEUMONIA/PNEUMONIA(3938).jpg,PNEUMONIA,2,test,896,480,RGB,48079c980fa7a351ea5c0f8fdf120f69,b0b0b0b0b0f0d0d0
data/q1/Data/test/PNEUMONIA/PNEUMONIA(3939).jpg,PNEUMONIA,2,test,928,392,RGB,b8e7b791e195f78f7680a51bcbdda579,6171f1f1f0f0f1f0
data/q1/Data/test/PNEUMONIA/PNEUMONIA(3940).jpg,PNEUMONIA,2,test,1664,1136,RGB,950b4da21b6b5658107c5b3aa11d9f67,b9e9f0f0f0f0f0d0
data/q1/Data/test/PNEUMONIA/PNEUMONIA(3942).jpg,PNEUMONIA,2,test,1752,1192,RGB,de374cc48b359549dcd04c556facd907,e0c4d4d090909cb4
data/q1/Data/test/PNEUMONIA/PNEUMONIA(3943).jpg,PNEUMONIA,2,test,1152,784,RGB,13e8f9c2f3ef0547d36589f13bc01cc0,b8f9d0d0f0f0d0d0
data/q1/Data/test/PNEUMONIA/PNEUMONIA(3944).jpg,PNEUMONIA,2,test,904,568,RGB,72ab2c9a96ca1a06efdb898fbde37767,e161f2d2f0b0d0d0
data/q1/Data/test/PNEUMONIA/PNEUMONIA(3945).jpg,PNEUMONIA,2,test,1656,1320,RGB,ffb28f8be97a2b413f5a9c106cdf89ed,e0d49090b4b4b4b2
data/q1/Data/test/PNEUMONIA/PNEUMONIA(3946).jpg,PNEUMONIA,2,test,1000,664,RGB,2f863f71f6dc540a9b80a4dbbecb4079,f0f4b4b0b0b0f0d0
data/q1/Data/test/PNEUMONIA/PNEUMONIA(3947).jpg,PNEUMONIA,2,test,760,440,RGB,0fdf583b1e4fd6d8c102647573cbc68b,f1d5b0b0b0b0f0e4
data/q1/Data/test/PNEUMONIA/PNEUMONIA(3948).jpg,PNEUMONIA,2,test,1041,897,RGB,eaddb2b9985cf3454e929e5a43346b21,f8d0bab0f070f0e4
data/q1/Data/test/PNEUMONIA/PNEUMONIA(3949).jpg,PNEUMONIA,2,test,968,712,RGB,6de8da899f3931980b879a4a102f5c64,71f1d1b4b0b0f0e0
data/q1/Data/test/PNEUMONIA/PNEUMONIA(3951).jpg,PNEUMONIA,2,test,1016,832,RGB,33bf73ea8920d102db9438ef9bf547c1,3151d0b0f0f0e0d4
data/q1/Data/test/PNEUMONIA/PNEUMONIA(3952).jpg,PNEUMONIA,2,test,864,560,RGB,c2341ead13ab7eb0aefe825d93861c36,f0b4b4b0b0b0f0f4
data/q1/Data/test/PNEUMONIA/PNEUMONIA(3955).jpg,PNEUMONIA,2,test,1080,552,RGB,c9d86ba50322abf1fca364e754af28f1,e2e0f1f1f0f0f0f0
data/q1/Data/test/PNEUMONIA/PNEUMONIA(3958).jpg,PNEUMONIA,2,test,1008,768,RGB,a9150529d8ab2a67436260f2ae16af8b,71d0d2b2b2b0f0d0
data/q1/Data/test/PNEUMONIA/PNEUMONIA(3959).jpg,PNEUMONIA,2,test,1283,878,RGB,afd20b71411fde765bfca2ce520b06c4,e2e4b4b2b0b0f0c8
data/q1/Data/test/PNEUMONIA/PNEUMONIA(3960).jpg,PNEUMONIA,2,test,1104,752,RGB,073442b4a86d2961388696aca3ab160e,f9d0d2b2b0f0f0f0
data/q1/Data/test/PNEUMONIA/PNEUMONIA(3961).jpg,PNEUMONIA,2,test,1616,1288,RGB,342b705c34434b6b5d06fddb4445d620,f0e0f6b0b0b0f0d0
data/q1/Data/test/PNEUMONIA/PNEUMONIA(3962).jpg,PNEUMONIA,2,test,936,688,RGB,358870454b8a6cc3082a1b21a1cfeebf,71f0d0d8f8b0b8f0
data/q1/Data/test/PNEUMONIA/PNEUMONIA(3963).jpg,PNEUMONIA,2,test,1432,944,RGB,23ad52d528884c6497a60763c59d2358,f8f0d0d0f0f4c4a4
data/q1/Data/test/PNEUMONIA/PNEUMONIA(3964).jpg,PNEUMONIA,2,test,1191,789,RGB,6c0b97105b1c0bbe51a8d1b502f06004,e0f4d4b4b0b0f0e4
data/q1/Data/test/PNEUMONIA/PNEUMONIA(3965).jpg,PNEUMONIA,2,test,1448,1072,RGB,3ded2125d0653e3d8391125402d56da5,f092b2b0b0f0f0f0
data/q1/Data/test/PNEUMONIA/PNEUMONIA(3966).jpg,PNEUMONIA,2,test,880,472,RGB,d0fd4147c252225bb9bdaca57f84fa34,5850d4b0b2b2b2d2
data/q1/Data/test/PNEUMONIA/PNEUMONIA(3967).jpg,PNEUMONIA,2,test,1980,1361,RGB,a17756cc53661589834c4e4abded4813,e892b2b2b0f0d0f0
data/q1/Data/test/PNEUMONIA/PNEUMONIA(3968).jpg,PNEUMONIA,2,test,952,600,RGB,e41e95b12fba261ac438b42a53301bad,e0f1d0f0f0f0f0f0
data/q1/Data/test/PNEUMONIA/PNEUMONIA(3969).jpg,PNEUMONIA,2,test,1808,1432,RGB,54ab4a61d5ff017817fe008e328b2431,f8f0d0d0f0f0e0a4
data/q1/Data/test/PNEUMONIA/PNEUMONIA(3970).jpg,PNEUMONIA,2,test,927,523,RGB,36c3939698cfee2e236889e86aba139a,b43030307070f0f0
data/q1/Data/test/PNEUMONIA/PNEUMONIA(3972).jpg,PNEUMONIA,2,test,952,544,RGB,c610b74a3010cd6417734c49bc3f6e68,61f0f0f0f0f0f0f0
data/q1/Data/test/PNEUMONIA/PNEUMONIA(3975).jpg,PNEUMONIA,2,test,1152,672,RGB,a0893885e3631091ad1acedec147d004,62f0f4f4f0f0f2f0
data/q1/Data/test/PNEUMONIA/PNEUMONIA(3977).jpg,PNEUMONIA,2,test,1159,1000,RGB,29b775b8cc6af45a30bdb80e230776d6,f0da92b2b0f0f0e0
data/q1/Data/test/PNEUMONIA/PNEUMONIA(3978).jpg,PNEUMONIA,2,test,944,568,RGB,6793a40d143cec88e410b47052d3ba9a,f1f1d0f0b0f0f0f0
data/q1/Data/test/PNEUMONIA/PNEUMONIA(3979).jpg,PNEUMONIA,2,test,920,520,RGB,b0452f1d7c3672f238b36155287aa586,f3d2d0b0f0f0f0f0
data/q1/Data/test/PNEUMONIA/PNEUMONIA(3980).jpg,PNEUMONIA,2,test,1176,776,RGB,30b62e4fdd18c2bd0192dcb3223c81a7,f8d4b0b2b0b0f0f0
data/q1/Data/test/PNEUMONIA/PNEUMONIA(3981).jpg,PNEUMONIA,2,test,824,584,RGB,22af7626d04cee13b9eb437270244c26,f0f0f4b2f2f2f0f0
data/q1/Data/test/PNEUMONIA/PNEUMONIA(3982).jpg,PNEUMONIA,2,test,904,672,RGB,cd2fb422d6fcb86417282fb8b31134d3,e0d4d2faf8f8d8d2
data/q1/Data/test/PNEUMONIA/PNEUMONIA(3983).jpg,PNEUMONIA,2,test,1432,944,RGB,ba4c68b0df128783bf621bf220e76a83,e094b6b2b2b0f0f0
data/q1/Data/test/PNEUMONIA/PNEUMONIA(3984).jpg,PNEUMONIA,2,test,1072,744,RGB,68efef4da8a1d610c0462e4cea06e212,f9f0f0f2f2f2f0f0
data/q1/Data/test/PNEUMONIA/PNEUMONIA(3985).jpg,PNEUMONIA,2,test,1220,944,RGB,cbb630c593027b8a4e0b19e5c275301f,f0d89ab2b2f2d0e0
data/q1/Data/test/PNEUMONIA/PNEUMONIA(3986).jpg,PNEUMONIA,2,test,1048,568,RGB,c48f2a39ccd17ba36ee5b4556ef9f837,70d4f0f0f0f0f0d0
data/q1/Data/test/PNEUMONIA/PNEUMONIA(3987).jpg,PNEUMONIA,2,test,952,672,RGB,be6c60056a8ffa8d0beb0157cdb0c1d3,70d5b2b0b0f0f0f0
data/q1/Data/test/PNEUMONIA/PNEUMONIA(3988).jpg,PNEUMONIA,2,test,952,632,RGB,fc12c099447aa00bb7bed2acde4f16ca,60d4f2f0b0b0f0d0
data/q1/Data/test/PNEUMONIA/PNEUMONIA(3989).jpg,PNEUMONIA,2,test,904,480,RGB,d74e3c32707c112f811dd6183ce3a6e4,f0f2d2f0f0f0d0d0
data/q1/Data/test/PNEUMONIA/PNEUMONIA(3990).jpg,PNEUMONIA,2,test,872,504,RGB,22b8a81c34f2f6dcd94add587496fb64,e4b6b2b2b0f0f0f0
data/q1/Data/test/PNEUMONIA/PNEUMONIA(3991).jpg,PNEUMONIA,2,test,1032,632,RGB,efd42dee25e37f12d90e0614ed0dc410,e1e5e5e0e0e0f0f4
data/q1/Data/test/PNEUMONIA/PNEUMONIA(3992).jpg,PNEUMONIA,2,test,1000,664,RGB,1561a773cb4679eb15e3afd7752d2fde,f0d4d4d0f0f0f0c0
data/q1/Data/test/PNEUMONIA/PNEUMONIA(3993).jpg,PNEUMONIA,2,test,908,536,RGB,74a95cf6c330b82293e8c7f1c27ee55d,e894b2b2b0b0f0f0
data/q1/Data/test/PNEUMONIA/PNEUMONIA(3994).jpg,PNEUMONIA,2,test,992,832,RGB,e2b09d66e80847fb6c43603b84dd8398,b8f4d0f0b0f0f0f0
data/q1/Data/test/PNEUMONIA/PNEUMONIA(3995).jpg,PNEUMONIA,2,test,1255,1056,RGB,d8fc85d92e4a7efe070faa9b057d4e81,d8d2b2b2f0f0f0f0
data/q1/Data/test/PNEUMONIA/PNEUMONIA(3996).jpg,PNEUMONIA,2,test,1000,664,RGB,c76b242c311fb971e22b5624160cb04a,e0f4d0b0b0f0d0d0
data/q1/Data/test/PNEUMONIA/PNEUMONIA(3998).jpg,PNEUMONIA,2,test,1193,936,RGB,3b473473a6f2a5fa3d19186cdf357a70,d4d2b2b2b0f0f0f0
data/q1/Data/test/PNEUMONIA/PNEUMONIA(3999).jpg,PNEUMONIA,2,test,904,536,RGB,91dc755dcfc93d1b59dbbba956f1dceb,f0b4b4b2b0b0f0d8
data/q1/Data/test/PNEUMONIA/PNEUMONIA(4001).jpg,PNEUMONIA,2,test,1104,832,RGB,ffdf637e9f47fd2390b188808976db67,71f0b4f0f2f2f0f0
data/q1/Data/test/PNEUMONIA/PNEUMONIA(4002).jpg,PNEUMONIA,2,test,1639,1184,RGB,0e1ead0379235dd4a7a9358bd7e0def1,62b4b4b2b2b0f0f0
data/q1/Data/test/PNEUMONIA/PNEUMONIA(4004).jpg,PNEUMONIA,2,test,992,616,RGB,a39c3dcf04ca93a1a5ea9ef79303c8cd,70f0d2f0b0b0f0f0
data/q1/Data/test/PNEUMONIA/PNEUMONIA(4005).jpg,PNEUMONIA,2,test,832,552,RGB,ce6bb2574a62c66b329210d92b537c44,f0d4b4b0b0b2d2b0
data/q1/Data/test/PNEUMONIA/PNEUMONIA(4006).jpg,PNEUMONIA,2,test,784,552,RGB,8b1390415d522116491957d14c58aac8,70f0d2f2b0b2b2f0
data/q1/Data/test/PNEUMONIA/PNEUMONIA(4007).jpg,PNEUMONIA,2,test,1607,1249,RGB,b962f5a08d5a0c2ed0155e7601dacee1,d894b6323230f0e0
data/q1/Data/test/PNEUMONIA/PNEUMONIA(4008).jpg,PNEUMONIA,2,test,1032,640,RGB,0ff240c1fc0156e55a05f2053e5da128,f1d0d4f0b0f0e0f0
data/q1/Data/test/PNEUMONIA/PNEUMONIA(4010).jpg,PNEUMONIA,2,test,1112,747,RGB,86f91210cdff9fbc1b9780ca206bf4e2,70d692b0b0b0f4f0
data/q1/Data/test/PNEUMONIA/PNEUMONIA(4011).jpg,PNEUMONIA,2,test,1490,840,RGB,1d5bc01f6eef6a1e763897ca325dca87,f0d4d4b0b0f0f0d0
data/q1/Data/test/PNEUMONIA/PNEUMONIA(4012).jpg,PNEUMONIA,2,test,1008,696,RGB,8c97e17baa4c80d4bd589b69048ba420,e0d4d290b0b0f0f4
data/q1/Data/test/PNEUMONIA/PNEUMONIA(4013).jpg,PNEUMONIA,2,test,912,552,RGB,a9b5f167848e7ae80c2bfc6f22995be5,e0f4b4b4b2f2f0b4
data/q1/Data/test/PNEUMONIA/PNEUMONIA(4014).jpg,PNEUMONIA,2,test,1016,744,RGB,f18c2808023fd80fb22178fa76dfdec4,e89696b2b2b29096
data/q1/Data/test/PNEUMONIA/PNEUMONIA(4015).jpg,PNEUMONIA,2,test,928,584,RGB,27cdba7e40278058d0e7485f2ad12e48,e0f1b4b4b2b2f0f0
data/q1/Data/test/PNEUMONIA/PNEUMONIA(4017).jpg,PNEUMONIA,2,test,1056,664,RGB,563f64006375ca2f73bc2456d52baeb8,b870d0f0f0f0f0d0
data/q1/Data/test/PNEUMONIA/PNEUMONIA(4018).jpg,PNEUMONIA,2,test,1067,672,RGB,17a62aeaae720f033c155dd9b80bf19f,e0f4d2b2b8b0f0f0
data/q1/Data/test/PNEUMONIA/PNEUMONIA(4019).jpg,PNEUMONIA,2,test,1666,1295,RGB,d246e95016fa6369f9a9c8d2e9d3cc75,d4b6b2b0b0b0f0f0
data/q1/Data/test/PNEUMONIA/PNEUMONIA(4021).jpg,PNEUMONIA,2,test,1064,808,RGB,581af0c82ec0500af2fa93cc8d693d3a,f8d2f2b2f0f0e0a0
data/q1/Data/test/PNEUMONIA/PNEUMONIA(4022).jpg,PNEUMONIA,2,test,1032,760,RGB,4754606ac92b012eb3ebec78ecf2de86,f9d0f2b2f0f0f0d4
data/q1/Data/test/PNEUMONIA/PNEUMONIA(4023).jpg,PNEUMONIA,2,test,1635,1130,RGB,d0990afdcc5f61aedae2a7fdd6d72b0f,9492b2b331317cf8
data/q1/Data/test/PNEUMONIA/PNEUMONIA(4024).jpg,PNEUMONIA,2,test,1024,664,RGB,6055fc2c74e260a6ba803b686efabb7a,70f8f8d0f0f0f0f0
data/q1/Data/test/PNEUMONIA/PNEUMONIA(4025).jpg,PNEUMONIA,2,test,1416,912,RGB,3ad68b057e6309cb4c3f57b6fdfe471e,f1d092b2b2b0f0f0
data/q1/Data/test/PNEUMONIA/PNEUMONIA(4026).jpg,PNEUMONIA,2,test,1048,544,RGB,0585346dd2b6d8262c4ad0a2d6431b00,f0d4f4b4b2b2f0f0
data/q1/Data/test/PNEUMONIA/PNEUMONIA(4027).jpg,PNEUMONIA,2,test,994,760,RGB,32b67ac0efe4a5384b623eac5f57dafb,e0d2b2b2b2b0f0f0
data/q1/Data/test/PNEUMONIA/PNEUMONIA(4028).jpg,PNEUMONIA,2,test,1000,568,RGB,cd98ed28701a9d5c3ccb11f1a679b17f,71d0d4b0b0b0e0e0
data/q1/Data/test/PNEUMONIA/PNEUMONIA(4030).jpg,PNEUMONIA,2,test,912,592,RGB,324ed30078a7a467ceab65b136ec9bcf,f4b0b2b0f0f0f8f0
data/q1/Data/test/PNEUMONIA/PNEUMONIA(4031).jpg,PNEUMONIA,2,test,1306,762,RGB,47f02e2a780e821bea05de9c1b251d18,f0d2d0d0f0f0f0f8
data/q1/Data/test/PNEUMONIA/PNEUMONIA(4032).jpg,PNEUMONIA,2,test,1145,824,RGB,5d5ccf4af825354b3e1468a6944ab931,e0d0b2b0b0b0f0f0
data/q1/Data/test/PNEUMONIA/PNEUMONIA(4033).jpg,PNEUMONIA,2,test,1256,720,RGB,9943751668bd90259643145c578ec208,b8dcd492b2b0e0f0
data/q1/Data/test/PNEUMONIA/PNEUMONIA(4034).jpg,PNEUMONIA,2,test,1372,817,RGB,8330997fed930119b1fa19bbbfc3565c,f0d2d2f2f0b0f0f0
data/q1/Data/test/PNEUMONIA/PNEUMONIA(4035).jpg,PNEUMONIA,2,test,1656,1368,RGB,aa02526bd39b660a3ea100ba1dc0090c,3394b6b23270f0f0
data/q1/Data/test/PNEUMONIA/PNEUMONIA(4037).jpg,PNEUMONIA,2,test,527,219,RGB,3a5b10e31f2bbadd94942004aaec2243,dad8d8d8f8f8f0f0
data/q1/Data/test/PNEUMONIA/PNEUMONIA(4038).jpg,PNEUMONIA,2,test,1371,832,RGB,885ad0cb65a89afa78064e7beb526627,e0d4d4f4b0f0f0f0
data/q1/Data/test/PNEUMONIA/PNEUMONIA(4039).jpg,PNEUMONIA,2,test,856,536,RGB,3d168aeeb7ee4ad0716649cb18aceef6,e0f4b4b2f2f2d0d0
data/q1/Data/test/PNEUMONIA/PNEUMONIA(4040).jpg,PNEUMONIA,2,test,1144,848,RGB,6e610b51f99535620b367085f80975ac,317052b2b0f0e0f0
data/q1/Data/test/PNEUMONIA/PNEUMONIA(4041).jpg,PNEUMONIA,2,test,1144,760,RGB,b0e1373ea663281182b919444b6cafc4,f8d892b8b8f0f0e0
data/q1/Data/test/PNEUMONIA/PNEUMONIA(4042).jpg,PNEUMONIA,2,test,1338,991,RGB,12f1fa1eead157c98e7e5fb4b8f0fe1a,e0d0b4b2b230f0e0
data/q1/Data/test/PNEUMONIA/PNEUMONIA(4043).jpg,PNEUMONIA,2,test,1328,976,RGB,ee615404c39b0968f5e158abcd6b53fb,f0b4b0b0b4f0f4f4
data/q1/Data/test/PNEUMONIA/PNEUMONIA(4044).jpg,PNEUMONIA,2,test,1472,1176,RGB,03cfe52552637428aee254b8d56160b0,73f3b7b2b0b0f4e0
data/q1/Data/test/PNEUMONIA/PNEUMONIA(4045).jpg,PNEUMONIA,2,test,1432,1176,RGB,14f2ddf94bcde0605bbbef2ad6f745db,396c96b2b0b0f0f0
data/q1/Data/test/PNEUMONIA/PNEUMONIA(4046).jpg,PNEUMONIA,2,test,1520,1176,RGB,e83631b163443a579cfc5017df2f41ab,e0d0b0b0b4f4c4e4
data/q1/Data/test/PNEUMONIA/PNEUMONIA(4047).jpg,PNEUMONIA,2,test,1512,1008,RGB,8809f67a6ce98e7ecd08065bc81e20d9,f0f0f0b0b0b0f4d4
data/q1/Data/test/PNEUMONIA/PNEUMONIA(4048).jpg,PNEUMONIA,2,test,1344,1216,RGB,a822103c3e2c2e7750c14970bdcafaec,6dd29298b0f2f0e0
data/q1/Data/test/PNEUMONIA/PNEUMONIA(4049).jpg,PNEUMONIA,2,test,1016,608,RGB,47d321c9575ff4816ab040f2e918b652,e1c0f0a1a564e0e0
data/q1/Data/test/PNEUMONIA/PNEUMONIA(4050).jpg,PNEUMONIA,2,test,1636,1072,RGB,0d3b0b9b7faccdade831bc42bcf3d80f,b8d69292b2b0f0f8
data/q1/Data/test/PNEUMONIA/PNEUMONIA(4052).jpg,PNEUMONIA,2,test,1080,784,RGB,af767885711408e5fb042527b7a2057f,f0d490b0b8f0d0d4
data/q1/Data/test/PNEUMONIA/PNEUMONIA(4053).jpg,PNEUMONIA,2,test,1000,560,RGB,c1dd9781a3505ab1a6b3d1191a36ea3c,c0d4f5b4b0b0f8d0
data/q1/Data/test/PNEUMONIA/PNEUMONIA(4054).jpg,PNEUMONIA,2,test,747,464,RGB,eedb5318febe16206e4e845a16bdff09,b8b831303030f0f0
data/q1/Data/test/PNEUMONIA/PNEUMONIA(4055).jpg,PNEUMONIA,2,test,1248,928,RGB,20e89dd8872d88829f5cffaa304bf947,f0d2d2bab0b0f0f0
data/q1/Data/test/PNEUMONIA/PNEUMONIA(4056).jpg,PNEUMONIA,2,test,1000,744,RGB,04b7c56b16c89386f098dfd1ba2f4d0e,60e4b4b0b0f0f0f0
data/q1/Data/test/PNEUMONIA/PNEUMONIA(4057).jpg,PNEUMONIA,2,test,1531,1104,RGB,6583d93e5a28b7c03e3e8588a689028f,d094b2b2b2b0f0f4
data/q1/Data/test/PNEUMONIA/PNEUMONIA(4058).jpg,PNEUMONIA,2,test,952,696,RGB,39205f5d060187ec3a62f313237fc515,fcdadadab8b0f0e4
data/q1/Data/test/PNEUMONIA/PNEUMONIA(4059).jpg,PNEUMONIA,2,test,1000,624,RGB,545c475420455913f3e1286000a710e3,f0d4d0f0f0f0f0f0
data/q1/Data/test/PNEUMONIA/PNEUMONIA(4060).jpg,PNEUMONIA,2,test,1008,704,RGB,2b0ec4a3034e79b4f807eb0a126b6707,f1d492b0b0b0f0f4
data/q1/Data/test/PNEUMONIA/PNEUMONIA(4061).jpg,PNEUMONIA,2,test,912,520,RGB,db1a2119d11b71bef6c070ce2176d051,e1c9f5f5f4f0f0f0
data/q1/Data/test/PNEUMONIA/PNEUMONIA(4062).jpg,PNEUMONIA,2,test,1384,944,RGB,8ef79f98c01c7d3df978527352405b69,d8e8d8dadafad8f0
data/q1/Data/test/PNEUMONIA/PNEUMONIA(4064).jpg,PNEUMONIA,2,test,1280,1000,RGB,7333c705b0af866bf9462a884a363555,71d292b2b2b2b090
data/q1/Data/test/PNEUMONIA/PNEUMONIA(4065).jpg,PNEUMONIA,2,test,1507,1133,RGB,bca2edc1025a0f313c56bf1a445bc10d,64b4b6b2b2b0f0f0
data/q1/Data/test/PNEUMONIA/PNEUMONIA(4067).jpg,PNEUMONIA,2,test,1008,696,RGB,df87d5934cef9ce66f478f1e6be1f755,70f094b2b2b2b0e0
data/q1/Data/test/PNEUMONIA/PNEUMONIA(4068).jpg,PNEUMONIA,2,test,992,688,RGB,7f6724100efcd3cc0fec654f9f616a5c,b8d096b2b2b2f2e0
data/q1/Data/test/PNEUMONIA/PNEUMONIA(4069).jpg,PNEUMONIA,2,test,1180,720,RGB,ed62eb4f7b35a6e5bda76ebc0f1c6550,f4d2d2d8d8f0f0e0
data/q1/Data/test/PNEUMONIA/PNEUMONIA(4070).jpg,PNEUMONIA,2,test,1187,792,RGB,27f6626a6577cd925e0d4b1dd04ffadf,f0d2b2b2b2b0f0f0
data/q1/Data/test/PNEUMONIA/PNEUMONIA(4071).jpg,PNEUMONIA,2,test,1160,800,RGB,4c49f5002e8a32f3c436ca78283a5cfe,7852b2b2b0b0f080
data/q1/Data/test/PNEUMONIA/PNEUMONIA(4072).jpg,PNEUMONIA,2,test,1208,920,RGB,e3184d9b7308dd90e4bdea34d3fbec1f,f190b0b0b0f0f0d0
data/q1/Data/test/PNEUMONIA/PNEUMONIA(4073).jpg,PNEUMONIA,2,test,508,218,RGB,9ab641ac46fe7c2e9b3985a5fb4370a1,6464727272707072
data/q1/Data/test/PNEUMONIA/PNEUMONIA(4074).jpg,PNEUMONIA,2,test,721,349,RGB,6004db1af083807cc0f52a17ab8eb9ac,b6b6b2b2b0b0b034
data/q1/Data/test/PNEUMONIA/PNEUMONIA(4075).jpg,PNEUMONIA,2,test,1014,552,RGB,0fd49040a6200d42433fe59446c49896,d4b4b2b2b2f2d290
data/q1/Data/test/PNEUMONIA/PNEUMONIA(4076).jpg,PNEUMONIA,2,test,1064,712,RGB,22dcfc110f15696cac72a142c2eb1172,f4b6b2b0f0b0f0f4
data/q1/Data/test/PNEUMONIA/PNEUMONIA(4077).jpg,PNEUMONIA,2,test,723,507,RGB,30aee060a84393020945f1a83fe8ee35,b6b233333131f492
data/q1/Data/test/PNEUMONIA/PNEUMONIA(4078).jpg,PNEUMONIA,2,test,824,528,RGB,6c3751037f3929be3402e33268917fe0,e5f5b4b0b0b0b0f4
data/q1/Data/test/PNEUMONIA/PNEUMONIA(4079).jpg,PNEUMONIA,2,test,1114,704,RGB,3c60bc86726e3f0796a317ab3b6ae658,e8d4f0b2f0f0f0f0
data/q1/Data/test/PNEUMONIA/PNEUMONIA(4080).jpg,PNEUMONIA,2,test,1389,960,RGB,d23f9b24e5b4908d1ca5394f90f0f501,e2b4b4b0b2b0f0f0
data/q1/Data/test/PNEUMONIA/PNEUMONIA(4081).jpg,PNEUMONIA,2,test,832,520,RGB,c2fa33a427ed47246d832abdc3411dd6,e0a4b5e0e0b0f0f0
data/q1/Data/test/PNEUMONIA/PNEUMONIA(4082).jpg,PNEUMONIA,2,test,765,375,RGB,7a6b83996dbffbf142a6909d73139316,d2d2b2b2b2b2b0b0
data/q1/Data/test/PNEUMONIA/PNEUMONIA(4084).jpg,PNEUMONIA,2,test,904,664,RGB,9f913124c05b2f5dd156a94a5081fc6a,e0e4b4f2707070f4
data/q1/Data/test/PNEUMONIA/PNEUMONIA(4085).jpg,PNEUMONIA,2,test,1240,1072,RGB,b513e424b2ce9c309cae31844570d87f,d09292b2b2f8d8f0
data/q1/Data/test/PNEUMONIA/PNEUMONIA(4086).jpg,PNEUMONIA,2,test,1224,768,RGB,6c6525f8633a89f8470391a6b355c310,d29292b2b0b0f0f0
data/q1/Data/test/PNEUMONIA/PNEUMONIA(4087).jpg,PNEUMONIA,2,test,1024,816,RGB,3cb1ee83a335c5c5d4431be96cbea338,60f0b2b0f0f0f0f0
data/q1/Data/test/PNEUMONIA/PNEUMONIA(4088).jpg,PNEUMONIA,2,test,1073,776,RGB,796234459012164f10a36775e45a3c53,e0d2d2b0b0f0f0f0
data/q1/Data/test/PNEUMONIA/PNEUMONIA(4089).jpg,PNEUMONIA,2,test,1056,784,RGB,dcdd8a7a367437d71ab87a141fc1d98d,f0d2d2f0b0b4f4b0
data/q1/Data/test/PNEUMONIA/PNEUMONIA(4090).jpg,PNEUMONIA,2,test,743,453,RGB,0cf47584869c856b881a653cda60f351,dabab8b8f0f0f0f0
data/q1/Data/test/PNEUMONIA/PNEUMONIA(4092).jpg,PNEUMONIA,2,test,1176,696,RGB,ca3a92fef00e61f85c6b40fd64501702,71f0b4b0f0f4f4d4
data/q1/Data/test/PNEUMONIA/PNEUMONIA(4093).jpg,PNEUMONIA,2,test,1282,800,RGB,8d703f431787c307a103b5107a4bcda8,f0d492b2b0b0f0d0
data/q1/Data/test/PNEUMONIA/PNEUMONIA(4094).jpg,PNEUMONIA,2,test,1525,1056,RGB,6b5a2067eef6c0c095cf59e1d3d1eb89,9496b2b2b2b0f0f0
data/q1/Data/test/PNEUMONIA/PNEUMONIA(4095).jpg,PNEUMONIA,2,test,1368,768,RGB,a0413aa1d4e5ac93f49ca4c3d7664aca,e0e4a4b1e1f0f0d4
data/q1/Data/test/PNEUMONIA/PNEUMONIA(4097).jpg,PNEUMONIA,2,test,1008,640,RGB,fc3a268335900bbb02967e64774a5788,d49692b2b2b0b0e0
data/q1/Data/test/PNEUMONIA/PNEUMONIA(4098).jpg,PNEUMONIA,2,test,830,496,RGB,41beb6bc32b0a96d927bc1c00179eaa2,b2b2b2b0b0f0f686
data/q1/Data/test/PNEUMONIA/PNEUMONIA(4099).jpg,PNEUMONIA,2,test,1287,1110,RGB,10c4e5e1de83e0526b30a17fadd1c196,e092b2b2f0f0f0e4
data/q1/Data/test/PNEUMONIA/PNEUMONIA(4100).jpg,PNEUMONIA,2,test,1277,720,RGB,87b497bb3c184cb9d9066b86b8f23531,f0d4d2d2d8d8d8d8
data/q1/Data/test/PNEUMONIA/PNEUMONIA(4101).jpg,PNEUMONIA,2,test,1109,870,RGB,4d4bb19d1deed4d0342d5ccbe6d1d0bd,60b4b0f0f0b0b0f0
data/q1/Data/test/PNEUMONIA/PNEUMONIA(4102).jpg,PNEUMONIA,2,test,864,664,RGB,8fed9441ab7ce146b0d43beac04a03b0,f1d0f0b0b0b0f090
data/q1/Data/test/PNEUMONIA/PNEUMONIA(4103).jpg,PNEUMONIA,2,test,936,656,RGB,d4fa084d92a0231d124fb8860086bcb6,71f4f0f0b0b0f0f0
data/q1/Data/test/PNEUMONIA/PNEUMONIA(4104).jpg,PNEUMONIA,2,test,1063,817,RGB,41fd0954d61c48eacbdb6f2d6f4e1904,f0d2f0f0b0b0f0f2
data/q1/Data/test/PNEUMONIA/PNEUMONIA(4105).jpg,PNEUMONIA,2,test,1005,740,RGB,2807cefc750bfc92d048b81bc24d6413,74b2b2b0b0b0f0f4
data/q1/Data/test/PNEUMONIA/PNEUMONIA(4106).jpg,PNEUMONIA,2,test,1259,843,RGB,fb1d6f989925dc9e0fa226643961c7a8,70b4b2b0b0b0f0f4
data/q1/Data/test/PNEUMONIA/PNEUMONIA(4107).jpg,PNEUMONIA,2,test,886,570,RGB,59b2258166218c82fa6a2978739affcd,dadbdabab0b0f093
data/q1/Data/test/PNEUMONIA/PNEUMONIA(4108).jpg,PNEUMONIA,2,test,1080,672,RGB,80ccdc0000cbb453b0bae18fb1cd3375,e4a4b0b0b0f4f0e4
data/q1/Data/test/PNEUMONIA/PNEUMONIA(4109).jpg,PNEUMONIA,2,test,732,458,RGB,4fb9e7bc543a1f62cf1513600ea2a4d6,d2b2bab8b8f0f4f0
data/q1/Data/test/PNEUMONIA/PNEUMONIA(4110).jpg,PNEUMONIA,2,test,1048,752,RGB,f11c1bbeb784b321911f57766f5a0274,7092b2b0b0f0f0f0
data/q1/Data/test/PNEUMONIA/PNEUMONIA(4111).jpg,PNEUMONIA,2,test,580,294,RGB,895398953969ae79ac29d03ffc24dd73,da9ab8b8b8f8d0f0
data/q1/Data/test/PNEUMONIA/PNEUMONIA(4113).jpg,PNEUMONIA,2,test,1612,1056,RGB,6bff8dfea67aff055faba0c028f99309,f4d4d0d2f0f8f0f0
data/q1/Data/test/PNEUMONIA/PNEUMONIA(4114).jpg,PNEUMONIA,2,test,1096,896,RGB,d1ec137851ab61949c4818343b83a2df,f8d4d6f6b0f2c0a0
data/q1/Data/test/PNEUMONIA/PNEUMONIA(4115).jpg,PNEUMONIA,2,test,1264,792,RGB,f3f463518b293a8b9db913c89a32359c,fc707070f0f8f0f0
data/q1/Data/test/PNEUMONIA/PNEUMONIA(4116).jpg,PNEUMONIA,2,test,1312,872,RGB,4d63d866c5a662be81265388732d45bb,f096b2b2b2f0f0d0
data/q1/Data/test/PNEUMONIA/PNEUMONIA(4117).jpg,PNEUMONIA,2,test,976,584,RGB,fc72a18535e8e969c8a8f048843648dd,f1f4f4f2b0b0f0f0
data/q1/Data/test/PNEUMONIA/PNEUMONIA(4118).jpg,PNEUMONIA,2,test,1256,904,RGB,bb69ff5e780d9d7f6066ff9eed52c961,b0d4d2b2b0b0f0d4
data/q1/Data/test/PNEUMONIA/PNEUMONIA(4119).jpg,PNEUMONIA,2,test,896,664,RGB,5654b8a02cf70e5b4e3f978d47335935,f8f0f2b2b0b0b8f0
data/q1/Data/test/PNEUMONIA/PNEUMONIA(4120).jpg,PNEUMONIA,2,test,1021,685,RGB,238a7d575d3526f210899b198d693659,f492b2b0b030f1d0
data/q1/Data/test/PNEUMONIA/PNEUMONIA(4121).jpg,PNEUMONIA,2,test,1944,1576,RGB,e547ed3e76c04aeec3a7d624104622ec,71b6b6b2b0f094b4
data/q1/Data/test/PNEUMONIA/PNEUMONIA(4122).jpg,PNEUMONIA,2,test,1828,1640,RGB,02d1391185ff9df5491e0e89aa182427,73d6b2b2b034b2a6
data/q1/Data/test/PNEUMONIA/PNEUMONIA(4123).jpg,PNEUMONIA,2,test,1072,560,RGB,cfc45f7ec671e591758187212129e2b9,71f0d4f0f0f0f0f0
data/q1/Data/test/PNEUMONIA/PNEUMONIA(4124).jpg,PNEUMONIA,2,test,1040,568,RGB,891d7a5372de0194af87393a9560ed1e,617551f1f0f8f0f0
data/q1/Data/test/PNEUMONIA/PNEUMONIA(4125).jpg,PNEUMONIA,2,test,1040,528,RGB,3ad812367110ebb5a0a5fcee2d86363c,f0e4b4b6b0b0b0f0
data/q1/Data/test/PNEUMONIA/PNEUMONIA(4126).jpg,PNEUMONIA,2,test,944,648,RGB,5842eb3123a14817f490cab1f2881102,6170f4b6b2b2f2d0
data/q1/Data/test/PNEUMONIA/PNEUMONIA(4127).jpg,PNEUMONIA,2,test,984,712,RGB,d13557948375348818dd7bc4ee44874f,e0f4b2f0f0f0f0e6
data/q1/Data/test/PNEUMONIA/PNEUMONIA(4131).jpg,PNEUMONIA,2,test,1408,1168,RGB,84982dc9d7a1cb42b5298d352aa7e642,78f092b2b0b0f0b2
data/q1/Data/test/PNEUMONIA/PNEUMONIA(4132).jpg,PNEUMONIA,2,test,1152,704,RGB,77fe0ccb4c82a2a556d45264b0aeeb54,f8d2d4d4f4f4b4d0
data/q1/Data/test/PNEUMONIA/PNEUMONIA(4133).jpg,PNEUMONIA,2,test,821,490,RGB,e2d39a4a0f44c3d8356fffc40db0d699,96b2b2b2b2d0d696
data/q1/Data/test/PNEUMONIA/PNEUMONIA(4137).jpg,PNEUMONIA,2,test,1072,672,RGB,389d21684b2bbdb8ba522efdba1f132d,63f0f0f1f0f0f0f0
data/q1/Data/test/PNEUMONIA/PNEUMONIA(4138).jpg,PNEUMONIA,2,test,1208,856,RGB,fb3b84bbd4fe9aaf004faa62d3d0fffe,f8f0d5f4f0f0d0c4
data/q1/Data/test/PNEUMONIA/PNEUMONIA(4139).jpg,PNEUMONIA,2,test,920,672,RGB,8bac9e5f81e23762e917bb1f5cac2497,f0b4b2b2b0b0f092
data/q1/Data/test/PNEUMONIA/PNEUMONIA(4140).jpg,PNEUMONIA,2,test,716,444,RGB,96cb4cdfc73c6a8d32c051e90df940bc,b2b2383838787878
data/q1/Data/test/PNEUMONIA/PNEUMONIA(4141).jpg,PNEUMONIA,2,test,944,704,RGB,4f2087042d77737c4443048d92a00628,f0b0b0b0f0f0f0e0
data/q1/Data/test/PNEUMONIA/PNEUMONIA(4142).jpg,PNEUMONIA,2,test,952,656,RGB,bbb0e68637bdc5a575ec308810f31334,f8d092bab8b0f4d0
data/q1/Data/test/PNEUMONIA/PNEUMONIA(4143).jpg,PNEUMONIA,2,test,1056,592,RGB,aaefecdd92e694c1e588f99e8c657ebd,e1b5b1b1b0b0f0f0
data/q1/Data/test/PNEUMONIA/PNEUMONIA(4144).jpg,PNEUMONIA,2,test,1120,592,RGB,33edaf40ade198ad343dde330eb5ef76,f4d69692b2b0b0f0
data/q1/Data/test/PNEUMONIA/PNEUMONIA(4145).jpg,PNEUMONIA,2,test,896,656,RGB,4cb371484884d7ddd4a636cfd5768f56,f0b4b4b0b4b0f0f0
data/q1/Data/test/PNEUMONIA/PNEUMONIA(4147).jpg,PNEUMONIA,2,test,778,631,RGB,926a115b1a113ababd8c15b39b790e0a,b2b3b9b0b0f0f0f0
data/q1/Data/test/PNEUMONIA/PNEUMONIA(4148).jpg,PNEUMONIA,2,test,1504,1064,RGB,653d0d3c434bcd403a18162faa9ad2c2,f0b4b2b0b0b0d0d0
data/q1/Data/test/PNEUMONIA/PNEUMONIA(4149).jpg,PNEUMONIA,2,test,1384,1072,RGB,06911fc295575f7a7f77cb0971be62bb,d09292b0b0b696b2
data/q1/Data/test/PNEUMONIA/PNEUMONIA(4150).jpg,PNEUMONIA,2,test,923,604,RGB,9642e33a8630285282e01675342b06fc,dad999b8b8d8d0f0
data/q1/Data/test/PNEUMONIA/PNEUMONIA(4151).jpg,PNEUMONIA,2,test,1626,1120,RGB,a620d81a64e1139e65d2faf48fb5615d,d494b6b2b2b2f0f0
data/q1/Data/test/PNEUMONIA/PNEUMONIA(4152).jpg,PNEUMONIA,2,test,679,304,RGB,2b0aa30dc53d1c70bc61a13beea9d6d0,9a9a9898b8f8f0f0
data/q1/Data/test/PNEUMONIA/PNEUMONIA(4153).jpg,PNEUMONIA,2,test,1579,1120,RGB,06e30d2f1baee8cc5f49cb5324dbf0cc,f0b4b6b2b2b0f0d4
data/q1/Data/test/PNEUMONIA/PNEUMONIA(4154).jpg,PNEUMONIA,2,test,1285,1087,RGB,19594f2f1997d9b094d130bda53c68d0,e0f0d2b8b0b8f8f0
data/q1/Data/test/PNEUMONIA/PNEUMONIA(4155).jpg,PNEUMONIA,2,test,992,760,RGB,4ca82bb3e345db9d22fa689c2fc861a2,ecda9bb9b1b0f0e0
data/q1/Data/test/PNEUMONIA/PNEUMONIA(4156).jpg,PNEUMONIA,2,test,968,656,RGB,3aef74ba4f01953f9ac3c27ac2205cd3,f0d8dad2d0f0f0d0
data/q1/Data/test/PNEUMONIA/PNEUMONIA(4157).jpg,PNEUMONIA,2,test,1180,752,RGB,f8e3ccc2e109b624da485bf4c6a983bd,f4d2b2b0b8b8f0f0
data/q1/Data/test/PNEUMONIA/PNEUMONIA(4158).jpg,PNEUMONIA,2,test,1283,762,RGB,05156004c711a7276398756d806b0ab3,b8d494b0b0b0f0f0
data/q1/Data/test/PNEUMONIA/PNEUMONIA(4160).jpg,PNEUMONIA,2,test,1795,1280,RGB,565471ba36ad44d6968ea1199a67dceb,d292b2b2b0b0f0d0
data/q1/Data/test/PNEUMONIA/PNEUMONIA(4161).jpg,PNEUMONIA,2,test,960,616,RGB,e865deb7804d2ca15b901736b6ef92c1,c2e2e1e0f0f0f0f0
data/q1/Data/test/PNEUMONIA/PNEUMONIA(4162).jpg,PNEUMONIA,2,test,1631,1160,RGB,6a849f4063d2c05a197d75ff36c5949e,e9d292b2b2b0f0f0
data/q1/Data/test/PNEUMONIA/PNEUMONIA(4163).jpg,PNEUMONIA,2,test,1008,704,RGB,ff6eb6a1c172f9a6a0fd2b49dfa8a66c,63b5b5b4b0b0f0f0
data/q1/Data/test/PNEUMONIA/PNEUMONIA(4164).jpg,PNEUMONIA,2,test,1016,688,RGB,53226e3f7db0dbf819250597e71e7cb6,63f3f1f1f1f170d0
data/q1/Data/test/PNEUMONIA/PNEUMONIA(4165).jpg,PNEUMONIA,2,test,952,560,RGB,8084bd4e1f7c293dc6fd770404de0865,d1d1f2f0f0f0f0f0
data/q1/Data/test/PNEUMONIA/PNEUMONIA(4167).jpg,PNEUMONIA,2,test,998,616,RGB,fdc25431fd86cae46ea871dc902c3c56,e8d0d2f0f0f0f0f0
data/q1/Data/test/PNEUMONIA/PNEUMONIA(4168).jpg,PNEUMONIA,2,test,904,544,RGB,468e9767308a1b52f92851e0b2f3bcd6,f0d0d2b0f0b0f0d0
data/q1/Data/test/PNEUMONIA/PNEUMONIA(4169).jpg,PNEUMONIA,2,test,1216,856,RGB,db18224aa8c292a7039dba3f0a55dac7,d096b2b2b0f0f0f0
data/q1/Data/test/PNEUMONIA/PNEUMONIA(4170).jpg,PNEUMONIA,2,test,1080,632,RGB,e778547e3f39a342796eeff5fc4d33e3,71f1d5d1f1f9f9f1
data/q1/Data/test/PNEUMONIA/PNEUMONIA(4171).jpg,PNEUMONIA,2,test,896,456,RGB,aa9b3f87d72be55954f70352a24285b3,d4d6d2b2b0b0f8f8
data/q1/Data/test/PNEUMONIA/PNEUMONIA(4172).jpg,PNEUMONIA,2,test,1104,744,RGB,cbddd032935e71d17b2ca59262754610,70f4d4d0f0f0b0f0
data/q1/Data/test/PNEUMONIA/PNEUMONIA(4173).jpg,PNEUMONIA,2,test,1056,920,RGB,a4da1d95ab4d0f1e258b279726dc4a28,f8dad2b2b8f0f0e4
data/q1/Data/test/PNEUMONIA/PNEUMONIA(4174).jpg,PNEUMONIA,2,test,1076,630,RGB,2506d76bee4f2e4e4202b299dc6f7383,a4b232323270d0d2
data/q1/Data/test/PNEUMONIA/PNEUMONIA(4175).jpg,PNEUMONIA,2,test,1024,744,RGB,e607b48db2d3e76ba0ccd36b29b29a60,f0d4b6b0b0f0d0e0
data/q1/Data/test/PNEUMONIA/PNEUMONIA(4179).jpg,PNEUMONIA,2,test,904,792,RGB,e8021a1f26626cd6ce2841a6f43151d4,71b0b2b2f0b0f0f0
data/q1/Data/test/PNEUMONIA/PNEUMONIA(4180).jpg,PNEUMONIA,2,test,1152,728,RGB,74ec1adfc080ad187eb5828e7f2335f3,78f4b6b2b0f0b0f0
data/q1/Data/test/PNEUMONIA/PNEUMONIA(4182).jpg,PNEUMONIA,2,test,1528,1080,RGB,5c208ad311ba2936c4ccf1ad927e8e45,33f0d2bab0b0f0f0
data/q1/Data/test/PNEUMONIA/PNEUMONIA(4183).jpg,PNEUMONIA,2,test,1488,1288,RGB,f9a85f0c54ad7b8a46f19063d4e6e723,68c4b4f0d4d4f4f4
data/q1/Data/test/PNEUMONIA/PNEUMONIA(4184).jpg,PNEUMONIA,2,test,1000,704,RGB,3ef42c97502d52920982215e14ce2cb2,71f1f5f5f0f0f0f0
data/q1/Data/test/PNEUMONIA/PNEUMONIA(4185).jpg,PNEUMONIA,2,test,1475,998,RGB,a36d99e57723b7580d2cf0c691bbe5e4,f0d4b6b2b2f2d2f4
data/q1/Data/test/PNEUMONIA/PNEUMONIA(4186).jpg,PNEUMONIA,2,test,992,592,RGB,706cd75fa8baae7405a5d5cad638f948,f1b5b0b0b0b0f0d8
data/q1/Data/test/PNEUMONIA/PNEUMONIA(4188).jpg,PNEUMONIA,2,test,992,752,RGB,d12cabd596b4da1fb7ca62e9a602b0fc,90b2b2b0b0b0e0f0
data/q1/Data/test/PNEUMONIA/PNEUMONIA(4189).jpg,PNEUMONIA,2,test,1576,792,RGB,db7227b1a7ba5826f8d5bd20d674294d,f0f4d4f0f0f0f0d0
data/q1/Data/test/PNEUMONIA/PNEUMONIA(4190).jpg,PNEUMONIA,2,test,1056,752,RGB,69bfcac76186b3cefe02c4d950a22f70,70d232f0b0b0f0d0
data/q1/Data/test/PNEUMONIA/PNEUMONIA(4192).jpg,PNEUMONIA,2,test,1384,1376,RGB,9c3871a031e850e6b3e90b34fade83e7,f4f4f0f0d0f0f0d0
data/q1/Data/test/PNEUMONIA/PNEUMONIA(4193).jpg,PNEUMONIA,2,test,756,544,RGB,fe07e87a9d2a5689667e1db5b4fa0b0e,b2b0707070e4e4ac
data/q1/Data/test/PNEUMONIA/PNEUMONIA(4194).jpg,PNEUMONIA,2,test,711,353,RGB,3a3aea43ca5de6281b219f4443ce124b,92bab030307071f0
data/q1/Data/test/PNEUMONIA/PNEUMONIA(4196).jpg,PNEUMONIA,2,test,968,832,RGB,728250b51901c9e4d19bcaccbc8c304d,f0b6b2b0f0f0f094
data/q1/Data/test/PNEUMONIA/PNEUMONIA(4197).jpg,PNEUMONIA,2,test,870,591,RGB,63cfa9a333e55a8be3fd5a4f5d0d85ae,9293bbb9b1f1f0f4
data/q1/Data/test/PNEUMONIA/PNEUMONIA(4198).jpg,PNEUMONIA,2,test,843,507,RGB,7953aa50d821580df86e07033f0d544c,92b2b0b0b0f0f0f0
data/q1/Data/test/PNEUMONIA/PNEUMONIA(4199).jpg,PNEUMONIA,2,test,1016,760,RGB,9facb3c14f41bdb7070f3281e4a0de9e,7196b2b2b0b0f0d2
data/q1/Data/test/PNEUMONIA/PNEUMONIA(4200).jpg,PNEUMONIA,2,test,1005,855,RGB,a731be6b08ef8edd5096cf21f938a9e8,f89293b1b070f0f0
data/q1/Data/test/PNEUMONIA/PNEUMONIA(4201).jpg,PNEUMONIA,2,test,1230,712,RGB,28364f11bf247d87eef9cacb2d5d2676,78f4b0b0b0b0f0f0
data/q1/Data/test/PNEUMONIA/PNEUMONIA(4202).jpg,PNEUMONIA,2,test,1210,817,RGB,b1ecfc048dcf9724d6023e6d35b8bfca,e8b4b6b2323070d0
data/q1/Data/test/PNEUMONIA/PNEUMONIA(4203).jpg,PNEUMONIA,2,test,1264,840,RGB,11c39446c478d21ee0b13b7667cb8c25,70d6b2b2b0b0b0a6
data/q1/Data/test/PNEUMONIA/PNEUMONIA(4205).jpg,PNEUMONIA,2,test,1080,768,RGB,d4ec6b322969780439d6a89eb8fecf78,e894b4b4b5b4e484
data/q1/Data/test/PNEUMONIA/PNEUMONIA(4206).jpg,PNEUMONIA,2,test,936,800,RGB,f5eec80d252401f267b474ef2979b52b,70b0f2f0f070f0e0
data/q1/Data/test/PNEUMONIA/PNEUMONIA(4207).jpg,PNEUMONIA,2,test,1120,856,RGB,f87f653e682b1d7e5bb2919ddc57c091,79f0f0f0f4f0f0d4
data/q1/Data/test/PNEUMONIA/PNEUMONIA(4209).jpg,PNEUMONIA,2,test,1480,1144,RGB,43448a8ce5006c8a4bdd884423e2d8be,70d692b0b0f0d2f2
data/q1/Data/test/PNEUMONIA/PNEUMONIA(4210).jpg,PNEUMONIA,2,test,1624,1304,RGB,e518bffe1326d79778e08872899c8dfb,f9dad2f2f2f0f0b0
data/q1/Data/test/PNEUMONIA/PNEUMONIA(4213).jpg,PNEUMONIA,2,test,1496,1304,RGB,808a16b78e688bcde3ab9380fd2c355c,f0b4b4f4f4f4f4d4
data/q1/Data/test/PNEUMONIA/PNEUMONIA(4215).jpg,PNEUMONIA,2,test,1632,1008,RGB,19915e6f40865cd59112dbb4e41ea0a2,f092d2f0f0f0f0d0
data/q1/Data/test/PNEUMONIA/PNEUMONIA(4216).jpg,PNEUMONIA,2,test,1224,872,RGB,2142c5a216bdd112608a1c6271229bcb,e896b2b2b230f0f0
data/q1/Data/test/PNEUMONIA/PNEUMONIA(4217).jpg,PNEUMONIA,2,test,1456,1232,RGB,2add7598aab04a28dc6798222aefb352,9cd892b2b2b0f080
data/q1/Data/test/PNEUMONIA/PNEUMONIA(4218).jpg,PNEUMONIA,2,test,956,536,RGB,562b3a823e594422a90108adfa00559e,f0b4b0b2f0f0f0f0
data/q1/Data/test/PNEUMONIA/PNEUMONIA(4219).jpg,PNEUMONIA,2,test,1384,1088,RGB,7a38fc1e09556aa7247aa3f2d5d45e2a,40e4f0f0f0f0f0f0
data/q1/Data/test/PNEUMONIA/PNEUMONIA(4220).jpg,PNEUMONIA,2,test,1320,896,RGB,db210978f76317e0e13bcb7527e22762,62e1f0f0f0b0f0d4
data/q1/Data/test/PNEUMONIA/PNEUMONIA(4221).jpg,PNEUMONIA,2,test,960,576,RGB,a953f9bfd23d8aa406b39199512f0cbd,f0d4d2f2b0f1f0e4
data/q1/Data/test/PNEUMONIA/PNEUMONIA(4222).jpg,PNEUMONIA,2,test,1229,1059,RGB,6f1da516bd70e351833d785d97fbe2ee,eaf0f2f0f0f0f0f0
data/q1/Data/test/PNEUMONIA/PNEUMONIA(4223).jpg,PNEUMONIA,2,test,768,552,RGB,fa71b04109cecb7ad0fab9558e0275b0,b6b2b0f0b0b0f1f1
data/q1/Data/test/PNEUMONIA/PNEUMONIA(4224).jpg,PNEUMONIA,2,test,1488,1312,RGB,aedff31bf80c9a5b50fb4f50e31b7c97,b8d0d2d8f4d4d4d4
data/q1/Data/test/PNEUMONIA/PNEUMONIA(4227).jpg,PNEUMONIA,2,test,1312,888,RGB,e45af33645467008c4701408ae7ea9fb,e0d6d2b29290f0d0
data/q1/Data/test/PNEUMONIA/PNEUMONIA(4228).jpg,PNEUMONIA,2,test,1400,1024,RGB,d75fcd2e4e0772a6fddf999266b3c481,f8da5ad2f0f8d0d4
data/q1/Data/test/PNEUMONIA/PNEUMONIA(4229).jpg,PNEUMONIA,2,test,1184,880,RGB,c7a4e5d1225021b36f7ea9015bb4c56c,e0d4d89898b8f0e8
data/q1/Data/test/PNEUMONIA/PNEUMONIA(4231).jpg,PNEUMONIA,2,test,1214,937,RGB,310d4a69cc677b73a42191ee4135f218,70b6b0b0f0f0f0d4
data/q1/Data/test/PNEUMONIA/PNEUMONIA(4232).jpg,PNEUMONIA,2,test,754,411,RGB,2ea9360a3467635ac3d079d0da25a96a,d3d1d1f1d0f0f0f0
data/q1/Data/test/PNEUMONIA/PNEUMONIA(4233).jpg,PNEUMONIA,2,test,1384,1312,RGB,ed4223df5966f94f9fa02bb2b90a58ac,f0d2daf0f2f2f4d4
data/q1/Data/test/PNEUMONIA/PNEUMONIA(4234).jpg,PNEUMONIA,2,test,1328,1192,RGB,5a45799033ff96e95da0a92775e152dd,90b2b0f0f0f0f0f0
data/q1/Data/test/PNEUMONIA/PNEUMONIA(4235).jpg,PNEUMONIA,2,test,945,552,RGB,fe07b79447ee0cc780b71a5d0d16d97b,f494b2b2b0b0f0f0
data/q1/Data/test/PNEUMONIA/PNEUMONIA(4236).jpg,PNEUMONIA,2,test,1288,768,RGB,f032c94b77da487d729b898fb69c121a,70f0d0f0f0f4f4d4
data/q1/Data/test/PNEUMONIA/PNEUMONIA(4238).jpg,PNEUMONIA,2,test,1114,677,RGB,bfb87a774d1e55d9d181e1b9ee654ccc,d8b4b4b0b0f0f0f0
data/q1/Data/test/PNEUMONIA/PNEUMONIA(4239).jpg,PNEUMONIA,2,test,1410,872,RGB,bd4b59bc18030cdb76b56cff422b6945,e8d4d2d2d8d8f8f8
data/q1/Data/test/PNEUMONIA/PNEUMONIA(4240).jpg,PNEUMONIA,2,test,1264,1248,RGB,31d61462295df801602d7cd709a4d6fb,f4b6f0f0f0f0f0d0
data/q1/Data/test/PNEUMONIA/PNEUMONIA(4241).jpg,PNEUMONIA,2,test,1080,736,RGB,71cd77f4f48da47a936f93e2a947d89b,70b4b6b0f0f0f0f0
data/q1/Data/test/PNEUMONIA/PNEUMONIA(4242).jpg,PNEUMONIA,2,test,1152,1032,RGB,6399a22af083e533c0b5da9af1a12a2a,70f0f0f0f4f0d0da
data/q1/Data/test/PNEUMONIA/PNEUMONIA(4243).jpg,PNEUMONIA,2,test,1000,752,RGB,18ba0c83aaa0513667b7c2f8b45d90e5,fcd892b0b2b0a0e0
data/q1/Data/test/PNEUMONIA/PNEUMONIA(4244).jpg,PNEUMONIA,2,test,1136,713,RGB,ccd34f1f17483eebbf440c580e77abe3,62f4b4b0b0b0b0f0
data/q1/Data/test/PNEUMONIA/PNEUMONIA(4245).jpg,PNEUMONIA,2,test,1288,840,RGB,b80842569148c596734d651c38c24520,d094b0b2b0f0f0f0
data/q1/Data/test/PNEUMONIA/PNEUMONIA(4247).jpg,PNEUMONIA,2,test,1536,984,RGB,4b6a2de2fe4bef477d072a7d6a4078e1,70b4b4b2b0b0b0f0
data/q1/Data/test/PNEUMONIA/PNEUMONIA(4249).jpg,PNEUMONIA,2,test,1072,888,RGB,df872940f7f1287650d14f09ba016551,64e4f0f0f0f0f0f0
data/q1/Data/test/PNEUMONIA/PNEUMONIA(4251).jpg,PNEUMONIA,2,test,1128,752,RGB,cedabf47b975adbf0113723f04b547f9,f8d094b2b0b0f0d4
data/q1/Data/test/PNEUMONIA/PNEUMONIA(4252).jpg,PNEUMONIA,2,test,795,491,RGB,1b820f58ce917221a1ea04ef90b859ce,9292b2b0f0f0f4f2
data/q1/Data/test/PNEUMONIA/PNEUMONIA(4256).jpg,PNEUMONIA,2,test,1304,1408,RGB,7bab49b99f805c0dbfab0e013e7b1442,70f2f0f0f0f0f0d0
data/q1/Data/test/PNEUMONIA/PNEUMONIA(4257).jpg,PNEUMONIA,2,test,697,449,RGB,5f62c806b91e6255f6e59496adb51474,92b2b3b1b1b1b1f1
data/q1/Data/test/PNEUMONIA/PNEUMONIA(4258).jpg,PNEUMONIA,2,test,1032,744,RGB,d3caf97e958c5449165bf108b6fec6cd,32b4d6929098f2e2
data/q1/Data/test/PNEUMONIA/PNEUMONIA(4260).jpg,PNEUMONIA,2,test,1294,1018,RGB,aeaa945ee665f96bb9853aa206b05ea3,69f4b2b2b070f0f0
data/q1/Data/test/PNEUMONIA/PNEUMONIA(4261).jpg,PNEUMONIA,2,test,708,292,RGB,6dc261150de64e444de23c6c1b37d72f,b4b4b0b0b0b0f0d4
data/q1/Data/test/PNEUMONIA/PNEUMONIA(4264).jpg,PNEUMONIA,2,test,1432,1152,RGB,ac1caaf08cec0e1f1ca7fca0bcee09bc,60e4e4f0f0d4d4d4
data/q1/Data/test/PNEUMONIA/PNEUMONIA(4265).jpg,PNEUMONIA,2,test,1232,1096,RGB,afe854dbc8d5e2b1951b25e52e42e667,f593f3f0f0f0b0d4
data/q1/Data/test/PNEUMONIA/PNEUMONIA(4266).jpg,PNEUMONIA,2,test,1264,1016,RGB,c37fc3c831ca38e6146e44f0bb63575b,71b4b2b2b270f090
data/q1/Data/test/PNEUMONIA/PNEUMONIA(4269).jpg,PNEUMONIA,2,test,1256,696,RGB,bd74275436a618044ca04e7073e2f1ad,e0b4b4b0b0b0f0e4
data/q1/Data/test/PNEUMONIA/PNEUMONIA(4270).jpg,PNEUMONIA,2,test,1152,856,RGB,61daed61b81969d130a775ea8f889cbe,e3e0b4b4b2b0f0f0
data/q1/Data/test/PNEUMONIA/PNEUMONIA(4271).jpg,PNEUMONIA,2,test,1248,728,RGB,1178dfce267889002f80f4472d41ab6a,e0f0b4b4b0b2f0d0
data/q1/Data/test/PNEUMONIA/PNEUMONIA(4272).jpg,PNEUMONIA,2,test,1176,784,RGB,0c81b7f1d6b1f9e9d13ff72e8b458a1c,b8f8d0b0b0f0f0f0
data/q1/Data/train/COVID19/COVID19(0).jpg,COVID19,0,train,2000,2000,L,f5836b85825a3c4fe6b15fb97f65f0fc,699999989868f8f9
data/q1/Data/train/COVID19/COVID19(1).jpg,COVID19,0,train,1982,1482,RGB,9592e4c4685d39d24b45803e78e18720,f0f092b3b3b0e0b2
data/q1/Data/train/COVID19/COVID19(10).jpg,COVID19,0,train,1038,1031,RGB,5e21f8490d4472bdf9a7210592fa2e45,70b43733333282c0
data/q1/Data/train/COVID19/COVID19(100).jpg,COVID19,0,train,1353,1210,RGB,2e325c0c8ab8240ac20242f1f2dcece9,f092939bb9b8c6d2
data/q1/Data/train/COVID19/COVID19(101).jpg,COVID19,0,train,1507,1235,RGB,936816324b7425cbb154895ed7fa5815,e0e436b6b2b2faf8
data/q1/Data/train/COVID19/COVID19(102).jpg,COVID19,0,train,1422,1186,RGB,63e5995019a441fd2583578883fabd8d,785213121290a0a0
data/q1/Data/train/COVID19/COVID19(103).jpg,COVID19,0,train,659,587,RGB,a32b8ace5399cdb74011653cd20a84ae,b8f0b6b6a6b6e0e0
data/q1/Data/train/COVID19/COVID19(104).jpg,COVID19,0,train,2200,1805,RGB,338f0b6f1aab234e1f047cbb485a083a,633723222371f0e0
data/q1/Data/train/COVID19/COVID19(105).jpg,COVID19,0,train,499,580,RGBA,de44a849c1f4d761eccc893e4112f5f4,b2b333333170c8e8
data/q1/Data/train/COVID19/COVID19(106).jpg,COVID19,0,train,958,797,RGBA,3dc4d4c859785bd85dee8c9d19269506,f0d41792b2b233d1
data/q1/Data/train/COVID19/COVID19(107).jpg,COVID19,0,train,623,600,RGBA,872145a2e4fced48701230232a208906,5537323371f0f08c
data/q1/Data/train/COVID19/COVID19(108).jpg,COVID19,0,train,1045,872,RGB,f4bf63a8bc1a10ffab722e0c437ef9af,f8b633333331b1d4
data/q1/Data/train/COVID19/COVID19(109).jpg,COVID19,0,train,1082,909,RGB,94cfecfe15b1cc9657592fa5f5a4cf5f,f496133333b39296
data/q1/Data/train/COVID19/COVID19(11).jpg,COVID19,0,train,1303,1080,RGB,896d3d6b2f6b814404d715dda5285b84,e4d0b0f0f0f0f0f0
data/q1/Data/train/COVID19/COVID19(110).jpg,COVID19,0,train,1036,885,RGB,f8a964b97d07e3df985ebff2a8641e53,f43633333331d4b0
data/q1/Data/train/COVID19/COVID19(111).jpg,COVID19,0,train,2059,1483,RGB,ba2ce3930be1759d2f0e6647e9db1d56,12163333333333b1
data/q1/Data/train/COVID19/COVID19(112).jpg,COVID19,0,train,2000,2000,L,5e4d1dd03732eb880a984ec3b6de4853,e426323377571693
data/q1/Data/train/COVID19/COVID19(113).jpg,COVID19,0,train,2000,2000,L,7d56119172fcbb527214aa5a794c6615,333732737369d592
data/q1/Data/train/COVID19/COVID19(114).jpg,COVID19,0,train,1696,1403,RGB,1c369eb47a6b0e3e19c550dc6deeb670,373733333192b090
data/q1/Data/train/COVID19/COVID19(115).jpg,COVID19,0,train,2000,2000,L,138282627d546239b9b08d383efac84c,f852333333313536
data/q1/Data/train/COVID19/COVID19(116).jpg,COVID19,0,train,2348,2339,RGB,fde66f50d36520c7ca8f4d8d39639f54,f01213333331f0e0
data/q1/Data/train/COVID19/COVID19(117).jpg,COVID19,0,train,2000,2000,L,b970cfda7407030e420f1e144401cc7b,c26c666666662264
data/q1/Data/train/COVID19/COVID19(118).jpg,COVID19,0,train,900,714,RGB,b6be05492750fda7a1ca0b5398e462fe,f0b63333333170d0
data/q1/Data/train/COVID19/COVID19(119).jpg,COVID19,0,train,2000,2000,L,73499490cc48a06b4d6469b4b16abb15,733732737175f781
data/q1/Data/train/COVID19/COVID19(12).jpg,COVID19,0,train,1165,1163,RGB,072bb1076ada2bd09b834493add1ee9e,73f0b6b2b2b0f0d0
data/q1/Data/train/COVID19/COVID19(120).jpg,COVID19,0,train,2000,2000,L,a9a1f1df1b860b5ea28688f775aeacec,b2933333333191a6
data/q1/Data/train/COVID19/COVID19(121).jpg,COVID19,0,train,1726,1552,RGBA,f2b9175b2bd6617594ed6082dfed46db,b29393b3b3b9e2c2
data/q1/Data/train/COVID19/COVID19(122).jpg,COVID19,0,train,2000,2000,L,ece0acafb5605a3bf299d55652f64c4d,9633333331715197
data/q1/Data/train/COVID19/COVID19(123).jpg,COVID19,0,train,2000,2000,L,a045ee54740b73ba32e2a336112c40c4,cf4f4cccc6c6e6e2
data/q1/Data/train/COVID19/COVID19(124).jpg,COVID19,0,train,1015,958,RGB,5b732d1518e2e0f11ddaa7f7fcffaa60,b0337331b0b0f0f0
data/q1/Data/train/COVID19/COVID19(125).jpg,COVID19,0,train,1003,958,RGB,8a929c7b13c0b02bb3350327dcccabee,f23333333130f0f0
data/q1/Data/train/COVID19/COVID19(126).jpg,COVID19,0,train,2000,2000,L,07af15a0e66e1f9307e96e00ab034afb,d296b23333317482
data/q1/Data/train/COVID19/COVID19(127).jpg,COVID19,0,train,1300,1127,RGB,46008cff85916d90a9c06682611bc781,f893133373f1f0f0
data/q1/Data/train/COVID19/COVID19(128).jpg,COVID19,0,train,550,609,RGB,fa08d2cba11642c40fbac7c93ec32185,30b23333333170d4
data/q1/Data/train/COVID19/COVID19(129).jpg,COVID19,0,train,586,610,RGB,52996c5aa52e69ade97493d6679760cd,70b63233333131f4
data/q1/Data/train/COVID19/COVID19(13).jpg,COVID19,0,train,1168,1161,RGB,c301b2307e1bbf616f236195339699c1,7332b4b2b2b0b0e0
data/q1/Data/train/COVID19/COVID19(130).jpg,COVID19,0,train,605,609,RGB,cc254db6729b0f2dd522fe5e84aab8b2,34363333333131d0
data/q1/Data/train/COVID19/COVID19(131).jpg,COVID19,0,train,1001,776,RGB,33b427a14e8de79ca18dcae4d3fd3362,f53333337370b0f0
data/q1/Data/train/COVID19/COVID19(132).jpg,COVID19,0,train,4248,3480,RGB,e0ab5a34a563a98f7d11a6b60eb43989,f094b6363232b2f0
data/q1/Data/train/COVID19/COVID19(133).jpg,COVID19,0,train,1884,1447,RGB,399ee0709cb708de8578336634725cb1,f0b436366660e0e0
data/q1/Data/train/COVID19/COVID19(134).jpg,COVID19,0,train,2000,2000,L,250b4454e65d1817c8ceca9b98dfb312,b3333333317113aa
data/q1/Data/train/COVID19/COVID19(135).jpg,COVID19,0,train,2000,2000,L,3467cc958d20d36f2a4d76d2204db786,4a9393b3313392b4
data/q1/Data/train/COVID19/COVID19(136).jpg,COVID19,0,train,1024,1024,RGB,1321d754a7b17b89d8f8c9b038c572f1,71b6b2b2b0f0f0f0
data/q1/Data/train/COVID19/COVID19(137).jpg,COVID19,0,train,2000,2000,L,7ac4d131a27fde8dfc545bf6aec751ab,f394363632352024
data/q1/Data/train/COVID19/COVID19(138).jpg,COVID19,0,train,2000,2000,L,7c2ebbdef0e5c69fc33e0a5f6a2e06c4,333732723309606a
data/q1/Data/train/COVID19/COVID19(139).jpg,COVID19,0,train,4280,3520,L,19c306df20ab30db45c9c92c08af7a34,39989293b3b0f0e0
data/q1/Data/train/COVID19/COVID19(14).jpg,COVID19,0,train,1165,1165,RGB,db29a59eb17445a890e1089e07a83b82,303192b2b2b0f0e0
data/q1/Data/train/COVID19/COVID19(140).jpg,COVID19,0,train,2000,2000,L,64cfa55d176fb3d0c45db55425024355,539399393150d4f4
data/q1/Data/train/COVID19/COVID19(141).jpg,COVID19,0,train,1727,1442,RGB,d27db07ce1fc37bca768625596bab1b2,711633333333b0f0
data/q1/Data/train/COVID19/COVID19(142).jpg,COVID19,0,train,2000,2000,L,319e42cb77fc898120ea5f4589a754fa,943633323272c4bc
data/q1/Data/train/COVID19/COVID19(143).jpg,COVID19,0,train,2000,2000,L,f03c59dc7481d71ad7536f3bba48d40f,f0139b99b19991b3
data/q1/Data/train/COVID19/COVID19(144).jpg,COVID19,0,train,2000,2000,L,e4398f723053b0cac5c6445a1ddd1340,93db9999d9921232
data/q1/Data/train/COVID19/COVID19(145).jpg,COVID19,0,train,479,481,RGB,22f3ef73f79775e3b62741224c6008f4,f0969292d2f0f0f0
data/q1/Data/train/COVID19/COVID19(146).jpg,COVID19,0,train,685,756,RGB,2a744cb6754f6b787297b029e5ad7340,f0929292b2b0f0d0
data/q1/Data/train/COVID19/COVID19(147).jpg,COVID19,0,train,685,823,RGB,5cd8ced1d0dd68cf726e8737e7e4f29a,e163973272f2f0f0
data/q1/Data/train/COVID19/COVID19(148).jpg,COVID19,0,train,685,754,RGB,afa1c3900a47c5d9b901b761cb2822a0,66363232b0f0e6f4
data/q1/Data/train/COVID19/COVID19(149).jpg,COVID19,0,train,468,369,RGB,8ffca590ba8166ee311d90a4d6b37970,70f49692b2b0d0d0
data/q1/Data/train/COVID19/COVID19(15).jpg,COVID19,0,train,1166,1161,RGB,b78c922aa1e84cb7946588c59da665ab,32f0b6b2b2b2d0b4
data/q1/Data/train/COVID19/COVID19(150).jpg,COVID19,0,train,465,366,RGB,83cbd758667272be7e44108568591bfa,f0949292b2f0f0f0
data/q1/Data/train/COVID19/COVID19(151).jpg,COVID19,0,train,255,249,RGBA,b743db795f9eab7cc6c56025381f440f,b8f89b9b939b99c0
data/q1/Data/train/COVID19/COVID19(152).jpg,COVID19,0,train,256,247,RGBA,1963d0e1476a753eec63219308471636,f03733333333f1d0
data/q1/Data/train/COVID19/COVID19(153).jpg,COVID19,0,train,2000,2000,L,b6529a5d88eb72dcb4463ac93ab77511,c2c4a4363333399b
data/q1/Data/train/COVID19/COVID19(154).jpg,COVID19,0,train,2000,2000,L,a55dd3990b213a9320b6d61be97f5d7c,133333333335172b
data/q1/Data/train/COVID19/COVID19(155).jpg,COVID19,0,train,2500,2048,RGB,e157fc5548583a1fe5f49d047830e616,f31732b2b2f0f0e0
data/q1/Data/train/COVID19/COVID19(156).jpg,COVID19,0,train,2000,2000,L,8fc097d716789e917d1a6303c0d0d3c7,334ab3b1f0700050
data/q1/Data/train/COVID19/COVID19(157).jpg,COVID19,0,train,2000,2000,L,2bc37d519e1a1fc9f8bb24213ab3671e,d89393b0a68292b0
data/q1/Data/train/COVID19/COVID19(158).jpg,COVID19,0,train,1374,1078,RGB,19d810ac785824fcbf741a163ee08378,f092131333b2b0e4
data/q1/Data/train/COVID19/COVID19(159).jpg,COVID19,0,train,2000,2000,L,81c0726cb364a70539933699ed46c150,386b93333339999a
data/q1/Data/train/COVID19/COVID19(16).jpg,COVID19,0,train,361,271,RGB,27a0a1bb7f157db74d1a1c47ae422458,59d9dada5a58d8e0
data/q1/Data/train/COVID19/COVID19(160).jpg,COVID19,0,train,2000,2000,L,02b64ce56288d123181c31ff40d8f4ab,f233333379341118
data/q1/Data/train/COVID19/COVID19(161).jpg,COVID19,0,train,1020,1024,L,e5525ef1944ac2e1b7ec6b0ab940f7cd,b39293b3b33172f2
data/q1/Data/train/COVID19/COVID19(162).jpg,COVID19,0,train,2000,2000,L,e86a007599fe0d99902086ad1319aa27,f5b7323333717533
data/q1/Data/train/COVID19/COVID19(163).jpg,COVID19,0,train,2000,2000,L,1e385e95c3b6f62e8df53f5c3e5e6908,3315363262626028
data/q1/Data/train/COVID19/COVID19(164).jpg,COVID19,0,train,2000,2000,L,b86e6c59a39b5ec59bb1e9ead9769de5,9192b33333313584
data/q1/Data/train/COVID19/COVID19(165).jpg,COVID19,0,train,2000,2000,L,f909782b7956c32ec9bfa9be042f1741,713736727361f551
data/q1/Data/train/COVID19/COVID19(167).jpg,COVID19,0,train,2000,2000,L,49a1a3f70eec2e1da9130363f95fa523,1596333311d69692
data/q1/Data/train/COVID19/COVID19(168).jpg,COVID19,0,train,931,1024,L,3672db90779d1a26fdda0ddcdf9f4f66,f0b6323233f1c0cc
data/q1/Data/train/COVID19/COVID19(169).jpg,COVID19,0,train,1723,1466,RGB,a85b793f293367e39078773f29504e74,30973333333333b1
data/q1/Data/train/COVID19/COVID19(17).jpg,COVID19,0,train,907,689,RGB,3514b4a5f69232709a3e2cce43685805,d892931333b1b080
data/q1/Data/train/COVID19/COVID19(170).jpg,COVID19,0,train,3039,2465,RGB,10bd20601c74c722014ec1d991d08a4c,60e4a6363630f080
data/q1/Data/train/COVID19/COVID19(171).jpg,COVID19,0,train,2000,2000,L,a0c5858f690562fb14b863407b4e46a7,b05b1b1131311034
data/q1/Data/train/COVID19/COVID19(172).jpg,COVID19,0,train,2836,2336,L,43fc450b868465571daf9b213b925c7f,d8c8cbdbd9daf2d0
data/q1/Data/train/COVID19/COVID19(173).jpg,COVID19,0,train,1384,1326,L,3b4ed2f602b61600769af9ad3e010104,f9f03333333190f0
data/q1/Data/train/COVID19/COVID19(174).jpg,COVID19,0,train,2000,2000,L,23440c1aa81b2660fb5bd2366d7e9ae2,32333331313175d4
data/q1/Data/train/COVID19/COVID19(175).jpg,COVID19,0,train,2000,2000,L,a8410d7f3b65a5edb6889e69365c076c,b4363232323290a0
data/q1/Data/train/COVID19/COVID19(176).jpg,COVID19,0,train,1235,1024,L,e5a538b3538be7db4836150c59843ce0,3113939bb9b9b8f8
data/q1/Data/train/COVID19/COVID19(177).jpg,COVID19,0,train,1160,1024,L,22cc95767b1829fb94bc141fe9e01397,b850139333b3f0cc
data/q1/Data/train/COVID19/COVID19(178).jpg,COVID19,0,train,561,554,RGB,7b19954dd140bffb632d82026a8eefa0,f036333230b0f0f0
data/q1/Data/train/COVID19/COVID19(179).jpg,COVID19,0,train,613,509,RGB,2b20071fcf7064584ef6a676eec323b9,70b032323272f0f0
data/q1/Data/train/COVID19/COVID19(18).jpg,COVID19,0,train,913,651,RGB,ad52be5ac90eb816a3a71523785f8b37,f8b636333331f0f0
data/q1/Data/train/COVID19/COVID19(180).jpg,COVID19,0,train,582,512,RGB,8dcb24eba021ae02e16f7e16259f717e,b090b2b2b2b0f0f0
data/q1/Data/train/COVID19/COVID19(181).jpg,COVID19,0,train,610,440,L,a86c387cd7800793ffca994512806ffd,b63633323230f0f0
data/q1/Data/train/COVID19/COVID19(182).jpg,COVID19,0,train,1528,1792,RGB,e7a9742496693915518be81ac6fe7830,f0929292d2c4d4f4
data/q1/Data/train/COVID19/COVID19(183).jpg,COVID19,0,train,1279,998,RGB,d78c8988a4f617ddfa048ce9606baba3,e42434767272b0f4
data/q1/Data/train/COVID19/COVID19(184).jpg,COVID19,0,train,1992,1285,RGB,c5ed0a5181cb535a5a37a4eb6bb92f45,f4b6b2b2b2b1f0e0
data/q1/Data/train/COVID19/COVID19(185).jpg,COVID19,0,train,440,348,RGB,31ca0b681f2982784ba5458fc66e1fa4,b6333333333171f0
data/q1/Data/train/COVID19/COVID19(186).jpg,COVID19,0,train,768,743,RGB,edcecce7cae72a3723337686e9b19776,39119393b2b0f0e0
data/q1/Data/train/COVID19/COVID19(187).jpg,COVID19,0,train,2000,2000,L,5b197a40b85c88e8cbfa1122a7b81167,e896b232333371d6
data/q1/Data/train/COVID19/COVID19(188).jpg,COVID19,0,train,1793,1479,RGB,8e8a6585f9e35fff2fe68c44250922f7,ab2767676763a1c4
data/q1/Data/train/COVID19/COVID19(189).jpg,COVID19,0,train,2000,2000,L,950cc663c856354cf25e300e232e0f61,cc92b233333175c6
data/q1/Data/train/COVID19/COVID19(19).jpg,COVID19,0,train,913,643,RGB,80da17c3c3ee9064eda5c932bef19b68,d09213333131f1a0
data/q1/Data/train/COVID19/COVID19(190).jpg,COVID19,0,train,1249,1243,RGB,d49ea73c11484768bfc518332665c94b,b0133333313170f2
data/q1/Data/train/COVID19/COVID19(191).jpg,COVID19,0,train,1024,842,RGB,ca2b70a6ed2811363ce8f120969c04a9,f0f4969292f0f0f0
data/q1/Data/train/COVID19/COVID19(192).jpg,COVID19,0,train,4200,3408,RGB,1fedf19b9168ee58b35e78b5c55d28ee,b0929292b2f0f0f0
data/q1/Data/train/COVID19/COVID19(193).jpg,COVID19,0,train,1458,1303,RGBA,eb817fc2e3b3c3d627b1795351b18334,f89293b33311b4ac
data/q1/Data/train/COVID19/COVID19(194).jpg,COVID19,0,train,1024,842,RGB,2345bf47a874b17f6b5c65f3c148b46d,f1929292b2b0f0e0
data/q1/Data/train/COVID19/COVID19(195).jpg,COVID19,0,train,2000,2000,L,aa86ee6aa2b494997cbd11dfe4bc43f3,7736333339351331
data/q1/Data/train/COVID19/COVID19(196).jpg,COVID19,0,train,2000,2000,L,34d3081c2da31fbb87cf616b545be831,16b3333184b3abaa
data/q1/Data/train/COVID19/COVID19(197).jpg,COVID19,0,train,1799,1472,RGB,fc8e0147a5b6b6721667fbfda73a4cd7,71d5b2b2b2d080a0
data/q1/Data/train/COVID19/COVID19(198).jpg,COVID19,0,train,2000,2000,L,de9b27e38f9c6360a3db419a94dd06a8,90242662626248dc
data/q1/Data/train/COVID19/COVID19(199).jpg,COVID19,0,train,2000,2000,L,49a1c0a157138096bae22e030d49ac08,8a999999b93858d2
data/q1/Data/train/COVID19/COVID19(2).jpg,COVID19,0,train,2000,2000,L,adcceaef830cc6050f65f4bd4c692827,f896b23233337182
data/q1/Data/train/COVID19/COVID19(20).jpg,COVID19,0,train,1513,1246,RGB,c79f79c1dc048485024847de4e2cdda7,f0d6b2b2b2b2d4e0
data/q1/Data/train/COVID19/COVID19(200).jpg,COVID19,0,train,2000,2000,L,96fc890b9bf546ee819c8be491647576,7396323333337191
data/q1/Data/train/COVID19/COVID19(201).jpg,COVID19,0,train,2000,2000,L,1bbaf85d8e989dd6b24d35da49f742c1,79da999999daeacb
data/q1/Data/train/COVID19/COVID19(202).jpg,COVID19,0,train,1223,1024,L,2ad1da012a7549249a749774b6e3b31a,941313333333f0f0
data/q1/Data/train/COVID19/COVID19(203).jpg,COVID19,0,train,1233,1024,L,17a7a07018352035d9f9fec9b59013cd,ff373333333130f0
data/q1/Data/train/COVID19/COVID19(204).jpg,COVID19,0,train,1239,1024,L,3aa516fdcd7f3a5e04dd3c5269d18cb3,f0f3131b3339b8f8
data/q1/Data/train/COVID19/COVID19(205).jpg,COVID19,0,train,2000,2000,L,715242e196070efe581d9e547facef07,7112333333313576
data/q1/Data/train/COVID19/COVID19(206).jpg,COVID19,0,train,657,657,RGB,19d6e81677bdcf5d160fed2eed4ff674,f33733333371d0f0
data/q1/Data/train/COVID19/COVID19(207).jpg,COVID19,0,train,2000,2000,L,759ebdb9b752ab9af8ca2d63a45d7689,c027666662632a4e
data/q1/Data/train/COVID19/COVID19(208).jpg,COVID19,0,train,2000,2000,L,f6927bf28a3cfce31ffc74cf885a39b0,b09696b2b2b2d4d4
data/q1/Data/train/COVID19/COVID19(209).jpg,COVID19,0,train,1592,1448,RGB,4b43af848b589869190760a5a18eaa5e,f09692b333d0d0f0
data/q1/Data/train/COVID19/COVID19(21).jpg,COVID19,0,train,1552,1237,RGB,08f14e937fe1f57dca35a7f856698c94,b096b2b3b3b1d4f4
data/q1/Data/train/COVID19/COVID19(210).jpg,COVID19,0,train,651,659,RGB,8e33ca0bcffa94ec1646d0d177b46548,f193933331d2d0f0
data/q1/Data/train/COVID19/COVID19(211).jpg,COVID19,0,train,2000,2000,L,8d380beb640baa39cfc2844d861f28e2,f365267672723662
data/q1/Data/train/COVID19/COVID19(212).jpg,COVID19,0,train,2000,2000,L,2482f91f2567dec0aa9201538ffc6e80,7096b6b2b2b2c8d4
data/q1/Data/train/COVID19/COVID19(213).jpg,COVID19,0,train,1007,1024,L,a968bf6a1b77c60b59c6842c409d4f59,f892933b3931f0e4
data/q1/Data/train/COVID19/COVID19(214).jpg,COVID19,0,train,2000,2000,L,7d3296254b46483bccf9d5c6c03575fc,90133333333194b2
data/q1/Data/train/COVID19/COVID19(215).jpg,COVID19,0,train,2000,2000,L,c95569e322b2a904ddf9c6864927bc81,f0163333333586b2
data/q1/Data/train/COVID19/COVID19(216).jpg,COVID19,0,train,2000,2000,L,73116841ac8eab7ddf09dab3b6cd5bfb,f092939b999999ca
data/q1/Data/train/COVID19/COVID19(217).jpg,COVID19,0,train,2000,2000,L,19e0b668891f445919cdb9bfb7f80343,a2acb232333130d2
data/q1/Data/train/COVID19/COVID19(218).jpg,COVID19,0,train,2000,2000,L,9113d695c0fec8691ca9850cf5a13ece,66ab266663213472
data/q1/Data/train/COVID19/COVID19(219).jpg,COVID19,0,train,1582,1618,RGB,7a0d5ac84e2bcac17e3ee63d7e835217,b233333331f1f0f0
data/q1/Data/train/COVID19/COVID19(22).jpg,COVID19,0,train,1168,1294,RGB,27ace652b8acd587f428da087000d754,626024366630a0e0
data/q1/Data/train/COVID19/COVID19(220).jpg,COVID19,0,train,2000,2000,L,b80c8686ccb1e94e45dc80d5a11410b1,e03733333131140b
data/q1/Data/train/COVID19/COVID19(221).jpg,COVID19,0,train,2000,2000,L,2127b0c5298bb7ed3b5edb976a206e12,e896333333333174
data/q1/Data/train/COVID19/COVID19(222).jpg,COVID19,0,train,679,497,L,ae356cd07ac852ffd5157978eea3535c,c89b9991b1b1e0e0
data/q1/Data/train/COVID19/COVID19(223).jpg,COVID19,0,train,475,420,RGBA,604331c06d95508a0b6e0eb58f9ba5b4,f1f3b3b3b331b8fa
data/q1/Data/train/COVID19/COVID19(224).jpg,COVID19,0,train,338,372,RGB,6d877e37c9b92c2f8c462e20c4e3a8e6,f0e0e2727220a424
data/q1/Data/train/COVID19/COVID19(225).jpg,COVID19,0,train,338,372,RGB,359920ba63933da847742fbd3a45bf63,d966b23273733536
data/q1/Data/train/COVID19/COVID19(226).jpg,COVID19,0,train,629,708,L,2ccd8f56b15974d04fb82dd8452b758a,78f293b331309424
data/q1/Data/train/COVID19/COVID19(227).jpg,COVID19,0,train,625,707,L,36c574f4311a7eddcf5a2010a9419c63,73f4323273b0d470
data/q1/Data/train/COVID19/COVID19(228).jpg,COVID19,0,train,685,615,L,dc6413ac41e82014b135f594ffe40623,38192bdb99d8f870
data/q1/Data/train/COVID19/COVID19(229).jpg,COVID19,0,train,694,613,L,318cc7909e8cdeb0f8ba9f8fa5388787,e0ef2e2666727070
data/q1/Data/train/COVID19/COVID19(23).jpg,COVID19,0,train,1117,1305,RGB,8e14adb1692a382a90642425a271dbd4,b9911393b2f0e8f0
data/q1/Data/train/COVID19/COVID19(230).jpg,COVID19,0,train,695,611,L,5d1b145f1b4d76b369e0d67729fbb819,9bb3f1e1f0b07070
data/q1/Data/train/COVID19/COVID19(233).jpg,COVID19,0,train,2000,1390,RGB,e076781c2081bf6f4e10986ef92b77d6,63869694b0b0e0e0
data/q1/Data/train/COVID19/COVID19(234).jpg,COVID19,0,train,2000,1390,RGB,503a74583df9b9d85b526b88b6bc9748,0014b63630b0e0e0
data/q1/Data/train/COVID19/COVID19(235).jpg,COVID19,0,train,2000,1933,RGB,87941e705c3dcfc2911494cd69b0fd8f,72f036367260e0e0
data/q1/Data/train/COVID19/COVID19(236).jpg,COVID19,0,train,2000,1607,RGB,c334a1967b2f0954ab1e0a31a5b5d6ee,3772d2f2b0f0f0f0
data/q1/Data/train/COVID19/COVID19(237).jpg,COVID19,0,train,2000,1857,RGB,2f0f35eb16d55d38eafa73f473b8ca18,f31213333339f1f0
data/q1/Data/train/COVID19/COVID19(238).jpg,COVID19,0,train,882,888,RGB,a8618e96976dafed60709a276b0e8797,4466626270c0d0f2
data/q1/Data/train/COVID19/COVID19(239).jpg,COVID19,0,train,880,891,RGB,2abf0ae16cc2fb3dbfcd6d36b45c2f0a,7c36327a74f4bcbc
data/q1/Data/train/COVID19/COVID19(24).jpg,COVID19,0,train,477,411,RGB,681706b64ca035c0f62630ad8f5d7b3f,b233333331713130
data/q1/Data/train/COVID19/COVID19(240).jpg,COVID19,0,train,882,876,RGB,1f5ffa1028c83d9ff76cf402c684f466,449bb9303072c280
data/q1/Data/train/COVID19/COVID19(241).jpg,COVID19,0,train,880,874,RGB,6b2b6d000ce282b30d9bfb264c4f0f79,71b636323272f0f4
data/q1/Data/train/COVID19/COVID19(242).jpg,COVID19,0,train,1169,1094,RGB,9ca638fe4f3927337d83b334d806bb37,1a1b3b39393931d0
data/q1/Data/train/COVID19/COVID19(243).jpg,COVID19,0,train,2000,2000,L,7b44867da5ff13abc870ffcb879780cc,d03636327331b4e4
data/q1/Data/train/COVID19/COVID19(244).jpg,COVID19,0,train,2000,2000,L,7dfcfb53cd2a83566be334aad1246458,11874b99193848ab
data/q1/Data/train/COVID19/COVID19(245).jpg,COVID19,0,train,2150,1648,RGB,ea3f2741e27fd7a582d3ed398486e32e,622727363632b0f0
data/q1/Data/train/COVID19/COVID19(246).jpg,COVID19,0,train,2000,2000,L,8393eb25469e8126f3f1117754e63a4d,e0b63632333152a2
data/q1/Data/train/COVID19/COVID19(247).jpg,COVID19,0,train,2000,2000,L,037a22e830504b4d5f007e918fa4bd64,f193933331919292
data/q1/Data/train/COVID19/COVID19(248).jpg,COVID19,0,train,2000,2000,L,7a9b11d23b63da9bb71064efcb82b073,d49292b2aa8ec4d4
data/q1/Data/train/COVID19/COVID19(249).jpg,COVID19,0,train,2000,2000,L,d7e2f03cd043c8028a7e6c5797124639,5a7232337371f6b2
data/q1/Data/train/COVID19/COVID19(25).jpg,COVID19,0,train,508,500,RGB,83060c49a47d02c4a3bdbd8f3fed8f9c,b0123333313130f0
data/q1/Data/train/COVID19/COVID19(250).jpg,COVID19,0,train,2000,2000,L,1037e68fce098082537b2ea08724d138,e26d6466666c3464
data/q1/Data/train/COVID19/COVID19(252).jpg,COVID19,0,train,2000,2000,L,b4553b3ea307c397f8d8f2f6630e0266,b29293b2b2b2d4d4
data/q1/Data/train/COVID19/COVID19(253).jpg,COVID19,0,train,2000,2000,L,6178b430a2765ce0bd2be0e8162acf0e,d09293b3b3b1b1ec
data/q1/Data/train/COVID19/COVID19(254).jpg,COVID19,0,train,2000,2000,L,db91d832d1aa47783e5b4e9a9cbae55f,b1133333b131e519
data/q1/Data/train/COVID19/COVID19(255).jpg,COVID19,0,train,1989,1463,RGB,3b34b5e706800f0f10492b3914ff165a,96363233333378b0
data/q1/Data/train/COVID19/COVID19(256).jpg,COVID19,0,train,2000,2000,L,84783d439ac086b4e619433d80b419a9,b81b111331391190
data/q1/Data/train/COVID19/COVID19(257).jpg,COVID19,0,train,5623,4757,RGB,ae21fdea02d71de2b8b1a0e2c6b1ad34,313034353030b0e0
data/q1/Data/train/COVID19/COVID19(259).jpg,COVID19,0,train,817,852,RGBA,1747f7bea0fafb6c985c143e093ea73d,f03333333371f0f0
data/q1/Data/train/COVID19/COVID19(26).jpg,COVID19,0,train,439,362,RGBA,eb0477e2625ef68164a34eabd5f2c843,70d4b6b6b2b0f0d4
data/q1/Data/train/COVID19/COVID19(260).jpg,COVID19,0,train,2000,2000,L,1774eb6eb9d4221bd069093afa398906,27b33331150523e0
data/q1/Data/train/COVID19/COVID19(261).jpg,COVID19,0,train,1837,1505,RGB,ebe974baadf990bf57bf99cd1319ea45,f0d8929292b2d0d0
data/q1/Data/train/COVID19/COVID19(262).jpg,COVID19,0,train,359,345,RGBA,fbfba0b95077cf732d5751e08a5ad71c,b096b2b2b2b2f0f0
data/q1/Data/train/COVID19/COVID19(263).jpg,COVID19,0,train,362,330,RGBA,9b9550d876cdedd3386c86967976bde2,9096b2b23232f0f0
data/q1/Data/train/COVID19/COVID19(264).jpg,COVID19,0,train,352,334,RGBA,d97595769c68d466a1ad96493307a0b0,5797b2b2b0b0f0f0
data/q1/Data/train/COVID19/COVID19(266).jpg,COVID19,0,train,1050,973,RGB,ca25ff417735a106b51e3156b1f88f77,b0133333b3d186a2
data/q1/Data/train/COVID19/COVID19(267).jpg,COVID19,0,train,3024,4032,L,744d0fe7f0aefa0aa38a956a572a2991,f036333331d595f4
data/q1/Data/train/COVID19/COVID19(268).jpg,COVID19,0,train,1772,1794,RGB,5afbe1f9ed02baf634c12379a99d8c3e,73b63333317131b2
data/q1/Data/train/COVID19/COVID19(269).jpg,COVID19,0,train,1980,2004,L,312475b57e1887ec42d44e5d5c507fde,63b3c01213e3e0e0
data/q1/Data/train/COVID19/COVID19(27).jpg,COVID19,0,train,445,362,RGBA,fa650b7234d99ff7a918d2eba5f82cb2,70d696b2b2b2f0d0
data/q1/Data/train/COVID19/COVID19(270).jpg,COVID19,0,train,1743,1674,L,8609dea2a1e6281a0592fdb02a1e5836,71f2133333b39182
data/q1/Data/train/COVID19/COVID19(271).jpg,COVID19,0,train,556,557,L,af91833d176e28d43a9fec1f13b4bbc2,389b9b3939d9d0f0
data/q1/Data/train/COVID19/COVID19(272).jpg,COVID19,0,train,872,648,L,4fed9f07e0673cf52fa5616a55c04aaa,f036363232b0f0e0
data/q1/Data/train/COVID19/COVID19(273).jpg,COVID19,0,train,3052,2541,L,7bd2c79cd3c28be6d796a6bf96e13552,f0a4246460e0e0e0
data/q1/Data/train/COVID19/COVID19(274).jpg,COVID19,0,train,1440,1420,L,d1312ef7774fcf0dc6bf6bc782aacf00,f0923333313190c2
data/q1/Data/train/COVID19/COVID19(275).jpg,COVID19,0,train,1414,1755,L,b08c168ab156df571e98fe1f690855b8,e02637333331d2c4
data/q1/Data/train/COVID19/COVID19(276).jpg,COVID19,0,train,1213,1611,L,a5d4b2acc734d3e0de16c902669fd507,f03333333131f082
data/q1/Data/train/COVID19/COVID19(277).jpg,COVID19,0,train,844,480,L,fca3d5d75e83b744014237ac552e03d6,d4d2f0f0f0f0f0f0
data/q1/Data/train/COVID19/COVID19(278).jpg,COVID19,0,train,767,739,L,b8200346a781b877b68f8f9431610053,f0931333333171d3
data/q1/Data/train/COVID19/COVID19(28).jpg,COVID19,0,train,436,391,RGBA,3686ff35bf408ace11d47d46ce5b371b,f49692b3b39092b2
data/q1/Data/train/COVID19/COVID19(280).jpg,COVID19,0,train,849,695,L,4afccfedfca3ef06d57a455e8f0737a0,e43233333130b0f0
data/q1/Data/train/COVID19/COVID19(281).jpg,COVID19,0,train,895,734,L,8f571037d2c3d1d944e9113a9bb4bb1e,30b2d49692b0f0f0
data/q1/Data/train/COVID19/COVID19(282).jpg,COVID19,0,train,895,732,L,881156a133e710f2b87959893895ceab,ecc9c9c9d9d8f8f8
data/q1/Data/train/COVID19/COVID19(283).jpg,COVID19,0,train,881,663,L,0df7e288d4322b2b226850a9c39295e4,e52636333331d0f2
data/q1/Data/train/COVID19/COVID19(284).jpg,COVID19,0,train,785,664,L,bde0a66b310ed87fe4a9ea5a80d92c42,713633b3b3b1f8f8
data/q1/Data/train/COVID19/COVID19(286).jpg,COVID19,0,train,977,734,L,2732a5026de826752f4d695a6f367f2a,b89a9b9b91f3f2f0
data/q1/Data/train/COVID19/COVID19(287).jpg,COVID19,0,train,972,733,L,405a4981f217743ac469d083ac2f2959,f09492b2b230b0d0
data/q1/Data/train/COVID19/COVID19(288).jpg,COVID19,0,train,895,734,L,01922495b241eb6d8dc01ca3907c7e16,30f0d2f2f0f8f8f0
data/q1/Data/train/COVID19/COVID19(289).jpg,COVID19,0,train,895,734,L,4fee73756b29b520c62dadde7ef50ea4,b2f8d69292b2b0f0
data/q1/Data/train/COVID19/COVID19(29).jpg,COVID19,0,train,439,391,RGBA,4f0d2086592b0d8b91de2798970f6736,34969293b9d2d2da
data/q1/Data/train/COVID19/COVID19(291).jpg,COVID19,0,train,890,662,L,a2501fd4243d7740cd4ae73cb5693284,98929232b2b2f0f0
data/q1/Data/train/COVID19/COVID19(292).jpg,COVID19,0,train,732,705,L,f404cf24f8ef8ef33354fc8bb579a608,e2a6363233d28684
data/q1/Data/train/COVID19/COVID19(293).jpg,COVID19,0,train,714,638,L,b86040b13659e2884b0f212f5d45c852,70963233317170a1
data/q1/Data/train/COVID19/COVID19(294).jpg,COVID19,0,train,615,678,L,6039dda669b4387163feab5911ff65f5,f19a1b9939588292
data/q1/Data/train/COVID19/COVID19(295).jpg,COVID19,0,train,666,636,L,aeb7855b8fc36468de96d8aca30ef411,f8d09292b273f0e0
data/q1/Data/train/COVID19/COVID19(297).jpg,COVID19,0,train,1962,1862,L,b45cd007d99b0f8a1dcd69c0c056ca58,f0323333333171f0
data/q1/Data/train/COVID19/COVID19(298).jpg,COVID19,0,train,1374,1025,L,f93cb08e91f345f749305f2ec7f514f3,3396b6b2b2b2f0e0
data/q1/Data/train/COVID19/COVID19(299).jpg,COVID19,0,train,224,224,L,a0cd1052640b526a1f5cd19e82e9e700,e09436363632b0f0
data/q1/Data/train/COVID19/COVID19(3).jpg,COVID19,0,train,1610,1632,RGB,fb07f65111c244f3a74aa2f8a188aa55,f0d2933331919192
data/q1/Data/train/COVID19/COVID19(30).jpg,COVID19,0,train,763,737,RGB,3a145926892ff62ffbd68b4ce0607d96,f1f436323231f0f0
data/q1/Data/train/COVID19/COVID19(300).jpg,COVID19,0,train,1024,1024,RGB,b95d9eb5c145cbf820f885c3dfa88cc4,62a4b4b4f0f0f1f1
data/q1/Data/train/COVID19/COVID19(301).jpg,COVID19,0,train,1024,1024,RGB,083d354eea27a9c7f7b6bd62108ace6b,6624363230b4b4f0
data/q1/Data/train/COVID19/COVID19(302).jpg,COVID19,0,train,1024,1024,RGB,f4d5f539bca5deddf642f5d971ce9a7b,60a4b4b0f0f0f1f1
data/q1/Data/train/COVID19/COVID19(303).jpg,COVID19,0,train,1024,1024,RGB,0bc9dd89b0aba7e78999af5e60dcda19,26243632b0b4f0f0
data/q1/Data/train/COVID19/COVID19(305).jpg,COVID19,0,train,1024,1024,RGB,b71dd7bdc2a787fa4a573ff8268fbd60,34343632b0b4f0f0
data/q1/Data/train/COVID19/COVID19(306).jpg,COVID19,0,train,1024,1024,RGB,05244594b4e2ec92a70a07ced2eeee09,b2d4d4d292f0f0f0
data/q1/Data/train/COVID19/COVID19(307).jpg,COVID19,0,train,1024,1024,RGB,9e29dec7b91000d4505a5061c57b8ce1,b2d496b2b2f0f0f0
data/q1/Data/train/COVID19/COVID19(308).jpg,COVID19,0,train,1024,1024,RGB,b7a494ca16af4fd800f8a49973dafa5c,57d6d292b0f0f070
data/q1/Data/train/COVID19/COVID19(310).jpg,COVID19,0,train,1024,1024,RGB,8480fa91fda606ac13ded9752d22ef35,f2e07171f1f1f1e1
data/q1/Data/train/COVID19/COVID19(311).jpg,COVID19,0,train,1024,1024,RGB,dee7ce02295a19653d1e48a59225a9d4,36f0d0f1b1f1e1f1
data/q1/Data/train/COVID19/COVID19(312).jpg,COVID19,0,train,1024,992,RGB,b9f7db26276991e1a17fd8b6b6442fd1,e0f4a4e1b0e0e0c8
data/q1/Data/train/COVID19/COVID19(313).jpg,COVID19,0,train,967,991,RGB,0103e3e1745bad1a2309d547b74c49de,31319632333333b3
data/q1/Data/train/COVID19/COVID19(314).jpg,COVID19,0,train,1024,1024,RGB,a3c444426d56373e948faf7eb0296a8e,3391b33b38f8f0f0
data/q1/Data/train/COVID19/COVID19(315).jpg,COVID19,0,train,1021,1024,RGB,518954961e1440a0cfa01b11b698e42a,3013333331313192
data/q1/Data/train/COVID19/COVID19(316).jpg,COVID19,0,train,1020,1014,RGB,70c96be760f53d5e8d3d0342bf5e76a8,b496929399d2d2da
data/q1/Data/train/COVID19/COVID19(317).jpg,COVID19,0,train,1024,1015,RGB,85217b1ed49f9d13a5b3b249ab050768,d69293b3b1919292
data/q1/Data/train/COVID19/COVID19(319).jpg,COVID19,0,train,1024,1024,RGB,a2c1ba025e660948a343ea69812c8897,60dcb4b6b2b2f0e4
data/q1/Data/train/COVID19/COVID19(32).jpg,COVID19,0,train,643,739,RGB,4f0c710ec80c7939e4ca25be2c54bcc0,f81b13333371f0f0
data/q1/Data/train/COVID19/COVID19(320).jpg,COVID19,0,train,1010,1024,RGB,7baa21891e8410fac0da91482abb8701,c9c9d9f9f0f0f0e0
data/q1/Data/train/COVID19/COVID19(321).jpg,COVID19,0,train,1024,1013,RGB,0399435393bf24ad8cefc189cafed60c,ec49d9d9f8f0d0f0
data/q1/Data/train/COVID19/COVID19(322).jpg,COVID19,0,train,1005,1024,RGB,dd27d6f4a2b5b27354b1697896d1418b,c5c02c647472f0f0
data/q1/Data/train/COVID19/COVID19(323).jpg,COVID19,0,train,1024,998,RGB,e73cf44cd240a909abaf843989747b2d,c06e667270f0f0f0
data/q1/Data/train/COVID19/COVID19(324).jpg,COVID19,0,train,1024,1024,RGB,31d9569dd19a1389acaed82d59e4fc1c,11333333d1f0f0f0
data/q1/Data/train/COVID19/COVID19(325).jpg,COVID19,0,train,1024,988,RGB,a7626da4e31843874527e37b0c1123f7,e633737370f0f0f0
data/q1/Data/train/COVID19/COVID19(326).jpg,COVID19,0,train,1024,1024,RGB,edf919e39678e81cf8cee63f23e9b233,e4b2737070f0f0f0
data/q1/Data/train/COVID19/COVID19(327).jpg,COVID19,0,train,1024,1010,RGB,49821c19f0f40c511444a793475b243c,e5b37333313130d8
data/q1/Data/train/COVID19/COVID19(328).jpg,COVID19,0,train,1024,1024,RGB,d58f16bcbbfd0532f1a167499a0eabae,36333333f0c8c8c2
data/q1/Data/train/COVID19/COVID19(329).jpg,COVID19,0,train,1024,1024,RGB,a0994503201cfab16694b4d03bf7da53,d0b232b2b2f0d090
data/q1/Data/train/COVID19/COVID19(33).jpg,COVID19,0,train,1051,1056,RGB,23e94282d1c7ac679a86506035cd44d9,3233b6b2b2f2f0c8
data/q1/Data/train/COVID19/COVID19(330).jpg,COVID19,0,train,1020,1024,RGB,d95f188cd1c4f723deb6116817996f2a,9436327070f0f0f0
data/q1/Data/train/COVID19/COVID19(331).jpg,COVID19,0,train,1024,1024,RGB,8a4f10afea6e6b629ec434df7b88d2b8,da9a98b8f0f0f0f0
data/q1/Data/train/COVID19/COVID19(332).jpg,COVID19,0,train,1024,1024,RGB,2118bfd43d1d43fe179f09d3f0d13212,d292939393939391
data/q1/Data/train/COVID19/COVID19(333).jpg,COVID19,0,train,1019,1022,RGB,6fb0b219fd4689a8bf9efea4ba7c0ae7,da13133b39b1f1f0
data/q1/Data/train/COVID19/COVID19(334).jpg,COVID19,0,train,1024,1024,RGB,6d53fe3793dddbfac3421f64c26d76d5,cc96333331713094
data/q1/Data/train/COVID19/COVID19(335).jpg,COVID19,0,train,1024,1024,RGB,157ffb299e9c465e32e0e13eb7825b5f,d633333331313194
data/q1/Data/train/COVID19/COVID19(336).jpg,COVID19,0,train,1024,1024,RGB,71be115a17edd86b6061533d3ba8ebf4,669b9bb9b1f0f0f0
data/q1/Data/train/COVID19/COVID19(337).jpg,COVID19,0,train,1024,1024,RGB,31e300d3d1510687ba1f2b6214c6f033,d21313333171f1d3
data/q1/Data/train/COVID19/COVID19(338).jpg,COVID19,0,train,1024,1024,RGB,d377c7fb4b29d6f9fd361fcbe1a20b93,703333337371b192
data/q1/Data/train/COVID19/COVID19(339).jpg,COVID19,0,train,1024,1019,RGB,fa11338b948a0b81b1a9948cadacd895,e2e426767270b0b0
data/q1/Data/train/COVID19/COVID19(34).jpg,COVID19,0,train,1051,1056,RGB,9b191980e75297741e9875ca3083c020,5094b2f0d0d0d0f0
data/q1/Data/train/COVID19/COVID19(340).jpg,COVID19,0,train,1024,1024,RGB,5664a1f8801fce69d41bf7ead0b242f7,732234323232b0e0
data/q1/Data/train/COVID19/COVID19(342).jpg,COVID19,0,train,1024,1024,RGB,9eea2e9ce397efd0adbabd40f2534197,7190b6b2b2b2d4b4
data/q1/Data/train/COVID19/COVID19(343).jpg,COVID19,0,train,1024,1024,RGB,96afeb4947c7f2866d89a2b02e4d6009,f0929292d2f0f0f0
data/q1/Data/train/COVID19/COVID19(344).jpg,COVID19,0,train,1024,1024,RGB,375866752569a2915ac8f15dc72763d6,f1d0d4f07161f1f1
data/q1/Data/train/COVID19/COVID19(345).jpg,COVID19,0,train,1008,1024,RGB,3099a829aa66830781f6b13d375e153a,d81293333331b1f0
data/q1/Data/train/COVID19/COVID19(346).jpg,COVID19,0,train,1024,1024,RGB,bed5589e8be2aca416cf9a7d6632b234,f0963333333131f0
data/q1/Data/train/COVID19/COVID19(347).jpg,COVID19,0,train,1024,1024,RGB,fc76a56b57c34ebaa6992e4e94e5f42b,36373333333131b0
data/q1/Data/train/COVID19/COVID19(348).jpg,COVID19,0,train,1024,1024,RGB,8e05c1752b11a53f12f9f3c938c24e1f,10333333333190d2
data/q1/Data/train/COVID19/COVID19(349).jpg,COVID19,0,train,1024,1024,RGB,d30e317700eaf76df4b4bae721a30f71,25363633727270d0
data/q1/Data/train/COVID19/COVID19(35).jpg,COVID19,0,train,1333,1080,RGB,fc21be717e987d3e0497bbf5f62ad84c,f09696b2b2b2f0f4
data/q1/Data/train/COVID19/COVID19(350).jpg,COVID19,0,train,1024,1024,RGB,efb234fbea67a3c900aba36cb1293db3,70b4b4b0f0f0f1f1
data/q1/Data/train/COVID19/COVID19(351).jpg,COVID19,0,train,1024,1024,RGB,cc469de74b48ec435cd71d824e25b1ee,76343632b0b4f0f0
data/q1/Data/train/COVID19/COVID19(352).jpg,COVID19,0,train,1024,1024,RGB,5fe1e94977ba8ef71fceb5be8969c61a,f8f2b3333131b064
data/q1/Data/train/COVID19/COVID19(353).jpg,COVID19,0,train,1020,1024,RGB,adf01ae3cbc9c60b1359c25fa1254917,73f632323331d470
data/q1/Data/train/COVID19/COVID19(354).jpg,COVID19,0,train,1024,1024,RGB,cfbfec305981ea8492ddfa6ce66d181e,9b33f1e1f0f07070
data/q1/Data/train/COVID19/COVID19(355).jpg,COVID19,0,train,1024,1024,RGB,a217232bcda04009b79beb1b4b15cdda,1213133bb9b1f8f8
data/q1/Data/train/COVID19/COVID19(356).jpg,COVID19,0,train,1024,1024,RGB,e02ac61abb347bc55a5b1ba801303bdc,d09213333232f0e0
data/q1/Data/train/COVID19/COVID19(357).jpg,COVID19,0,train,1024,1024,RGB,5fa3a5798f7e7c71dbc5d415bdeba324,31373333333131f0
data/q1/Data/train/COVID19/COVID19(358).jpg,COVID19,0,train,1024,1024,RGB,420f4ca52544ec277e3154f5d980b79f,929393b3b1f0f0d0
data/q1/Data/train/COVID19/COVID19(36).jpg,COVID19,0,train,1337,1017,RGB,e079f5b54984eff98d59e077f38e63b7,d4b6b6b4b0f0e0f0
data/q1/Data/train/COVID19/COVID19(360).jpg,COVID19,0,train,1024,1024,RGB,d15ceeb7166b540853b6913d185fda79,e8dcdcb0b8b8f0c0
data/q1/Data/train/COVID19/COVID19(361).jpg,COVID19,0,train,1109,701,RGB,e5551b7c48a6e3443630853ea77d8f8c,309292b2b2b280b0
data/q1/Data/train/COVID19/COVID19(362).jpg,COVID19,0,train,2376,2880,RGB,34bdd2f3d4051a9ce8831c86198244eb,f036373333f0c0f0
data/q1/Data/train/COVID19/COVID19(364).jpg,COVID19,0,train,489,431,RGB,d9a89ef4a0d6b2db91ea2b07ad56be44,92b2333331713092
data/q1/Data/train/COVID19/COVID19(365).jpg,COVID19,0,train,866,641,RGBA,ffef4fbbdf632dbfb7457e8f512887df,739636333333b3b2
data/q1/Data/train/COVID19/COVID19(366).jpg,COVID19,0,train,1133,842,RGBA,a5aa064f4715c2c4fec78981985477d4,b29696b3b39bdaf0
data/q1/Data/train/COVID19/COVID19(367).jpg,COVID19,0,train,1056,842,RGBA,7edd14815d9ee61eb2bc9e36187fddd3,6637363273f1f8f0
data/q1/Data/train/COVID19/COVID19(368).jpg,COVID19,0,train,3040,2466,RGB,ab9365eb9aa98436502a47073a84ef64,70f69393b3b1f0c6
data/q1/Data/train/COVID19/COVID19(369).jpg,COVID19,0,train,4200,3408,RGB,77badf14bb4d6159c7edf4b4bd9342b5,623632b2b0b0f8f8
data/q1/Data/train/COVID19/COVID19(37).jpg,COVID19,0,train,1337,1031,RGB,81a5e342adbf3afa50e29d51fd62f9d6,61e0a4242430f1e1
data/q1/Data/train/COVID19/COVID19(370).jpg,COVID19,0,train,1161,1185,RGBA,45cb984160e77c5f02c241678342c77b,f0b632b2b2b0d2a0
data/q1/Data/train/COVID19/COVID19(371).jpg,COVID19,0,train,1040,847,RGBA,55993cffde707b2b7783e77a596cc75c,f4b2b333b191e5ec
data/q1/Data/train/COVID19/COVID19(372).jpg,COVID19,0,train,1024,1024,RGBA,ebdb5c551437f3fd1d7f324590a3bf06,b3b29696b2f0f0f1
data/q1/Data/train/COVID19/COVID19(373).jpg,COVID19,0,train,1024,1024,RGBA,70bb3a4166acf1af75203a7c170734aa,f0d2d2d2daf070f0
data/q1/Data/train/COVID19/COVID19(374).jpg,COVID19,0,train,981,745,RGBA,6881f6378ccd32cfaa3f71a03c765015,b99b9b9b9b93d8d8
data/q1/Data/train/COVID19/COVID19(375).jpg,COVID19,0,train,1127,1163,RGBA,f806dd265070de967cc98b2b78e88202,b0b7323273d0b0f0
data/q1/Data/train/COVID19/COVID19(377).jpg,COVID19,0,train,2386,1835,RGB,7a372752218b19ed4533a085fef1099c,fcb632727331f1e0
data/q1/Data/train/COVID19/COVID19(378).jpg,COVID19,0,train,2567,2190,RGBA,277e75d1b77c0911c85cccbe12090e46,d29393b3bbb9b996
data/q1/Data/train/COVID19/COVID19(379).jpg,COVID19,0,train,2800,3368,RGB,2dcc96efc32bb32e12677cc6406d2db6,b09b9b3931d094b6
data/q1/Data/train/COVID19/COVID19(38).jpg,COVID19,0,train,968,986,RGBA,10f4b6ed29d4cfd7ce9617667a87a0d1,733333333331d1b2
data/q1/Data/train/COVID19/COVID19(380).jpg,COVID19,0,train,1296,1062,RGB,99b4d1a3be2cdbb26db65ac3c64aa0ea,e09696b632b4d0f0
data/q1/Data/train/COVID19/COVID19(381).jpg,COVID19,0,train,1446,1262,RGB,62f09bc30b8e23559b5a7aba3304af74,64e424243430f0e4
data/q1/Data/train/COVID19/COVID19(382).jpg,COVID19,0,train,703,666,RGB,12af794bd4d7a8cb46e47fe2f40c4873,f03633333232f0e2
data/q1/Data/train/COVID19/COVID19(383).jpg,COVID19,0,train,1044,945,RGB,4c8c39cf9cf6dd24edbbe6b78d01ac8d,e4b63632b230f0f0
data/q1/Data/train/COVID19/COVID19(384).jpg,COVID19,0,train,1205,1395,RGB,2ee850332c3502a2ea5e3bc21cc72339,70f0b6b2b2d0f0e0
data/q1/Data/train/COVID19/COVID19(385).jpg,COVID19,0,train,1205,1395,RGB,86005d3c34202b10949db5569570cd16,3072f6b2b0f4e2f0
data/q1/Data/train/COVID19/COVID19(386).jpg,COVID19,0,train,4280,3520,RGB,eca758f7e664ff7190a585a0dccf0c8c,f6b636363632b2e4
data/q1/Data/train/COVID19/COVID19(387).jpg,COVID19,0,train,3465,3433,RGB,0f3486d7d1979d6d3300aefb8d446d77,72e6373333b3b090
data/q1/Data/train/COVID19/COVID19(388).jpg,COVID19,0,train,2493,2315,RGB,850a04b371bb9417bb1c939524f0ac06,e1e43636363270f0
data/q1/Data/train/COVID19/COVID19(389).jpg,COVID19,0,train,2221,1969,RGB,9c234bf067906dacac6dcbfa4b13018d,f0131313333330f0
data/q1/Data/train/COVID19/COVID19(39).jpg,COVID19,0,train,979,972,RGBA,3cf351c1cb3619bb442131590ec997c4,71f09313333331d1
data/q1/Data/train/COVID19/COVID19(390).jpg,COVID19,0,train,3945,3495,RGB,e4a0b28266ed3a5d2189afb323cb6310,b0303393b330f0f0
data/q1/Data/train/COVID19/COVID19(391).jpg,COVID19,0,train,2593,2165,RGB,99a098a184cdcd0e7661ca40adb78c45,f1f03636363232f0
data/q1/Data/train/COVID19/COVID19(392).jpg,COVID19,0,train,981,901,RGB,e612aed62f7a16494803c952bdc3b058,d21736323b33c0cc
data/q1/Data/train/COVID19/COVID19(393).jpg,COVID19,0,train,3670,3308,RGB,f4caee0186762c4650da01b5c4f63f28,d21393b3b3b1d0f0
data/q1/Data/train/COVID19/COVID19(394).jpg,COVID19,0,train,2169,1852,RGBA,c2655964c628b01b50831874d2cb14c6,65b633337270f0f2
data/q1/Data/train/COVID19/COVID19(395).jpg,COVID19,0,train,2500,2048,RGB,e056e9ffa6cd987251ec5066a70dfb9b,72323737333331f0
data/q1/Data/train/COVID19/COVID19(396).jpg,COVID19,0,train,2500,2048,RGB,43d23c93962af6525ba943e774f8a605,1213333332f0f0f0
data/q1/Data/train/COVID19/COVID19(397).jpg,COVID19,0,train,3028,2516,RGB,ce5e012a18a89e9a47dbbeab2e5a135e,f0921393b2b2f0f0
data/q1/Data/train/COVID19/COVID19(398).jpg,COVID19,0,train,3408,2800,RGB,beea21da304ed7649518fa04a482f3f0,d6929adadaca6868
data/q1/Data/train/COVID19/COVID19(399).jpg,COVID19,0,train,814,733,L,23d9f3e92450435755b189f0e334b7d7,321617b33396a6a6
data/q1/Data/train/COVID19/COVID19(4).jpg,COVID19,0,train,2000,2000,L,d486e5e1045d8d9a291dfb3ca7ce11fa,123233337333312a
data/q1/Data/train/COVID19/COVID19(40).jpg,COVID19,0,train,497,462,RGB,0205b7a8bad1ea6d9d9ffc41224a69c4,133333333171d8d2
data/q1/Data/train/COVID19/COVID19(400).jpg,COVID19,0,train,957,852,L,d48b728f016f8dd742aca4cd925a860b,e8e0323333339312
data/q1/Data/train/COVID19/COVID19(401).jpg,COVID19,0,train,780,702,RGB,c5c957b3a858858af86b7f61cec5554e,f0929333999bd2b2
data/q1/Data/train/COVID19/COVID19(402).jpg,COVID19,0,train,640,543,RGB,cace4f5ed5228b3515778536a730903f,73331792b39b98f0
data/q1/Data/train/COVID19/COVID19(403).jpg,COVID19,0,train,640,574,RGB,17755775c85fa4e4a21d1563b4e14b18,359692b339b08290
data/q1/Data/train/COVID19/COVID19(404).jpg,COVID19,0,train,815,765,RGB,80e037f0b1f346438edad0d673388693,f09313333331f1d4
data/q1/Data/train/COVID19/COVID19(405).jpg,COVID19,0,train,828,723,RGB,1c4611cbe7d393b9085c0fccc100c2d0,323393333139f4f2
data/q1/Data/train/COVID19/COVID19(406).jpg,COVID19,0,train,1484,1112,RGB,c024075d4bb493c9c764a6d1aa3226c6,f193929292dac2c2
data/q1/Data/train/COVID19/COVID19(407).jpg,COVID19,0,train,1512,1468,RGB,f848dc0cf6cece4fd5462ead3be2bf6b,3034362632b2e1e1
data/q1/Data/train/COVID19/COVID19(408).jpg,COVID19,0,train,797,821,RGB,9dfb8248decdac027ac504a22a2e07fb,f21313333371f0f2
data/q1/Data/train/COVID19/COVID19(409).jpg,COVID19,0,train,2373,2336,RGB,b34a51a5cacf9b0180b5f946817f0ee5,30f096b2bab4f2f2
data/q1/Data/train/COVID19/COVID19(41).jpg,COVID19,0,train,496,462,RGB,ff4f32ebacddd6f47f80daa28ec4a5a0,3233333331716961
data/q1/Data/train/COVID19/COVID19(410).jpg,COVID19,0,train,2336,2373,RGB,5d3db9b7d38400c014342a7cbc97b69d,f090b2b2b08686c4
data/q1/Data/train/COVID19/COVID19(411).jpg,COVID19,0,train,2055,1728,RGB,25fdd5b9b2510dc7df708078f42f537b,e096323130988382
data/q1/Data/train/COVID19/COVID19(412).jpg,COVID19,0,train,2267,1974,RGB,a7d23a1be4975cefe695e024a771d11e,f0b43232b0a4a4a0
data/q1/Data/train/COVID19/COVID19(413).jpg,COVID19,0,train,492,390,RGB,e910c695af853f6ecf54695314f5c099,789292939190b292
data/q1/Data/train/COVID19/COVID19(414).jpg,COVID19,0,train,2972,2840,RGB,3e5560172baa9b376f21df21dde909e5,b2b6b6b6b2f0e0e0
data/q1/Data/train/COVID19/COVID19(415).jpg,COVID19,0,train,504,325,RGB,c0a902052d3de6930c72fc3827cbdc1f,b2d4d4b4b4f0e0f0
data/q1/Data/train/COVID19/COVID19(416).jpg,COVID19,0,train,737,597,RGB,ef61b4705acbf943fdeb7ad80e08ad4a,f096923233f0f0f0
data/q1/Data/train/COVID19/COVID19(417).jpg,COVID19,0,train,2680,2276,RGB,8c4bc5e201a609541e6511d7a0b699ed,b6b6323232b0f0e0
data/q1/Data/train/COVID19/COVID19(418).jpg,COVID19,0,train,450,389,RGB,26073a17a361ed685e1e675b0d735814,373733333331d0f0
data/q1/Data/train/COVID19/COVID19(419).jpg,COVID19,0,train,862,605,RGB,0ef92ca2add50b5fa33551582d2b884d,35363333333131f2
data/q1/Data/train/COVID19/COVID19(42).jpg,COVID19,0,train,506,462,RGB,f0477f65bcdc9caf6dbc551dc827bade,3213b3323131b1f0
data/q1/Data/train/COVID19/COVID19(420).jpg,COVID19,0,train,756,605,RGB,0bf552f997008a3260acfd79f40da100,fc3233333131f1f2
data/q1/Data/train/COVID19/COVID19(421).jpg,COVID19,0,train,867,772,RGB,6a1cc9e5057faa15f69efc6ea6f0d264,f09693333371d0f0
data/q1/Data/train/COVID19/COVID19(422).jpg,COVID19,0,train,2836,2336,RGB,6a31e2b441a655760e458c170d8f25a8,e2c6b6b2b2b0d2a8
data/q1/Data/train/COVID19/COVID19(423).jpg,COVID19,0,train,2316,2296,RGB,8a8526edacf54fb037a8f78c18a8a458,faf919181838687a
data/q1/Data/train/COVID19/COVID19(424).jpg,COVID19,0,train,2656,2336,RGB,1db3b1f886229a88ac6952f648e9cb1c,785a495998f2f292
data/q1/Data/train/COVID19/COVID19(425).jpg,COVID19,0,train,2836,2336,RGB,522c1bf40d22ab2d59fe3e301f0e60cf,b9f8f29b9b92b2d2
data/q1/Data/train/COVID19/COVID19(426).jpg,COVID19,0,train,2836,2336,RGB,3815c4cf9c95e9dfeeaa38a606ec592d,d8d89898909090a0
data/q1/Data/train/COVID19/COVID19(427).jpg,COVID19,0,train,2836,2336,RGB,c013dc4ea2c2132abcf1724c9179f19b,b8f09a939292a694
data/q1/Data/train/COVID19/COVID19(428).jpg,COVID19,0,train,2836,2336,RGB,a3cf5954509892734bbdfd7fa7a46174,e2e036b6b6b29682
data/q1/Data/train/COVID19/COVID19(429).jpg,COVID19,0,train,2498,1971,RGB,277837a4e9ed732f3eed23d8b314744d,f016333333b1d0f0
data/q1/Data/train/COVID19/COVID19(43).jpg,COVID19,0,train,331,235,RGB,3813197e4a7051e1ee3bb0287b7cf5de,13131333b1919092
data/q1/Data/train/COVID19/COVID19(431).jpg,COVID19,0,train,2498,1969,RGB,8b1ab8f22c1624f18468a0bcf5ca36a5,f8dadbdbb1f1f0f0
data/q1/Data/train/COVID19/COVID19(432).jpg,COVID19,0,train,2498,1971,RGB,b6a58f057aa21bb409936733d3bef907,0229216060202020
data/q1/Data/train/COVID19/COVID19(433).jpg,COVID19,0,train,2496,1968,RGB,dffa605add3b8b688ab346cdbfc0ba20,58f8f8d2dbd3dbc8
data/q1/Data/train/COVID19/COVID19(434).jpg,COVID19,0,train,2371,1971,RGB,2e6a067884ac97fb89d3fa64ecc021bb,72371732b3b1f1e0
data/q1/Data/train/COVID19/COVID19(435).jpg,COVID19,0,train,2498,1971,RGB,cfbd560045a2c4162c911f25fcba7ba7,70f436323230d0b4
data/q1/Data/train/COVID19/COVID19(436).jpg,COVID19,0,train,2498,1971,RGB,24fc39bc09af8070d85823d1635b89ae,e036363232b0c4c0
data/q1/Data/train/COVID19/COVID19(437).jpg,COVID19,0,train,2051,1453,RGB,09192ea81f5ecc83b044b233146b6dbd,f0b293b3b3f0f0f0
data/q1/Data/train/COVID19/COVID19(438).jpg,COVID19,0,train,2498,1969,RGB,3bf9491b15a02e829a0a504601320e41,d693933331f1e0e0
data/q1/Data/train/COVID19/COVID19(439).jpg,COVID19,0,train,1955,1961,RGB,cbe2d3c43828510ece5ddc66b5475d23,f012333371f1e0c0
data/q1/Data/train/COVID19/COVID19(44).jpg,COVID19,0,train,522,582,RGB,58dc253905831185de06b91e8c94cf47,f39333333339787a
data/q1/Data/train/COVID19/COVID19(441).jpg,COVID19,0,train,2244,1969,RGB,29d1ff92cdce902570f54f6bc91a506c,9a9b9b3331d1f0e0
data/q1/Data/train/COVID19/COVID19(442).jpg,COVID19,0,train,2447,1585,RGB,f61ba071fb4c35d799317d3332af1033,98dadb9bb9b9f0f0
data/q1/Data/train/COVID19/COVID19(443).jpg,COVID19,0,train,2493,1538,RGB,e6c8456fc044a3a37dfe679b4acbdc39,f0f096b2b2f0f8f0
data/q1/Data/train/COVID19/COVID19(444).jpg,COVID19,0,train,2099,1589,RGB,f31c2522570dc355661f037024758bf7,b8d89899b0f0f0f0
data/q1/Data/train/COVID19/COVID19(445).jpg,COVID19,0,train,2496,1968,RGB,29c20d2287f18e337a01180e4f52571a,f1f0e0242420e0e0
data/q1/Data/train/COVID19/COVID19(446).jpg,COVID19,0,train,2498,1938,RGB,8d9895676e84d692945997f487b79b96,61e0e4b4b4f0f0f4
data/q1/Data/train/COVID19/COVID19(447).jpg,COVID19,0,train,2199,1918,RGB,cb51ebcf4d449bdb81da0ee6133c70b7,600727632322e2e8
data/q1/Data/train/COVID19/COVID19(448).jpg,COVID19,0,train,2199,1926,RGB,8d2d5c80668bc11b6ac714a791a68851,f91f1b393bbbb0e8
data/q1/Data/train/COVID19/COVID19(449).jpg,COVID19,0,train,2278,1693,RGB,6990777c39a6452a2ef0d9c505baf2bc,f096363232b4f0b0
data/q1/Data/train/COVID19/COVID19(45).jpg,COVID19,0,train,483,582,RGBA,0ff50e868b406d2d188a5324f89b9e4e,f63333333131f0c0
data/q1/Data/train/COVID19/COVID19(450).jpg,COVID19,0,train,2388,1864,RGB,01f7f8414e073f7ada26ae52219a66a5,f8d69692b2f0e0f0
data/q1/Data/train/COVID19/COVID19(451).jpg,COVID19,0,train,1799,1926,RGB,1fcc211f67e3a0619b6a217366181b3c,b3f6b2b2b3b1f1f9
data/q1/Data/train/COVID19/COVID19(452).jpg,COVID19,0,train,2497,1970,RGB,2eea8aabafc356d0c9246fb52f17216c,c0c8642430f0f0f0
data/q1/Data/train/COVID19/COVID19(453).jpg,COVID19,0,train,2498,1970,RGB,2656d2f92caa8a40a27ce3d7b76ca2b7,f4969292b8b8f0f0
data/q1/Data/train/COVID19/COVID19(454).jpg,COVID19,0,train,2497,1970,RGB,9a1dff2b4469a54d09849b7e2af51aa3,9818da9b9b99c0c0
data/q1/Data/train/COVID19/COVID19(455).jpg,COVID19,0,train,2498,1971,RGB,aad7b85685ac1f8cc8578f9fc797b7cc,31f034246465e1c1
data/q1/Data/train/COVID19/COVID19(457).jpg,COVID19,0,train,2498,1970,RGB,c6210f38f0017504fa96b08216e59cc0,70f0d6d6d2d8f0f0
data/q1/Data/train/COVID19/COVID19(458).jpg,COVID19,0,train,2497,1969,RGB,d7a5101ecd2474cb2afc0e9aa46adc3f,783030b0b0f0f0f0
data/q1/Data/train/COVID19/COVID19(459).jpg,COVID19,0,train,2495,1751,RGB,85074db01fd6179091a4e8f59cf9520f,f8d8d2d8d0e0e0e4
data/q1/Data/train/COVID19/COVID19(46).jpg,COVID19,0,train,516,576,RGBA,6e52dbcf1fadb384cb9334524e0546e1,d01333333131d1d8
data/q1/Data/train/COVID19/COVID19(47).jpg,COVID19,0,train,508,576,RGBA,743c63ccd5c1c5a8187440c734d1ffe0,f033333331f0d0f8
data/q1/Data/train/COVID19/COVID19(48).jpg,COVID19,0,train,541,557,RGB,2a61301e2e869eca10045c1685d868d2,d89b19393935d86c
data/q1/Data/train/COVID19/COVID19(49).jpg,COVID19,0,train,533,557,RGBA,1111bb57d96e27219fcfb776220e060a,f63333737371f0f0
data/q1/Data/train/COVID19/COVID19(5).jpg,COVID19,0,train,2000,2000,L,d189dbc977c3ddcc3b2b37a36258d2d3,f0953632319ca6b6
data/q1/Data/train/COVID19/COVID19(51).jpg,COVID19,0,train,577,575,RGB,df66ebb620867b5095563f6f6e43692d,9633333339717879
data/q1/Data/train/COVID19/COVID19(52).jpg,COVID19,0,train,443,442,RGB,f991ab66df6c05ee72d814519cc9ea86,f0d2333332b230f0
data/q1/Data/train/COVID19/COVID19(53).jpg,COVID19,0,train,433,443,RGB,382f24c020a859f52da123081036bb41,f0b2b2b2b2f0f0d4
data/q1/Data/train/COVID19/COVID19(54).jpg,COVID19,0,train,441,441,RGB,f89e436f65e4ba64c0bac16b723bc29a,f1b2b2b2b2b0f0f0
data/q1/Data/train/COVID19/COVID19(55).jpg,COVID19,0,train,1000,967,RGB,44a334a77ad9f2904555c887db47a634,f2b3b33331b5b48c
data/q1/Data/train/COVID19/COVID19(56).jpg,COVID19,0,train,998,931,RGB,fc956c2d5004ce47475e901ba72096b3,f23333333131b594
data/q1/Data/train/COVID19/COVID19(57).jpg,COVID19,0,train,701,645,RGB,583aefaabf015972e208470277c206fb,581233333331f0f0
data/q1/Data/train/COVID19/COVID19(58).jpg,COVID19,0,train,945,793,RGB,899013cbe5a42fea3f80cd3fab673f4f,f4b636363232f0d0
data/q1/Data/train/COVID19/COVID19(59).jpg,COVID19,0,train,945,945,L,08bbbaf5544f1aefaeaf0ea2653cc9ed,b23333333131f1f0
data/q1/Data/train/COVID19/COVID19(6).jpg,COVID19,0,train,779,663,RGB,c390d3baab170b11cac934821621786e,30d29392b2b0d0e0
data/q1/Data/train/COVID19/COVID19(60).jpg,COVID19,0,train,876,882,L,540e2082ce086043443e7c360272dd31,f09293b3b0b8f0f0
data/q1/Data/train/COVID19/COVID19(61).jpg,COVID19,0,train,745,613,RGB,0b2b054d93fa3aee926baeea8078176f,303212b2b0f0f0e0
data/q1/Data/train/COVID19/COVID19(62).jpg,COVID19,0,train,749,609,RGB,c651c493705873ab19b8fb1517d628f7,703292b2b0f0f0f0
data/q1/Data/train/COVID19/COVID19(63).jpg,COVID19,0,train,693,671,RGB,c0f1f030464a49b4af8f602cb8474754,70363232b0f0f0f0
data/q1/Data/train/COVID19/COVID19(64).jpg,COVID19,0,train,1180,1130,RGB,a22e61891a65c2ced04ce2b221edc47e,f01632b2b2c0c8e0
data/q1/Data/train/COVID19/COVID19(65).jpg,COVID19,0,train,2000,2000,L,bd52ee716dcfdb43de4b4574445de450,b2333333333174c3
data/q1/Data/train/COVID19/COVID19(66).jpg,COVID19,0,train,963,839,RGB,ae2d81936c05f27aaf21a842c6254a08,92333333333171d8
data/q1/Data/train/COVID19/COVID19(67).jpg,COVID19,0,train,961,841,RGB,29c7d22cbc208f03728c24693bf13a6c,f03233333330b090
data/q1/Data/train/COVID19/COVID19(68).jpg,COVID19,0,train,961,797,RGB,41236c01318762807586cfaf9e084fa7,d4b6333333317587
data/q1/Data/train/COVID19/COVID19(69).jpg,COVID19,0,train,961,797,RGB,914c2b40dde1078de6a593b5c34b99fa,123333333331b086
data/q1/Data/train/COVID19/COVID19(7).jpg,COVID19,0,train,784,663,RGB,e060e60d3862fe2320a9efa63b5f47d2,e4b6323230bcf0f0
data/q1/Data/train/COVID19/COVID19(70).jpg,COVID19,0,train,963,791,RGB,ae10f50e86229dad29fca9151773f234,94b633333131b086
data/q1/Data/train/COVID19/COVID19(71).jpg,COVID19,0,train,969,843,RGB,632c30966cf455f48d1d7dee382584d3,f23331327070f0d8
data/q1/Data/train/COVID19/COVID19(72).jpg,COVID19,0,train,969,845,RGB,45080e243c1a15fc361c093176bc7496,973333317170b0c0
data/q1/Data/train/COVID19/COVID19(73).jpg,COVID19,0,train,877,745,RGB,a760ef04915012559639d2d60a95f761,b03333333190d0d0
data/q1/Data/train/COVID19/COVID19(74).jpg,COVID19,0,train,861,743,RGB,be64f7d54be5a1c64aa27854d1a0d47e,78189b1b3990f0f0
data/q1/Data/train/COVID19/COVID19(75).jpg,COVID19,0,train,875,755,RGB,d6bab7e33a8a2d7dde6f19a20ce51346,7092b3333339f0f0
data/q1/Data/train/COVID19/COVID19(76).jpg,COVID19,0,train,857,757,RGB,13d330d899eb7aa2999eccbd2c2f70ca,f2e636363230f8f0
data/q1/Data/train/COVID19/COVID19(77).jpg,COVID19,0,train,528,434,RGB,477fff9db9de092c2d7e65f821d5b17c,f03637333331f0f0
data/q1/Data/train/COVID19/COVID19(78).jpg,COVID19,0,train,487,434,RGB,35fe535ce7c4782cd96c37756eec862d,711213333331d0e0
data/q1/Data/train/COVID19/COVID19(79).jpg,COVID19,0,train,478,435,RGB,7a6742cf7dfcb3bdd9563a209214a55f,ff56b2b2f0f0e0d2
data/q1/Data/train/COVID19/COVID19(80).jpg,COVID19,0,train,490,433,RGB,653ac0a11adb2f19cf2cb8b95270700e,371712323171f0f0
data/q1/Data/train/COVID19/COVID19(81).jpg,COVID19,0,train,898,898,RGB,579918295507ddaa8588c1359331cc87,f217323290e0e0e0
data/q1/Data/train/COVID19/COVID19(82).jpg,COVID19,0,train,1641,1668,RGB,141bfcc97f09dd49e1a084e9c82d417a,b01692b3b2d4d2f0
data/q1/Data/train/COVID19/COVID19(83).jpg,COVID19,0,train,2000,2000,L,29f04d23e51ebf77e5d0d1ede4e99cc9,3374323331319ae9
data/q1/Data/train/COVID19/COVID19(84).jpg,COVID19,0,train,2200,1992,RGBA,fddf21e6333f55622ea3c74885b93424,e0f43632323270f0
data/q1/Data/train/COVID19/COVID19(85).jpg,COVID19,0,train,2200,1828,RGB,157e8b7db6a906db2b1926ff692e5cfb,f1f01632323232e0
data/q1/Data/train/COVID19/COVID19(86).jpg,COVID19,0,train,2200,1831,RGB,4604a34b99a3dfa1833c0d0ac98db8db,b090b5342462a0e0
data/q1/Data/train/COVID19/COVID19(87).jpg,COVID19,0,train,902,787,RGB,f2b017ce6964a0966e3081ed20ff78c9,c4263333313191f0
data/q1/Data/train/COVID19/COVID19(88).jpg,COVID19,0,train,834,806,RGB,762af9271817b88aee81b59917161817,701333333131a0a0
data/q1/Data/train/COVID19/COVID19(89).jpg,COVID19,0,train,894,762,RGB,c36edd319c5a2a724de45e09b5ccb1bf,d3133331f1f1b1b0
data/q1/Data/train/COVID19/COVID19(9).jpg,COVID19,0,train,951,727,RGB,ba78219faaff1e1a2204437eafeec3cf,e050d3b3b1b0d0c0
data/q1/Data/train/COVID19/COVID19(90).jpg,COVID19,0,train,972,712,RGB,bd2de5d56eabd6968ab491fa3bd242f5,899a3333313191c0
data/q1/Data/train/COVID19/COVID19(91).jpg,COVID19,0,train,2200,2200,RGB,89fd6bdc926bf5a6c94ef248a7135d5c,f096333333f1d0d0
data/q1/Data/train/COVID19/COVID19(92).jpg,COVID19,0,train,2200,2195,RGB,bdc0e474d8bb0056537bc41ee562dbd9,969393b2b2c2d0f0
data/q1/Data/train/COVID19/COVID19(93).jpg,COVID19,0,train,1974,1646,RGB,b7bfec1ed6f9303b15cea47dfab918d9,b676b6327370f0f0
data/q1/Data/train/COVID19/COVID19(94).jpg,COVID19,0,train,1904,1474,RGB,323f03242a739059765f9fe54441e632,481430307070f0f0
data/q1/Data/train/COVID19/COVID19(95).jpg,COVID19,0,train,1200,1125,RGB,dcb26e1fd398d8c1b0550108e9b07fe8,f07017133331f0f0
data/q1/Data/train/COVID19/COVID19(96).jpg,COVID19,0,train,622,524,RGB,51a221d308aac57ba2068c6836972efb,f696b2b2b2b2d4d2
data/q1/Data/train/COVID19/COVID19(97).jpg,COVID19,0,train,2200,1812,RGB,25fe1de9b45a31f1998eafa46144ef5d,f096b6b6b4b0e1e1
data/q1/Data/train/COVID19/COVID19(98).jpg,COVID19,0,train,1024,842,RGB,0a7b95f6f997aa841115d9655777a37d,f9b8b2b2b33331f0
data/q1/Data/train/COVID19/COVID19(99).jpg,COVID19,0,train,972,973,RGBA,a1e3696b13929756ca0ed15128089c62,d713333b391290e0
data/q1/Data/train/NORMAL/NORMAL(0).jpg,NORMAL,1,train,1855,1317,RGB,70261e2bb1f7f3cd7ede6eba9fecd448,f0969293b2b2b2f0
data/q1/Data/train/NORMAL/NORMAL(1).jpg,NORMAL,1,train,2105,1509,RGB,f14503c392fff556df8589921a470080,d4969292b2b2d0d0
data/q1/Data/train/NORMAL/NORMAL(10).jpg,NORMAL,1,train,2443,2155,RGB,558dc23840f33248b063228968c77080,f0963332b2b2b2f2
data/q1/Data/train/NORMAL/NORMAL(100).jpg,NORMAL,1,train,1860,1615,RGB,510fc7a5bfcfeb93c39a8651afd3bda0,b2f0b4b4b0f0e48c
data/q1/Data/train/NORMAL/NORMAL(1000).jpg,NORMAL,1,train,2222,1843,RGB,d914f282689f56bfbe57be71f49206f8,b09692b2b2b0f0f0
data/q1/Data/train/NORMAL/NORMAL(1002).jpg,NORMAL,1,train,1851,1943,RGB,13317454778c949ff7f00dd767487a56,319292b2b1b1f0d4
data/q1/Data/train/NORMAL/NORMAL(1003).jpg,NORMAL,1,train,1336,864,RGB,b959a6c2bc82fcec1cc1712dd3c76342,70b4b4b0b0b0f4d4
data/q1/Data/train/NORMAL/NORMAL(1004).jpg,NORMAL,1,train,1456,1279,RGB,a98b376f93895772bf474a24e9cb39fc,7196b2b23171f1d0
data/q1/Data/train/NORMAL/NORMAL(1005).jpg,NORMAL,1,train,1684,1383,RGB,af51e4de57d2232f2fbdc998143d09c4,e894b6b23231f0f0
data/q1/Data/train/NORMAL/NORMAL(1006).jpg,NORMAL,1,train,1534,1121,RGB,057cd21dfeeb6e12b5e11d211869f98d,b3d5d4d2b2b0f0f0
data/q1/Data/train/NORMAL/NORMAL(1007).jpg,NORMAL,1,train,1565,1465,RGB,31dc61687e98ec97539964cc16498936,38e9d292b2b0e0e0
data/q1/Data/train/NORMAL/NORMAL(1008).jpg,NORMAL,1,train,1735,1785,RGB,36c09733a6af22753545a82d4c860595,63b4b6b2b2b1f0d0
data/q1/Data/train/NORMAL/NORMAL(1009).jpg,NORMAL,1,train,1977,1976,RGB,7820a7f364b0e513f7053738c28bc36a,f194b2b2b2f0f0d0
data/q1/Data/train/NORMAL/NORMAL(101).jpg,NORMAL,1,train,1646,1124,RGB,1083445b45f7631ee44008b54fe0f3fb,a0d4d692b0b0b0f0
data/q1/Data/train/NORMAL/NORMAL(1013).jpg,NORMAL,1,train,2389,2121,RGB,1e0517f85da331f344d857dbdbdba665,bad692b2b2b0f0f4
data/q1/Data/train/NORMAL/NORMAL(1014).jpg,NORMAL,1,train,1463,1380,RGB,8025bc0c274f1e73c580b32e26893605,b0d4b6b2b1b1f0d0
data/q1/Data/train/NORMAL/NORMAL(1015).jpg,NORMAL,1,train,1599,1329,RGB,0ed47d6031f1aee62d4585f0377e207d,b3b2d2d2dad8f8f0
data/q1/Data/train/NORMAL/NORMAL(1016).jpg,NORMAL,1,train,1577,1279,RGB,8b19e659479495e7cb7610c2646b50a5,b2dc92b2b2b0f0e4
data/q1/Data/train/NORMAL/NORMAL(1017).jpg,NORMAL,1,train,1354,1048,RGB,cb8a3e0929fb44f16614551f0d9764b4,e0e0d4d2f0f8f8f8
data/q1/Data/train/NORMAL/NORMAL(1018).jpg,NORMAL,1,train,1399,1070,RGB,4e40ac951cc63c7b675e150b1b97cc1c,b3e8d6b2b0b0f0f2
data/q1/Data/train/NORMAL/NORMAL(1019).jpg,NORMAL,1,train,1376,1051,RGB,5f0630c05236d02c827600c79a8f2de6,33e096b2b2b0f4f0
data/q1/Data/train/NORMAL/NORMAL(102).jpg,NORMAL,1,train,2136,1650,RGB,38de9f965ddcca84b9c8a2e337034b16,7996b2b2b2b0f0d0
data/q1/Data/train/NORMAL/NORMAL(1021).jpg,NORMAL,1,train,1510,1136,RGB,fe0cb039b68614098a3d9aaaa65164af,b0f8d4b2b0f0f0e4
data/q1/Data/train/NORMAL/NORMAL(1022).jpg,NORMAL,1,train,1920,1816,RGB,d84843cae873de6a1254a18d70bb6861,b396b2b2b2b0f0d0
data/q1/Data/train/NORMAL/NORMAL(1023).jpg,NORMAL,1,train,1546,1368,RGB,f561b446d5ea644716dee904ebdecc32,32b2d4b4b2b0f0f0
data/q1/Data/train/NORMAL/NORMAL(1024).jpg,NORMAL,1,train,1901,1495,RGB,adb5e474085a02b691200c3b117e3c8a,31e5d292b2b1f0f4
data/q1/Data/train/NORMAL/NORMAL(1028).jpg,NORMAL,1,train,1518,1194,RGB,e4184419c2d7b0ad1a15589d39b44fce,b2f0d2b2b0b0d0f0
data/q1/Data/train/NORMAL/NORMAL(1029).jpg,NORMAL,1,train,1526,1325,RGB,ef7eb8a1e49d599dd2c162a96e9ce57d,b9f1d292b2b0f0f4
data/q1/Data/train/NORMAL/NORMAL(1030).jpg,NORMAL,1,train,1953,1671,RGB,4f2bdd2db6f9967f312d476adf4e13c1,7092333333b2f0c4
data/q1/Data/train/NORMAL/NORMAL(1031).jpg,NORMAL,1,train,1683,1212,RGB,434f90bd7f66a52795c087cf333a744f,f2f2d4d0d0d0d0d4
data/q1/Data/train/NORMAL/NORMAL(1033).jpg,NORMAL,1,train,1966,1499,RGB,2aa379e9582f776f0feca42b875ae67d,b2c49692b2b0f0e4
data/q1/Data/train/NORMAL/NORMAL(1034).jpg,NORMAL,1,train,1669,1144,RGB,653bd3a5adba6336f12f97a5bcb021bb,b1d0d2d2b2b0d0e2
data/q1/Data/train/NORMAL/NORMAL(1035).jpg,NORMAL,1,train,1801,1407,RGB,db1437305a52c16a936fb3f0754f48e0,f9d692b2b2b1f0f2
data/q1/Data/train/NORMAL/NORMAL(1036).jpg,NORMAL,1,train,1523,1295,RGB,125ace8bdbaec445aeec64450b803b8a,3179d2b2b2b0d8f0
data/q1/Data/train/NORMAL/NORMAL(1037).jpg,NORMAL,1,train,1438,1187,RGB,464856510154fbad79796d456c27c8f9,b994b2b27070f0f4
data/q1/Data/train/NORMAL/NORMAL(1038).jpg,NORMAL,1,train,1264,950,RGB,4ebdd2650c6c871138a044cfe457af05,e1f0b4b2b0f0f0f0
data/q1/Data/train/NORMAL/NORMAL(1039).jpg,NORMAL,1,train,2144,2028,RGB,aad760fd670d1bce7efb1f6e186de929,319692b2b2f2f0f4
data/q1/Data/train/NORMAL/NORMAL(104).jpg,NORMAL,1,train,2232,2025,RGB,7264123c0e4b638857dbbeaaf3e5c5b8,b296b2b2b0b1f0d0
data/q1/Data/train/NORMAL/NORMAL(1040).jpg,NORMAL,1,train,1418,1020,RGB,f8b9a073808191e78f2b179417c74413,f0f0d692b2b0b8da
data/q1/Data/train/NORMAL/NORMAL(1041).jpg,NORMAL,1,train,2068,1932,RGB,85021e139969a2b27320f8131db84e15,32d4b6b2b2b0f0e0
data/q1/Data/train/NORMAL/NORMAL(1042).jpg,NORMAL,1,train,1876,1646,RGB,41747b70705905c3b363b5b3a0dcd920,707233b3b3b9f0c0
data/q1/Data/train/NORMAL/NORMAL(1043).jpg,NORMAL,1,train,1186,769,RGB,09c69baa1656c92b85baebb39bdbf711,e3e0f4b4b0b0e2d0
data/q1/Data/train/NORMAL/NORMAL(1044).jpg,NORMAL,1,train,1920,1750,RGB,7fa46a3e03292d39d4656564d32bdcc5,b29496b23272d0d0
data/q1/Data/train/NORMAL/NORMAL(1045).jpg,NORMAL,1,train,1467,1210,RGB,1aed7f2b8c33382cb61433d99712a483,f0f494b2b2b0f0e4
data/q1/Data/train/NORMAL/NORMAL(1046).jpg,NORMAL,1,train,1600,1542,RGB,f6c3b5667788905e9e7a26063853ed4d,e094b6327272d0e0
data/q1/Data/train/NORMAL/NORMAL(1047).jpg,NORMAL,1,train,1692,1735,RGB,893d5476a0bc828a3e5f5c288ca00d02,a2d692b2b1b1f0d0
data/q1/Data/train/NORMAL/NORMAL(1048).jpg,NORMAL,1,train,1545,1205,RGB,657a637216b80936964cb1febef44fe6,7371d492b0f0d0f4
data/q1/Data/train/NORMAL/NORMAL(1049).jpg,NORMAL,1,train,1576,1383,RGB,321c448e161c47518155ad499bb7e54b,b3d6d29ab9f8f0f8
data/q1/Data/train/NORMAL/NORMAL(105).jpg,NORMAL,1,train,1401,1190,RGB,d3a25b9abd2d3ba176fe12a2d43d9e05,b8d8b4b4b2f2d0e4
data/q1/Data/train/NORMAL/NORMAL(1050).jpg,NORMAL,1,train,1534,1318,RGB,87aa9a79c4b4ffe4a4d38e5152be2b6f,b0d0b4b2b2b0f0c2
data/q1/Data/train/NORMAL/NORMAL(1051).jpg,NORMAL,1,train,1460,1233,RGB,aa854cf921aa46a9141e11d363b0bdd1,72d0b4b4b0b0f0c0
data/q1/Data/train/NORMAL/NORMAL(1052).jpg,NORMAL,1,train,1526,1183,RGB,f1bfb4257e00251dd8f9f1dcf6e0373d,f8f8d4b2b2b0f0f0
data/q1/Data/train/NORMAL/NORMAL(1053).jpg,NORMAL,1,train,1549,1344,RGB,864eea7d7244d8c70b5d1ae344881a33,f0f0d4b4b2b2f0d0
data/q1/Data/train/NORMAL/NORMAL(1054).jpg,NORMAL,1,train,1751,1492,RGB,fe82c9299f2dd0ad3bb521322f6c4898,f3d4b2b231f1d0f0
data/q1/Data/train/NORMAL/NORMAL(1056).jpg,NORMAL,1,train,1855,1813,RGB,9983e926beb51d059df2fdc9c91097d3,7394b6b23270d0f4
data/q1/Data/train/NORMAL/NORMAL(1058).jpg,NORMAL,1,train,1497,1244,RGB,96f904041770e4a38ad4575f116ae9d3,e2d496b2b0f0f0e0
data/q1/Data/train/NORMAL/NORMAL(1059).jpg,NORMAL,1,train,1240,1097,RGB,311d595ae8c469f291e97603ecdec79b,b2d4b2b2b0f0f0f0
data/q1/Data/train/NORMAL/NORMAL(1060).jpg,NORMAL,1,train,1198,897,RGB,7dadd59c37ef3b6a62444031f5edcf3a,e0f094b0b0b0f0f0
data/q1/Data/train/NORMAL/NORMAL(1061).jpg,NORMAL,1,train,1709,1534,RGB,3280341261684e20ad41987253af2991,e2f496b2b0b0f0d0
data/q1/Data/train/NORMAL/NORMAL(1062).jpg,NORMAL,1,train,2018,1697,RGB,17f18ba00cc0c2697595bb405a23fe73,70f4969290f0f4e8
data/q1/Data/train/NORMAL/NORMAL(1063).jpg,NORMAL,1,train,2010,1881,RGB,b1c59e9d18113c4f9bf59ad91723202f,b3d692b2b2b2f0c0
data/q1/Data/train/NORMAL/NORMAL(1064).jpg,NORMAL,1,train,1485,1294,RGB,746ed302f87e15a3c7bb0d66eca30c7b,f8d8dab3b2d2f0e0
data/q1/Data/train/NORMAL/NORMAL(1065).jpg,NORMAL,1,train,1746,1422,RGB,0bf9c720bfb48643e510382787112465,f9d496b2b2b0f0f0
data/q1/Data/train/NORMAL/NORMAL(1066).jpg,NORMAL,1,train,1553,1245,RGB,ac28b3ab88cc86cc31105eab33d5b2ed,72f4b4b2b2b0f0e2
data/q1/Data/train/NORMAL/NORMAL(1067).jpg,NORMAL,1,train,1920,1920,RGB,e80641189fb84c33b9ad2259cad21729,6264b6b2b231f0d4
data/q1/Data/train/NORMAL/NORMAL(1068).jpg,NORMAL,1,train,1873,1774,RGB,ed875351012567d99e1754a06abe650a,b1f09292b2b0f0d0
data/q1/Data/train/NORMAL/NORMAL(1069).jpg,NORMAL,1,train,2514,2264,RGB,a39c7c5f6ec8275fc42703c90985be1d,339696b2b2b2f0c4
data/q1/Data/train/NORMAL/NORMAL(1070).jpg,NORMAL,1,train,1960,1648,RGB,b12d5faba1f952131964e599e8b09069,f0d6929a98b0f2d0
data/q1/Data/train/NORMAL/NORMAL(1071).jpg,NORMAL,1,train,1384,1208,RGB,2ee20b7d5f777005726cea7a5c9adb2e,f8d094b2b2f2d0c4
data/q1/Data/train/NORMAL/NORMAL(1072).jpg,NORMAL,1,train,1248,1136,RGB,1057e9d8e69d3ec8ff52a3942be35036,7196b2b23170d092
data/q1/Data/train/NORMAL/NORMAL(1073).jpg,NORMAL,1,train,1516,1408,RGB,e4199eb7c675617a04ce03eb71f07f26,b296b2b2b0b0f0d0
data/q1/Data/train/NORMAL/NORMAL(1074).jpg,NORMAL,1,train,1168,960,RGB,9298473a4b5d103613f4dc4d34c3a510,f0f0d4b2b0b0e0c8
data/q1/Data/train/NORMAL/NORMAL(1075).jpg,NORMAL,1,train,1088,824,RGB,dc6fc6d0dc5675b0c79486a74cefaaa1,b8f8d4b0b0f0e0c4
data/q1/Data/train/NORMAL/NORMAL(1076).jpg,NORMAL,1,train,1672,1432,RGB,b5cca5da685e04313f7c93188cabd09f,33d69692b2b0f0f0
data/q1/Data/train/NORMAL/NORMAL(1077).jpg,NORMAL,1,train,1650,1328,RGB,4be6a3317785e685498be98ea775bd10,b2d4b4b2b2b0f0f0
data/q1/Data/train/NORMAL/NORMAL(1078).jpg,NORMAL,1,train,1432,1184,RGB,e0deee6b61d04b26b8446e54805ae6f1,b0d49092b2b8f8e0
data/q1/Data/train/NORMAL/NORMAL(1079).jpg,NORMAL,1,train,1240,1064,RGB,faebaa2dd0e510fe0225f24b102ead0c,b2d4b4b2f2f0f0f0
data/q1/Data/train/NORMAL/NORMAL(1081).jpg,NORMAL,1,train,1456,1272,RGB,f692c621c6ca2bad5ce744e76cb0ac77,b1d2d4b2b2f0c0f4
data/q1/Data/train/NORMAL/NORMAL(1082).jpg,NORMAL,1,train,1352,1066,RGB,c50bbd2b118e49adf094041b86a3d0df,e0f4d492b8b8f8c8
data/q1/Data/train/NORMAL/NORMAL(1083).jpg,NORMAL,1,train,1088,968,RGB,45df2040cdf736a034e8d86676d7af6c,f8d8d6b232724040
data/q1/Data/train/NORMAL/NORMAL(1084).jpg,NORMAL,1,train,1160,904,RGB,74a6980437f7f127e4fc6f158d24ed56,f0d4d2b2b0f0d0f0
data/q1/Data/train/NORMAL/NORMAL(1086).jpg,NORMAL,1,train,1336,1128,RGB,08f7110292c3736c7a5310796207d9d2,b2d0d4b2b2f2e0c4
data/q1/Data/train/NORMAL/NORMAL(1087).jpg,NORMAL,1,train,1376,1048,RGB,21930871eab94c49c65b053b84aa6b99,b2d0d2b2b2b0d0d0
data/q1/Data/train/NORMAL/NORMAL(1088).jpg,NORMAL,1,train,2495,2542,RGB,51db0310946c095d6807db9603352f5f,f0b233333332f0d4
data/q1/Data/train/NORMAL/NORMAL(1089).jpg,NORMAL,1,train,1270,1136,RGB,71598947597c972dec4fa2801af1b1e4,bad896b2b2b0f0f0
data/q1/Data/train/NORMAL/NORMAL(109).jpg,NORMAL,1,train,2009,1747,RGB,69f10517cf74987ed217748418fde288,b1c9d292b2b0f0d0
data/q1/Data/train/NORMAL/NORMAL(1090).jpg,NORMAL,1,train,1743,1769,RGB,d7f438a6caf52ca25fa88e50a0500352,c892b2333131f1d0
data/q1/Data/train/NORMAL/NORMAL(1091).jpg,NORMAL,1,train,1522,1407,RGB,9842c09d35d7b56d67d5801431c941f3,e3d492b2b0b0f0f0
data/q1/Data/train/NORMAL/NORMAL(1092).jpg,NORMAL,1,train,1707,1785,RGB,3c55eeb0a33eedf152699b5e98ef4229,f093b3b2b0f0d0f0
data/q1/Data/train/NORMAL/NORMAL(1093).jpg,NORMAL,1,train,2275,2221,RGB,dd1d77e8f740a167e673f94e53219165,3296b6b2b0b0f0f0
data/q1/Data/train/NORMAL/NORMAL(1095).jpg,NORMAL,1,train,2045,1472,RGB,5ba34e501d0b89bb0fdf39ea339a6280,b2f0d4d0b0f0d0c0
data/q1/Data/train/NORMAL/NORMAL(1097).jpg,NORMAL,1,train,1611,1515,RGB,4ccef99464778aefec07ce63eeaa0052,707294b2b2b2f0f2
data/q1/Data/train/NORMAL/NORMAL(1100).jpg,NORMAL,1,train,1672,1279,RGB,fa2525c05bc75a959c0893922d9b0454,b2b8d4d2b0f0f0c2
data/q1/Data/train/NORMAL/NORMAL(1101).jpg,NORMAL,1,train,1598,1391,RGB,830ba4de7b6a95a9a76e73908a9c3c53,f2ecd4b2b0b0f0c4
data/q1/Data/train/NORMAL/NORMAL(1102).jpg,NORMAL,1,train,1496,1337,RGB,78f52f2d18504916eb76a6dab1f8a404,62e4b4b2b0b0f0e4
data/q1/Data/train/NORMAL/NORMAL(1104).jpg,NORMAL,1,train,1932,1908,RGB,cb619fd48a8fffa3a96c5c564a0c5222,38b9d692b2b0f0f0
data/q1/Data/train/NORMAL/NORMAL(1105).jpg,NORMAL,1,train,1291,978,RGB,dd9a027ff432f7e999363b3075b3b79a,f0f0d4b2b2b2d0d4
data/q1/Data/train/NORMAL/NORMAL(1106).jpg,NORMAL,1,train,1638,1279,RGB,45a361649a7b66bf771047dbcbca99b4,32fcd692b2b0f0f0
data/q1/Data/train/NORMAL/NORMAL(1107).jpg,NORMAL,1,train,1677,1368,RGB,019bc6fe74eb2cee87b4931c904c0ac1,b1d1d2b2b2b0d0f0
data/q1/Data/train/NORMAL/NORMAL(1108).jpg,NORMAL,1,train,1754,1341,RGB,4265ebd88ff8a03ed7b2d6606846b765,6294b6b2b2b0f0e0
data/q1/Data/train/NORMAL/NORMAL(111).jpg,NORMAL,1,train,1468,833,RGB,c09da195d9f9985af059e947a680c50b,f0e0d4d4b0b0f0c4
data/q1/Data/train/NORMAL/NORMAL(1110).jpg,NORMAL,1,train,1544,1067,RGB,191a5400cfcb42063d82cfa99c6d9c16,b0f4d4d0b0f0f0f0
data/q1/Data/train/NORMAL/NORMAL(1112).jpg,NORMAL,1,train,1677,1912,RGB,77e83120e0fef084d02dadd5b25e904d,b1b096b2b2b0f0d2
data/q1/Data/train/NORMAL/NORMAL(1114).jpg,NORMAL,1,train,1795,1283,RGB,bfca4906f0c733637543add535cc3c5a,30d494b2b2b0f0f0
data/q1/Data/train/NORMAL/NORMAL(1115).jpg,NORMAL,1,train,1619,1438,RGB,777ea8be6833c9c0ddd93cf231fdcb39,b1d1d2b2b2f2f0e0
data/q1/Data/train/NORMAL/NORMAL(1116).jpg,NORMAL,1,train,1835,1487,RGB,704ab9fa8f365ced5068ca92648440bb,6196b2b2b331f0f0
data/q1/Data/train/NORMAL/NORMAL(1117).jpg,NORMAL,1,train,1904,1461,RGB,6ad17ae318cdc1d2f031365b3f8f8c19,b3d4d2d2f2b8f8c0
data/q1/Data/train/NORMAL/NORMAL(1118).jpg,NORMAL,1,train,1229,993,RGB,d8159a2916a97844e9d6dd7268c6c264,f163f4d0b0b0f0f0
data/q1/Data/train/NORMAL/NORMAL(1119).jpg,NORMAL,1,train,1661,1507,RGB,6d680568bc5c0d21b0b80de1b9391eac,f2c096b2b0b0d0f0
data/q1/Data/train/NORMAL/NORMAL(112).jpg,NORMAL,1,train,1445,1310,RGB,4cdfce3272c55aa799eb6c22bd804724,f2f094b2b0b0f0f0
data/q1/Data/train/NORMAL/NORMAL(1120).jpg,NORMAL,1,train,1344,1020,RGB,b6fc4244a8930d2f9cf92fe011905a6c,e0e0d2b2b0f0d0f0
data/q1/Data/train/NORMAL/NORMAL(1121).jpg,NORMAL,1,train,1645,1588,RGB,2edfbd0c53f659ca1b69e7e87ac5af5c,61b6b2b33131f0f0
data/q1/Data/train/NORMAL/NORMAL(1123).jpg,NORMAL,1,train,1144,966,RGB,2671d2db2e71ab83570a9e601d22a9a9,707096b2b2b0e2c0
data/q1/Data/train/NORMAL/NORMAL(1124).jpg,NORMAL,1,train,1384,1157,RGB,70a2178fa245dd2d441b48461ac73a3f,337396b2b2b0d0f0
data/q1/Data/train/NORMAL/NORMAL(1125).jpg,NORMAL,1,train,2032,2016,RGB,dabea2b922b89386b42fc85e236ef83b,33add2d2b9b1d0f2
data/q1/Data/train/NORMAL/NORMAL(1126).jpg,NORMAL,1,train,1631,1186,RGB,a981f6981373d548869e2d89ce594caf,33d0d692b0b0d0e4
data/q1/Data/train/NORMAL/NORMAL(1127).jpg,NORMAL,1,train,1426,1206,RGB,ffc5174efe62872697a058296d40275b,31b0d2b2b0b0f0f0
data/q1/Data/train/NORMAL/NORMAL(1129).jpg,NORMAL,1,train,1800,1499,RGB,f728c0a2300a8760ea535cda41d1e38e,32f4d492b2b0f8f0
data/q1/Data/train/NORMAL/NORMAL(1130).jpg,NORMAL,1,train,2029,1688,RGB,f3431573bba41bf84140ac2076998525,f1d0d492b2b0d0d0
data/q1/Data/train/NORMAL/NORMAL(1131).jpg,NORMAL,1,train,1666,1507,RGB,24413bea7d19131d3558f57984c504d2,32d496b2b2b0d0d0
data/q1/Data/train/NORMAL/NORMAL(1133).jpg,NORMAL,1,train,1299,1051,RGB,e03e99deb5da89c948bde23bb025d035,f8f896b2b2b1f0f4
data/q1/Data/train/NORMAL/NORMAL(1134).jpg,NORMAL,1,train,1881,1855,RGB,de0f0ca5dbe17faf6411d44b75c2259e,399292b231f1d0f0
data/q1/Data/train/NORMAL/NORMAL(1135).jpg,NORMAL,1,train,1537,1175,RGB,1800392dbf8092649ebde65b0eb0f240,f2d4b2b2b0f0d0e0
data/q1/Data/train/NORMAL/NORMAL(1136).jpg,NORMAL,1,train,2132,2017,RGB,2178911f9a6cfd7f0321d61e15b12c8a,399792b2b2b2f0e0
data/q1/Data/train/NORMAL/NORMAL(1137).jpg,NORMAL,1,train,1658,1294,RGB,6f9e65016447e968fa2bd1c8967471a9,b3d4d4b2b2b2d0c0
data/q1/Data/train/NORMAL/NORMAL(1138).jpg,NORMAL,1,train,1708,1468,RGB,b8cadf829ee85972884c30f3da6f5bfa,39d092b2b0b0d0f0
data/q1/Data/train/NORMAL/NORMAL(1139).jpg,NORMAL,1,train,1697,1473,RGB,375f94937857accf17c9ee1f2203b67b,32b0d4d2b2b0f0d4
data/q1/Data/train/NORMAL/NORMAL(1140).jpg,NORMAL,1,train,1951,1967,RGB,6b96493a18aa4a9d5ab319be894f128e,3394b6327272e080
data/q1/Data/train/NORMAL/NORMAL(1141).jpg,NORMAL,1,train,1562,1353,RGB,5218f1671604f763f7bf77f7a9c1383e,b294b6b2b2b0f0f8
data/q1/Data/train/NORMAL/NORMAL(1142).jpg,NORMAL,1,train,1514,1032,RGB,3e57704ae13cfb0692272a87aed5dd08,e2f4d492b2b2f0f0
data/q1/Data/train/NORMAL/NORMAL(1143).jpg,NORMAL,1,train,1704,1283,RGB,1a80e66aa0548dd1b0e7e9da6d33ca0a,b2e4b4b2b2b0f0f0
data/q1/Data/train/NORMAL/NORMAL(1144).jpg,NORMAL,1,train,1531,1164,RGB,f78c8a5e661a990083dfaba8fa95afa4,e6e8b4b6323270f0
data/q1/Data/train/NORMAL/NORMAL(1146).jpg,NORMAL,1,train,1395,1229,RGB,a49728976d02aa4bf6c1830d52c0a28b,f09692b230f1d0e0
data/q1/Data/train/NORMAL/NORMAL(1147).jpg,NORMAL,1,train,1360,1167,RGB,7669537c6c3f0d1768f573859dd0fc28,b8d1da9ab0b0d0e0
data/q1/Data/train/NORMAL/NORMAL(1150).jpg,NORMAL,1,train,1673,1426,RGB,cc431ab3d87eac5e0e64aee80332b301,639496b2b2b0f0c0
data/q1/Data/train/NORMAL/NORMAL(1151).jpg,NORMAL,1,train,1393,1311,RGB,de6ed27d10bce5114e13b63182b729f0,d2d4b2b2b0f0d0d0
data/q1/Data/train/NORMAL/NORMAL(1152).jpg,NORMAL,1,train,1487,1306,RGB,22cd14ea31606dc800cddcfd40208f12,b3f0d4b2b2f0d0f0
data/q1/Data/train/NORMAL/NORMAL(1153).jpg,NORMAL,1,train,1413,1259,RGB,f9666674958a0aba14e88afcc4a8e5b0,f0d496b2b070f0e0
data/q1/Data/train/NORMAL/NORMAL(1154).jpg,NORMAL,1,train,1887,1527,RGB,325aed6c1dd73abe21105d4cfaaa070e,62d496b2b2b0f0c6
data/q1/Data/train/NORMAL/NORMAL(1155).jpg,NORMAL,1,train,1704,1553,RGB,112ba20b23169c4dfada69cea6c79325,339692b2b1b1f0f0
data/q1/Data/train/NORMAL/NORMAL(1157).jpg,NORMAL,1,train,1769,1472,RGB,0f3ecad462ed34cca3ea00b464d37f97,b2f496b2b2b0f0e0
data/q1/Data/train/NORMAL/NORMAL(1158).jpg,NORMAL,1,train,2178,2084,RGB,6d3311a3fc85fc204c2a391dc2476624,f0d293b3b2b2f0d4
data/q1/Data/train/NORMAL/NORMAL(1159).jpg,NORMAL,1,train,1414,1206,RGB,2d2b14b64297a9a61f40fb04d5750b2f,607192b3b390f0f0
data/q1/Data/train/NORMAL/NORMAL(116).jpg,NORMAL,1,train,1425,1049,RGB,f87ca658a384e71810a2b36e43ec7bb0,31f0d6d2b2b2f8f0
data/q1/Data/train/NORMAL/NORMAL(1161).jpg,NORMAL,1,train,1503,1283,RGB,e0ab1561c0962de0469810494466054c,f1b292b23130d0d0
data/q1/Data/train/NORMAL/NORMAL(1163).jpg,NORMAL,1,train,1463,1228,RGB,97cfea64a212d8f8707b839c87716645,b2f4d6b2b0b1f0f0
data/q1/Data/train/NORMAL/NORMAL(1165).jpg,NORMAL,1,train,1154,804,RGB,95f3db29aefd12df8bd93a6838fc133c,e0e0d4b0b0d0b4b0
data/q1/Data/train/NORMAL/NORMAL(1166).jpg,NORMAL,1,train,1210,1017,RGB,d3b6cb3c76b05e4c85685f5cc52601a8,f0f4b6b23070f4f4
data/q1/Data/train/NORMAL/NORMAL(1169).jpg,NORMAL,1,train,1835,1187,RGB,5c1b7240606fb365f6d0a14249b69a71,b2f4d6d2b0f0d0d0
data/q1/Data/train/NORMAL/NORMAL(117).jpg,NORMAL,1,train,1164,1021,RGB,d0a12542576b8e48c1702f4c5863e3cc,f0f0d4d2b2d0d0f0
data/q1/Data/train/NORMAL/NORMAL(1170).jpg,NORMAL,1,train,1584,1407,RGB,61d7eb30512b02c5d737bc15c533f67a,b2e0d4b2b0f0f0c0
data/q1/Data/train/NORMAL/NORMAL(1172).jpg,NORMAL,1,train,1237,1055,RGB,d639e0710c8c546c401b4c960d2f811a,f0f0f4b2b070f0e0
data/q1/Data/train/NORMAL/NORMAL(1173).jpg,NORMAL,1,train,1599,1464,RGB,43298db161d6b5e0a541815865d5b56c,f1d292b3b171d1d0
data/q1/Data/train/NORMAL/NORMAL(1175).jpg,NORMAL,1,train,1252,900,RGB,2b930999b0cd2336fd7b3b1176c7a0e7,b0f096b2b0b0e0d0
data/q1/Data/train/NORMAL/NORMAL(1176).jpg,NORMAL,1,train,1816,1607,RGB,5d029ac1ce0b9aa067a3cbb73acf8983,f1f196b2b2b2d0f0
data/q1/Data/train/NORMAL/NORMAL(1179).jpg,NORMAL,1,train,1742,1530,RGB,ae3342dc15abf8cee67999e18099f146,a2d496b2b2b0f0d4
data/q1/Data/train/NORMAL/NORMAL(118).jpg,NORMAL,1,train,1515,1105,RGB,f22c58cd5c2a0d38f8aa53410b5f9c9f,f0d4b4b2b270e0f0
data/q1/Data/train/NORMAL/NORMAL(1180).jpg,NORMAL,1,train,2021,1947,RGB,0de93383ca35547c260cdd01e9ef2ed2,b3d692b2b2b0f0f0
data/q1/Data/train/NORMAL/NORMAL(1181).jpg,NORMAL,1,train,1291,885,RGB,a13143974e90071fca695b8c39e3a6ac,f2f892b2b0b0f0f2
data/q1/Data/train/NORMAL/NORMAL(1183).jpg,NORMAL,1,train,1418,1036,RGB,c4893ca61f5487019d24794f4e5119e7,f0d094b2b2f0f0e4
data/q1/Data/train/NORMAL/NORMAL(1184).jpg,NORMAL,1,train,1731,1666,RGB,529f0f1c7e8944179c79ceb49271517c,33d292b2b0b0f2e2
data/q1/Data/train/NORMAL/NORMAL(1185).jpg,NORMAL,1,train,1674,1399,RGB,fdccef6e1c4d5855b5357c95a156d5a4,e8d692b2b8b0c0d0
data/q1/Data/train/NORMAL/NORMAL(1186).jpg,NORMAL,1,train,1378,1078,RGB,0822546316eed695602bdcdad08666d4,e0d496b2b0b8f8ea
data/q1/Data/train/NORMAL/NORMAL(1187).jpg,NORMAL,1,train,2422,2369,RGB,fac605a620f304c736219ca5f0dcd3ca,f096b2b2b331f2c0
data/q1/Data/train/NORMAL/NORMAL(1188).jpg,NORMAL,1,train,1509,1271,RGB,766cf260e0de99c006b877f5471d70ec,b2f094b2b2b0f0f4
data/q1/Data/train/NORMAL/NORMAL(1189).jpg,NORMAL,1,train,1445,1155,RGB,7c906447b60f1d5965c0c24dd46420bf,b2d0d2b2b2b2f0f4
data/q1/Data/train/NORMAL/NORMAL(119).jpg,NORMAL,1,train,1591,1245,RGB,50e9bbeee3df96b3a4d2dde0c4753d1c,f2e0d4d2b0b0f0d0
data/q1/Data/train/NORMAL/NORMAL(1190).jpg,NORMAL,1,train,2524,2168,RGB,8e502932a4acb3f3bb3c1da68eb4ad45,33969692b2b2f0d4
data/q1/Data/train/NORMAL/NORMAL(1191).jpg,NORMAL,1,train,1535,1307,RGB,bf07aadf97226650553ec6d482335072,f2f2d4b2b2b0f0ec
data/q1/Data/train/NORMAL/NORMAL(1192).jpg,NORMAL,1,train,1802,1565,RGB,22307bc619c0c2b8cc99c910a129ba5d,b2f09692b2b0f0d0
data/q1/Data/train/NORMAL/NORMAL(1195).jpg,NORMAL,1,train,1947,1905,RGB,8ee4d11da1981f7e1246eeb25ee0aaa9,b3d692b2b1b0f0f0
data/q1/Data/train/NORMAL/NORMAL(1196).jpg,NORMAL,1,train,1754,1179,RGB,2381743a08558d69beceb749f0a01e32,c374b4b2b2b0f0d0
data/q1/Data/train/NORMAL/NORMAL(1197).jpg,NORMAL,1,train,2245,1850,RGB,5d6cc2da20bbea24a46c2b338a67fd66,f09692b2b3f1d0d2
data/q1/Data/train/NORMAL/NORMAL(1198).jpg,NORMAL,1,train,1244,1005,RGB,2f9e45ec845be3e4a7b9a294c14338e2,f2f8d6b2b2b0f0f0
data/q1/Data/train/NORMAL/NORMAL(1199).jpg,NORMAL,1,train,1424,1240,RGB,658c202fa9914c2d5ef9cbdfed4d6e09,b0c4b4b2b0b1f0e8
data/q1/Data/train/NORMAL/NORMAL(12).jpg,NORMAL,1,train,2496,2057,RGB,56090740b17522603bc733d5b531f4dc,f09692b2b292f0d0
data/q1/Data/train/NORMAL/NORMAL(120).jpg,NORMAL,1,train,1928,1303,RGB,88f03275c70f63f2becfd19847af86fb,b2d494b2b2b0f0d4
data/q1/Data/train/NORMAL/NORMAL(1200).jpg,NORMAL,1,train,1430,1113,RGB,d2f4f32f3737b27b31a7bc9664b87ac5,6274b4b2b0b0f0f0
data/q1/Data/train/NORMAL/NORMAL(1205).jpg,NORMAL,1,train,1507,1140,RGB,fc326ff1b902e0d89bfcb44e61c63495,e1e2d494b2b2f0f0
data/q1/Data/train/NORMAL/NORMAL(1206).jpg,NORMAL,1,train,1761,1619,RGB,c2caf4b6753a3529c84774b5354f0885,b3c896b23272f0c0
data/q1/Data/train/NORMAL/NORMAL(1207).jpg,NORMAL,1,train,1590,1364,RGB,ea937a9399756d5ddedf3f3a2995c10e,626894b2b2b0f0f0
data/q1/Data/train/NORMAL/NORMAL(121).jpg,NORMAL,1,train,1522,1221,RGB,be28a7e6031d40cc082fccee0e532356,b0d0d292b0b1f0f0
data/q1/Data/train/NORMAL/NORMAL(1210).jpg,NORMAL,1,train,2355,2231,RGB,d787c2f90f7e0f59d70f0550ce74f70c,f0d693929292b2d0
data/q1/Data/train/NORMAL/NORMAL(1211).jpg,NORMAL,1,train,1905,1627,RGB,a63af8bc6217172e7d1b69a3647ea256,33d49692b2b0f0d0
data/q1/Data/train/NORMAL/NORMAL(1212).jpg,NORMAL,1,train,1580,1171,RGB,a85c99c5b709549fb77b7e1a74218e4d,b0f0d292b0b0f0d0
data/q1/Data/train/NORMAL/NORMAL(1213).jpg,NORMAL,1,train,1774,1662,RGB,b29013027c14ef23c6612386624d06ed,f0b6b2333131f0d2
data/q1/Data/train/NORMAL/NORMAL(1214).jpg,NORMAL,1,train,1601,1078,RGB,c61daa1bb11ff1424d364217ca4f1410,b2f4d4d0d2d8f8f0
data/q1/Data/train/NORMAL/NORMAL(1216).jpg,NORMAL,1,train,1507,1349,RGB,bb6f180d745dd35f0b89d45293ba2ca2,b9d9d292b0b0e0f0
data/q1/Data/train/NORMAL/NORMAL(1218).jpg,NORMAL,1,train,1501,1418,RGB,b0a1e3ce0892dc58f9af0546be9de1f3,38d492b2b1b1f0f0
data/q1/Data/train/NORMAL/NORMAL(122).jpg,NORMAL,1,train,1666,1209,RGB,99b8043f30c0d5b7364d4e0b778d9d95,31d192b2b0b0d0c2
data/q1/Data/train/NORMAL/NORMAL(1220).jpg,NORMAL,1,train,2341,2399,RGB,ddee58b055e9dc56cbb04555274f8a42,339692b2b1b1f0f0
data/q1/Data/train/NORMAL/NORMAL(1221).jpg,NORMAL,1,train,1702,1497,RGB,1417bb8c0320cba2b15017a74c0b57e3,33b69292b2b9f0d2
data/q1/Data/train/NORMAL/NORMAL(1222).jpg,NORMAL,1,train,1746,1812,RGB,960b8af14b5523b736ff523ba607e0c1,b99292333171f1b4
data/q1/Data/train/NORMAL/NORMAL(1223).jpg,NORMAL,1,train,2565,2321,RGB,fd86c5a84cca9ee813c9c576e0d5e35a,5996b6323232f0f0
data/q1/Data/train/NORMAL/NORMAL(1224).jpg,NORMAL,1,train,1267,924,RGB,8b488875b067161d822714e4bdc7cb95,e0ecb4b2b2b0b0f4
data/q1/Data/train/NORMAL/NORMAL(1228).jpg,NORMAL,1,train,1646,1410,RGB,fe366552c9489ab2562bda3c48416f1c,b9d292bbb131d0f0
data/q1/Data/train/NORMAL/NORMAL(1229).jpg,NORMAL,1,train,1801,1437,RGB,ff2e7571f53eee7d54bf9546cef7df43,b2d4d4d29298f0f0
data/q1/Data/train/NORMAL/NORMAL(1230).jpg,NORMAL,1,train,1502,1279,RGB,c9a8b5d23be427e745cb09f86f6ac989,70d492b8b0b9f0f0
data/q1/Data/train/NORMAL/NORMAL(1231).jpg,NORMAL,1,train,1542,1229,RGB,2074a287f4f6356c7dd9cc9cfc8262a3,b8d0b4b2b2b0f0f0
data/q1/Data/train/NORMAL/NORMAL(1235).jpg,NORMAL,1,train,2631,2577,RGB,755b1d6445397f570f56c46ff8a415d6,70f29633b2b2f0c4
data/q1/Data/train/NORMAL/NORMAL(1236).jpg,NORMAL,1,train,1128,966,RGB,4e860933e97ed38350712f4fadd998f3,f0d0d292b2f0f0e0
data/q1/Data/train/NORMAL/NORMAL(1239).jpg,NORMAL,1,train,1495,1137,RGB,adaa063aa2b2ab0bd5f9fba4ab436c5b,32d4b4b0b0f0d0f0
data/q1/Data/train/NORMAL/NORMAL(124).jpg,NORMAL,1,train,1483,1275,RGB,d40bfe8fc59ea53f6f11379948399b16,c0d4d2d2d8f8f8fa
data/q1/Data/train/NORMAL/NORMAL(1240).jpg,NORMAL,1,train,1499,1249,RGB,f4e42da1ce854d1a471293b83922ae6a,d9c8d2b2b2b0d0e0
data/q1/Data/train/NORMAL/NORMAL(1242).jpg,NORMAL,1,train,1802,1256,RGB,499e28dee51d5681e4a280dcd71b7739,b2d4d4f4b0b0f0d0
data/q1/Data/train/NORMAL/NORMAL(1243).jpg,NORMAL,1,train,1789,1472,RGB,04e4fa334c20e13782b8bc8adde3faac,b3d4d2b2b0b0f0f0
data/q1/Data/train/NORMAL/NORMAL(1244).jpg,NORMAL,1,train,1546,1294,RGB,ea0cd54f628cdd38ab131ba9e4707be5,b9d2929ab9b1f0f0
data/q1/Data/train/NORMAL/NORMAL(1245).jpg,NORMAL,1,train,1850,1785,RGB,cadd0c2a531a78c7498b682e72b841da,6374b6b2b2b0f0f0
data/q1/Data/train/NORMAL/NORMAL(1246).jpg,NORMAL,1,train,1521,1353,RGB,51fc369f2c838a98e97ea65e2450a55d,b9d492b2b0b0f0f0
data/q1/Data/train/NORMAL/NORMAL(1247).jpg,NORMAL,1,train,1550,1507,RGB,2a24a6ae67ef9ad4c138c2daa7eb6c3f,bcd496b2b230f0c0
data/q1/Data/train/NORMAL/NORMAL(1249).jpg,NORMAL,1,train,1440,1236,RGB,d6eb7d93f8b99d2296cb1eb10d87240e,b0d492b2b1b1f0f2
data/q1/Data/train/NORMAL/NORMAL(125).jpg,NORMAL,1,train,1677,1654,RGB,669a7b0137b082c2801f47c4c1e2e2f9,b3c0d6b2b2b0f0d0
data/q1/Data/train/NORMAL/NORMAL(1250).jpg,NORMAL,1,train,1387,1094,RGB,4ee9b559470660f019c766ec9823acef,62b4b4b2b2b0f0d0
data/q1/Data/train/NORMAL/NORMAL(1252).jpg,NORMAL,1,train,1370,1079,RGB,32c2435fd266b7114563021450045bab,f0f0d4b2b2b0d0d4
data/q1/Data/train/NORMAL/NORMAL(1253).jpg,NORMAL,1,train,1236,1013,RGB,3c22191ebce179272e809e001cec26dd,e0d4b4b2b0b0f0c6
data/q1/Data/train/NORMAL/NORMAL(1254).jpg,NORMAL,1,train,1375,1137,RGB,d860500b4619c608c68e4f0431b20d44,b8d8d2b2b0f0c090
data/q1/Data/train/NORMAL/NORMAL(1255).jpg,NORMAL,1,train,1858,1812,RGB,c866a1604165c0a1a057aecfec766b42,b3d8d692b2b0f0d0
data/q1/Data/train/NORMAL/NORMAL(1259).jpg,NORMAL,1,train,1572,1322,RGB,5aea0509a70298b8a22ee8959bdae0ee,b2f094b2b2f0c0c2
data/q1/Data/train/NORMAL/NORMAL(126).jpg,NORMAL,1,train,1592,1272,RGB,eb357a49f49cd63e82adf32d1a8a87dc,a9d696b2b2b2d0f0
data/q1/Data/train/NORMAL/NORMAL(1260).jpg,NORMAL,1,train,1959,1920,RGB,ee5f8114908c9511f9c4102d5c424330,33d696b2b2b0f0d0
data/q1/Data/train/NORMAL/NORMAL(1261).jpg,NORMAL,1,train,1408,1160,RGB,3f3ab8e1ba7c943ac8b191fc366fea10,f1f0d2b2b0f0f0f0
data/q1/Data/train/NORMAL/NORMAL(1262).jpg,NORMAL,1,train,1395,1090,RGB,1a9bd91ff665fe7162112d0d10124b4d,e0b4b6b232f0d0f0
data/q1/Data/train/NORMAL/NORMAL(1263).jpg,NORMAL,1,train,1846,1488,RGB,1e316d69c12d291a4d3e722a046f6cc9,62b4b4b2b2b2f0d0
data/q1/Data/train/NORMAL/NORMAL(1264).jpg,NORMAL,1,train,2370,2661,RGB,0061c352d71d0c071831f017dd806c28,f096b2b2b2b2e0c4
data/q1/Data/train/NORMAL/NORMAL(1265).jpg,NORMAL,1,train,1171,967,RGB,6ddddc5e2223bc637221840d10e64464,e0f4b4b27270f0f2
data/q1/Data/train/NORMAL/NORMAL(127).jpg,NORMAL,1,train,1484,1399,RGB,e7ffb866af9c4ff26c81b2be3d56f438,f3a8d4b2b2b0f0f0
data/q1/Data/train/NORMAL/NORMAL(128).jpg,NORMAL,1,train,1791,1480,RGB,d5eff577d1a6618082db67ad8930a584,f0f0d492b2b0f0d0
data/q1/Data/train/NORMAL/NORMAL(129).jpg,NORMAL,1,train,1452,1179,RGB,5e4f84369a24edc041159ae1988ed2c6,f1f0f4b0f0f0e0e0
data/q1/Data/train/NORMAL/NORMAL(130).jpg,NORMAL,1,train,1851,1433,RGB,736f5bdefa7d209035839e8573ddd59c,32d0d692b2b0f0d4
data/q1/Data/train/NORMAL/NORMAL(131).jpg,NORMAL,1,train,1765,1287,RGB,42bbeea5b8726e1265fb40349d036836,f0e096b2b2b290d0
data/q1/Data/train/NORMAL/NORMAL(133).jpg,NORMAL,1,train,1521,1387,RGB,a0698c45b7f89f2c4f518a572011c062,b2f496b2b2b1d0c2
data/q1/Data/train/NORMAL/NORMAL(134).jpg,NORMAL,1,train,1870,1612,RGB,4103f91986b4da8e7627d266b613298c,b1f0d494b2b2f0f4
data/q1/Data/train/NORMAL/NORMAL(135).jpg,NORMAL,1,train,1456,1175,RGB,ea32f82c8488672123f5feafb42a24e6,f0e492b2b1b1f0e4
data/q1/Data/train/NORMAL/NORMAL(136).jpg,NORMAL,1,train,1441,1101,RGB,dfbf30e33349e2176c436f0c70dd9302,e0e0d4b4b0f0f0e0
data/q1/Data/train/NORMAL/NORMAL(137).jpg,NORMAL,1,train,1623,1256,RGB,7c606d8585bcbe452ec86ecf688f2223,73789692b2b0f0f0
data/q1/Data/train/NORMAL/NORMAL(138).jpg,NORMAL,1,train,1650,1437,RGB,ebed71a0c4e6e7589f585948a84956bc,e2c4b4b6b2b2f0d0
data/q1/Data/train/NORMAL/NORMAL(139).jpg,NORMAL,1,train,1409,1075,RGB,7f7a7244a5bf45c04f2b5e50720d2f4e,b2ecd692b2f0f0f0
data/q1/Data/train/NORMAL/NORMAL(14).jpg,NORMAL,1,train,1915,1432,RGB,1354409f60bbf1a549b15b5963c335c2,f096b6b2b2b2f0d4
data/q1/Data/train/NORMAL/NORMAL(140).jpg,NORMAL,1,train,1735,1500,RGB,255cb6f3c937e3908619754d1b5dfdd3,b3b0d492b2b0f0f0
data/q1/Data/train/NORMAL/NORMAL(141).jpg,NORMAL,1,train,1441,974,RGB,4a0cbcd79a72fb6c8d78981aaf60c45e,f2d4d6b2b0b0f0f0
data/q1/Data/train/NORMAL/NORMAL(142).jpg,NORMAL,1,train,1676,1140,RGB,9876f09cda8eac25e9189bf240cdff30,b0d4d292b0b0f0f0
data/q1/Data/train/NORMAL/NORMAL(143).jpg,NORMAL,1,train,1464,1051,RGB,333fada004e453eb175632d6145e9547,3969d2b2b2b0d0f0
data/q1/Data/train/NORMAL/NORMAL(144).jpg,NORMAL,1,train,1555,1314,RGB,581d27c08dcb0bd4a229b726d1180568,b2d094b632b0f0e0
data/q1/Data/train/NORMAL/NORMAL(145).jpg,NORMAL,1,train,1943,1708,RGB,99ecd2272324c5257c6b43fda1e06cc2,b3b3d4b2b2b0d0d4
data/q1/Data/train/NORMAL/NORMAL(146).jpg,NORMAL,1,train,1805,1392,RGB,9f1d774af19edcfe911e4b019ebcb979,b2e0d492b2b0d0f0
data/q1/Data/train/NORMAL/NORMAL(147).jpg,NORMAL,1,train,1843,1468,RGB,7dd94dcf6cc3b23b4399fc40fca34493,31f8d292b2b0f0d2
data/q1/Data/train/NORMAL/NORMAL(148).jpg,NORMAL,1,train,1935,1677,RGB,bcaea4e95590f1b4591790c1ae409555,72b4d492b2b0f0d0
data/q1/Data/train/NORMAL/NORMAL(149).jpg,NORMAL,1,train,1353,1024,RGB,eac74328d20919f2322942c7f9f77676,60e0d4d4f0f0d0f0
data/q1/Data/train/NORMAL/NORMAL(15).jpg,NORMAL,1,train,2622,1893,RGB,f71dbc1236a1c93f87bfea81e7a756d5,f09633333333d1d4
data/q1/Data/train/NORMAL/NORMAL(150).jpg,NORMAL,1,train,1723,1480,RGB,798ffb8a06decfede123b8c4935ae666,31319692b2b2f0d0
data/q1/Data/train/NORMAL/NORMAL(151).jpg,NORMAL,1,train,1534,1220,RGB,3534ccc67c316e6093e07ed81cffd462,a272f4b2b2b0f0d0
data/q1/Data/train/NORMAL/NORMAL(152).jpg,NORMAL,1,train,2395,1990,RGB,ec72488d838ea50c2728029c71958ef7,b3d2d6d2f2f0f0f0
data/q1/Data/train/NORMAL/NORMAL(153).jpg,NORMAL,1,train,1549,1368,RGB,663cd34d9356275cc0f136302e10b150,f0d0b2b23171f0d0
data/q1/Data/train/NORMAL/NORMAL(155).jpg,NORMAL,1,train,1598,1306,RGB,2398037290028b4ba90be855ecad9baa,f2d492b2b0b0f0c0
data/q1/Data/train/NORMAL/NORMAL(157).jpg,NORMAL,1,train,1440,1086,RGB,028c763d2e8b3382a8c778869cf838c1,f2d0b4b0b0f0f0e4
data/q1/Data/train/NORMAL/NORMAL(158).jpg,NORMAL,1,train,1677,1418,RGB,c1c09e89d3382165bfd2ab0c038047d4,f0f4d4b2b0b0f0d0
data/q1/Data/train/NORMAL/NORMAL(159).jpg,NORMAL,1,train,1596,1330,RGB,ed11d0e41c2f24d35b496e60fb2da43b,72f894b2b2b0b0d0
data/q1/Data/train/NORMAL/NORMAL(16).jpg,NORMAL,1,train,1298,617,RGB,60f0475c81baf5e77a10d5bdcb7c4bb3,6494b2b2b0b0b0e8
data/q1/Data/train/NORMAL/NORMAL(162).jpg,NORMAL,1,train,1615,1109,RGB,d1d4622c88614c4f5574e22b46cc3da7,a3f4d2d2d8d8f8f8
data/q1/Data/train/NORMAL/NORMAL(165).jpg,NORMAL,1,train,2001,1786,RGB,6576acc5a9578b17f837d8f3c93640cc,b3d4d292b2b0f0d0
data/q1/Data/train/NORMAL/NORMAL(167).jpg,NORMAL,1,train,1581,1155,RGB,deb17ba3ff2726dab370e5379e93af1c,62e2d692929ada78
data/q1/Data/train/NORMAL/NORMAL(168).jpg,NORMAL,1,train,1522,1093,RGB,5d2879ef32a168c8a6e698cbec31ae15,61f492b2b2b0f0f0
data/q1/Data/train/NORMAL/NORMAL(169).jpg,NORMAL,1,train,1704,1449,RGB,3b48652945b901d38b2f43c402766c69,33f496b2b2b0f0d0
data/q1/Data/train/NORMAL/NORMAL(17).jpg,NORMAL,1,train,2020,1384,RGB,b72c588e0dfd3448ae3f69be99dfb623,f0f79292b2b2b0f0
data/q1/Data/train/NORMAL/NORMAL(170).jpg,NORMAL,1,train,1802,1595,RGB,f81563c2e4d47eb2dc329ceb8b1cbc14,b99bd494b2b2f0d4
data/q1/Data/train/NORMAL/NORMAL(171).jpg,NORMAL,1,train,1828,1654,RGB,7cdcbebff0c58a0fc8ce3023e2ec7aa4,33b294b2b2b0f0d0
data/q1/Data/train/NORMAL/NORMAL(172).jpg,NORMAL,1,train,1607,1345,RGB,36548cb08caa7a425136f112f5466032,e2d4b4b2b2f0d0f4
data/q1/Data/train/NORMAL/NORMAL(173).jpg,NORMAL,1,train,1765,1503,RGB,bc77e8aaa42360e49dc0879d0f71d0b0,b1f196b2b2b0f0f0
data/q1/Data/train/NORMAL/NORMAL(174).jpg,NORMAL,1,train,1447,1121,RGB,c9f4cfd53a8064f550b61d81fe0d93fa,f8d4dab8b8f0f0f0
data/q1/Data/train/NORMAL/NORMAL(175).jpg,NORMAL,1,train,1658,1222,RGB,008640ecf3ac577333612a633b7e320a,f0f0d4b4b0f0e4c4
data/q1/Data/train/NORMAL/NORMAL(176).jpg,NORMAL,1,train,1588,1372,RGB,3bad8afb2feb263072add6c687afe87c,33b0d4b4b0b0f0e0
data/q1/Data/train/NORMAL/NORMAL(179).jpg,NORMAL,1,train,1982,1804,RGB,5eb5f9263f7b2b2cd431c9d9bd7e5042,26b494b2b2b0d0d0
data/q1/Data/train/NORMAL/NORMAL(18).jpg,NORMAL,1,train,2719,2458,RGB,03fcfca108953850c0a5270e407eb630,f0d69393b2b2f0d4
data/q1/Data/train/NORMAL/NORMAL(180).jpg,NORMAL,1,train,1437,1140,RGB,d210ce4f4891f246fa888d9b2df81646,e1d092b2bab9f8f0
data/q1/Data/train/NORMAL/NORMAL(181).jpg,NORMAL,1,train,2280,2066,RGB,2525f7112c17662805da4ec261a8936d,219692b2b0b0f0d0
data/q1/Data/train/NORMAL/NORMAL(184).jpg,NORMAL,1,train,1858,1500,RGB,ca75fb25e114ab93f3a6c16cdd31873f,b2f0d4d2b2b8d8c0
data/q1/Data/train/NORMAL/NORMAL(185).jpg,NORMAL,1,train,1417,1059,RGB,f57fbd4c76b35b0d347cd303007322bd,f8d4b2b2b0f0f0d4
data/q1/Data/train/NORMAL/NORMAL(186).jpg,NORMAL,1,train,1700,1383,RGB,c5779f7e75162a9dc71c2f311d55db6d,33b1d492b2b2d0d0
data/q1/Data/train/NORMAL/NORMAL(187).jpg,NORMAL,1,train,1828,1511,RGB,2246cfa6411c35763e22a922b46369df,62e094b2b2b0f0c0
data/q1/Data/train/NORMAL/NORMAL(188).jpg,NORMAL,1,train,1707,1415,RGB,467eb6d42a474a94a28194b70d8c2ed0,f0d0d692b2b0f0d0
data/q1/Data/train/NORMAL/NORMAL(19).jpg,NORMAL,1,train,2270,1827,RGB,9789b96832e7078db6f88da6758c5cff,f0b6363232b2b2d4
data/q1/Data/train/NORMAL/NORMAL(190).jpg,NORMAL,1,train,1800,1503,RGB,854da48aa3e3b55f819361d53959738d,62d4b6b2b230f0e2
data/q1/Data/train/NORMAL/NORMAL(191).jpg,NORMAL,1,train,1908,1565,RGB,87f492cdcf38e791121053c668c483a6,b2d69292b0b1f0d4
data/q1/Data/train/NORMAL/NORMAL(193).jpg,NORMAL,1,train,1430,1128,RGB,c719b7c279813aa540498aed82c5fffc,6172d5b2b2b0d0f0
data/q1/Data/train/NORMAL/NORMAL(194).jpg,NORMAL,1,train,1686,1264,RGB,23aaf113553190eb32e6d347c65debbd,32d4d490b0b0f0e0
data/q1/Data/train/NORMAL/NORMAL(199).jpg,NORMAL,1,train,1579,1368,RGB,5480fcf06bd0b90d574bf4a74653d4ed,66d4b6b2b0b0f4c0
data/q1/Data/train/NORMAL/NORMAL(2).jpg,NORMAL,1,train,2029,1837,RGB,4768f7ba518e1676237b3dded9c37ae6,f0173332b2b2b0f0
data/q1/Data/train/NORMAL/NORMAL(20).jpg,NORMAL,1,train,2520,2124,RGB,020db5757cbe458594feee7618700b68,f296b6b2b2f0f0f0
data/q1/Data/train/NORMAL/NORMAL(200).jpg,NORMAL,1,train,2144,1805,RGB,032642c42fcf382b7743406b2eb2b148,32d496b2b2b0f0e8
data/q1/Data/train/NORMAL/NORMAL(201).jpg,NORMAL,1,train,1267,885,RGB,a2d010f38b7ebe099b4606aa633ef2b1,f2f0d0b2b0f0f8d8
data/q1/Data/train/NORMAL/NORMAL(203).jpg,NORMAL,1,train,1659,1298,RGB,86e07f9cdc2e33b432777d43edf1b39f,b3d4d292b1f1d0e2
data/q1/Data/train/NORMAL/NORMAL(204).jpg,NORMAL,1,train,1013,846,RGB,11543bbbc733c2838e4794f771ed1554,e0e0f4b2b2b0f0e6
data/q1/Data/train/NORMAL/NORMAL(205).jpg,NORMAL,1,train,1267,959,RGB,6202cbec10648e155823dc48a0f6a057,e096b2b2b2f0d0c2
data/q1/Data/train/NORMAL/NORMAL(208).jpg,NORMAL,1,train,1634,1210,RGB,5016ba0515e80091a0fb71dd098538a9,b1d0d6b2b2b0d0f0
data/q1/Data/train/NORMAL/NORMAL(209).jpg,NORMAL,1,train,1291,1225,RGB,9226a8e94f29597e3256abaf99b43137,607094b2b2b0d0f0
data/q1/Data/train/NORMAL/NORMAL(21).jpg,NORMAL,1,train,2343,2139,RGB,151716b2fd206e4e093e47f98e9be605,d6173333333170d4
data/q1/Data/train/NORMAL/NORMAL(211).jpg,NORMAL,1,train,1823,1430,RGB,0d629038c1efce10b0fdce39dfff2df7,b1dad692b2b0d0e4
data/q1/Data/train/NORMAL/NORMAL(212).jpg,NORMAL,1,train,1198,931,RGB,637e87871b5fcc7a6ad50556266fc963,f2f8d4b4b0b0f0e4
data/q1/Data/train/NORMAL/NORMAL(214).jpg,NORMAL,1,train,1519,1306,RGB,62c15440a010920ec08c16d4df48a5ca,eaa432323074f0f0
data/q1/Data/train/NORMAL/NORMAL(215).jpg,NORMAL,1,train,1808,1507,RGB,889b425b21069dd4ca8d7d29d5728d7d,33dc96b2b2b1f0d0
data/q1/Data/train/NORMAL/NORMAL(216).jpg,NORMAL,1,train,1195,974,RGB,dd959e42d9e02a145a02180ae2d75120,f0d096b2b2b0d0d2
data/q1/Data/train/NORMAL/NORMAL(217).jpg,NORMAL,1,train,1407,1191,RGB,1421c76175d25f1c79fc805734d92ecf,38d0b4b0b0b0d0f0
data/q1/Data/train/NORMAL/NORMAL(218).jpg,NORMAL,1,train,1305,1341,RGB,47f49a4a3de623fd4a00bdaf0f5fd9d9,f1f096b2b232f0f0
data/q1/Data/train/NORMAL/NORMAL(219).jpg,NORMAL,1,train,1509,1202,RGB,350da9061c9d80810f04454fbbeba770,32d496b2b2b1f0c6
data/q1/Data/train/NORMAL/NORMAL(22).jpg,NORMAL,1,train,1645,1314,RGB,99514fb573eea8acb4c33df484d54502,f0549696b2b2b2f2
data/q1/Data/train/NORMAL/NORMAL(220).jpg,NORMAL,1,train,1113,843,RGB,81a9d6008b173f8d5e3ba52ed6fb8958,b0d4d2d2d8f8f0e2
data/q1/Data/train/NORMAL/NORMAL(221).jpg,NORMAL,1,train,2161,1897,RGB,89c34b4d1e04739f891c7f2a1a186e05,b2d4d692b0b0f0f0
data/q1/Data/train/NORMAL/NORMAL(222).jpg,NORMAL,1,train,1584,1237,RGB,043c3bad7fd4aea221b92483f09f3229,f0f0d4d0b0f0d0c8
data/q1/Data/train/NORMAL/NORMAL(223).jpg,NORMAL,1,train,1746,1392,RGB,00bcbc0c1a7875fe1df2ccf099adec23,b2d4d4b2b2b2d0d0
data/q1/Data/train/NORMAL/NORMAL(225).jpg,NORMAL,1,train,1839,1480,RGB,f3586c0df8b2f61b92ec4aacb465a09e,637494b0b0b0f0f0
data/q1/Data/train/NORMAL/NORMAL(227).jpg,NORMAL,1,train,1588,1217,RGB,be5652ca575ffa4c77d10e285e9c0cb8,60e0b4b0b0b0f0c0
data/q1/Data/train/NORMAL/NORMAL(228).jpg,NORMAL,1,train,1310,1071,RGB,737b5a397961b640375a47816be67815,786894b4b2b2d2c6
data/q1/Data/train/NORMAL/NORMAL(229).jpg,NORMAL,1,train,1591,1411,RGB,09f87482986f61453b772afdd35dcccb,727c94b2b0b0faf8
data/q1/Data/train/NORMAL/NORMAL(23).jpg,NORMAL,1,train,1947,1632,RGB,fdb247b948afbc1d6405e035678a0cf7,f09293b2b2b0f0f4
data/q1/Data/train/NORMAL/NORMAL(230).jpg,NORMAL,1,train,1621,1168,RGB,f2759cd440e13ed648f6f2b0549a303e,f0f0d4d4f2f0f0f0
data/q1/Data/train/NORMAL/NORMAL(231).jpg,NORMAL,1,train,1352,1063,RGB,c2b6cb88a66a28e9d17aa6cf9384a395,c090b2b270f0d0d0
data/q1/Data/train/NORMAL/NORMAL(233).jpg,NORMAL,1,train,1262,998,RGB,f0fbaecb7ce02366a1741977afb61316,e0f4b6b231f1f0e4
data/q1/Data/train/NORMAL/NORMAL(234).jpg,NORMAL,1,train,1765,1588,RGB,11797f9892c3bbfe814f77fb71894582,b2d692b2b0f0f0c2
data/q1/Data/train/NORMAL/NORMAL(235).jpg,NORMAL,1,train,1494,1151,RGB,6f333546f3832393a9ee68a163986fe9,f0f4d2d29898f0d0
data/q1/Data/train/NORMAL/NORMAL(236).jpg,NORMAL,1,train,1422,986,RGB,c61147a3b922817a76770432a6a22320,e0d6d2d2d8f8e0f0
data/q1/Data/train/NORMAL/NORMAL(237).jpg,NORMAL,1,train,1372,1109,RGB,1877416f50fb10b5871b6e177176579d,f0e4d4d29090f0f0
data/q1/Data/train/NORMAL/NORMAL(238).jpg,NORMAL,1,train,1299,974,RGB,516dd619f34bd8f50aa7e4aad5577a68,f1f0d2d2d0d0c2c2
data/q1/Data/train/NORMAL/NORMAL(24).jpg,NORMAL,1,train,2155,1953,RGB,0d47941411338697fdad87361a30743f,f0b632b2b2b2f2d2
data/q1/Data/train/NORMAL/NORMAL(240).jpg,NORMAL,1,train,1645,1299,RGB,7c83aa23ee1ca81a3c7017bc7c358ed3,329494b2b2b0f0d4
data/q1/Data/train/NORMAL/NORMAL(241).jpg,NORMAL,1,train,1499,1272,RGB,30d7d2e52004acbc9aff9e2fa5355b07,f0f8d2d298d8f0f0
data/q1/Data/train/NORMAL/NORMAL(242).jpg,NORMAL,1,train,1493,1156,RGB,6c001cb8f97ecb507515d669a00b66e5,e0f4d4b0b0f0f0e4
data/q1/Data/train/NORMAL/NORMAL(244).jpg,NORMAL,1,train,1488,1402,RGB,8ca2e043dbbd70cb4db347378781a865,b9d996b2b2b2e0e0
data/q1/Data/train/NORMAL/NORMAL(245).jpg,NORMAL,1,train,1327,1001,RGB,80f40cff3790945a073f4ca5611e79b4,b2e4d292b0b0f0f0
data/q1/Data/train/NORMAL/NORMAL(247).jpg,NORMAL,1,train,1472,1171,RGB,9942b89854196de8355be599904be78e,b0f0b4b4b2b0f0d0
data/q1/Data/train/NORMAL/NORMAL(249).jpg,NORMAL,1,train,1395,1024,RGB,6b4d53deff5741354f79bad74497a322,b8f8d4d2b2b2d0d0
data/q1/Data/train/NORMAL/NORMAL(25).jpg,NORMAL,1,train,2022,1836,RGB,d99d1a9c8ea5f492267d0522715676e5,f09333b3b2b2f2d0
data/q1/Data/train/NORMAL/NORMAL(250).jpg,NORMAL,1,train,1113,832,RGB,ce3f0475ae30c757f925d5dac14ffd65,70d6b2b2b0f0c6c4
data/q1/Data/train/NORMAL/NORMAL(251).jpg,NORMAL,1,train,2024,2036,RGB,c7df4060851585e221c47ceb049d6a9f,31d99292b2b0f0d0
data/q1/Data/train/NORMAL/NORMAL(252).jpg,NORMAL,1,train,1789,1654,RGB,328c973a87307d3f96ce53e9f21a788a,389996b2b2f2d0f0
data/q1/Data/train/NORMAL/NORMAL(253).jpg,NORMAL,1,train,1744,1402,RGB,8de6b139b8ea001aa47d06eab224bd77,b2d496b2b2b2f0c8
data/q1/Data/train/NORMAL/NORMAL(254).jpg,NORMAL,1,train,1816,1627,RGB,d6f4395b68efa880180ff18f297633f7,733294b6b2b0f0d0
data/q1/Data/train/NORMAL/NORMAL(255).jpg,NORMAL,1,train,1437,1106,RGB,63b129c8d352991fb68f2a83c2ba481d,7170d292b8b8f8f0
data/q1/Data/train/NORMAL/NORMAL(256).jpg,NORMAL,1,train,1694,1395,RGB,2f3e1fa637cd0eddc1faf6f82c7ad2cf,e2ecd492b2b0f0d0
data/q1/Data/train/NORMAL/NORMAL(257).jpg,NORMAL,1,train,1743,1388,RGB,11bff50e69001ea23618559ad40d2200,b2f0d492b2b0d0d4
data/q1/Data/train/NORMAL/NORMAL(259).jpg,NORMAL,1,train,1472,1318,RGB,bfb302c320f063d30ca3deae5a9212e5,b2f0d4b0b0b2f0d4
data/q1/Data/train/NORMAL/NORMAL(26).jpg,NORMAL,1,train,1657,1534,RGB,61aeefb83437b7cf4e962b8f74d66f07,f4333333b3b1f3d2
data/q1/Data/train/NORMAL/NORMAL(260).jpg,NORMAL,1,train,1542,1226,RGB,8ee6a969c867ff20109aae845a1bb03b,e8d492b2b1b1f0f0
data/q1/Data/train/NORMAL/NORMAL(262).jpg,NORMAL,1,train,1550,1302,RGB,685f51369612e48dc612748aaf1de5e8,b2f0d4b2b2b0f0f0
data/q1/Data/train/NORMAL/NORMAL(263).jpg,NORMAL,1,train,1920,1801,RGB,65a9d7615d70865575bfbdf9d3b842a9,239692b2b0b0f0f0
data/q1/Data/train/NORMAL/NORMAL(265).jpg,NORMAL,1,train,1530,1028,RGB,10fa3e8373ffecc93b90acdead5a7e33,e4f8d4b0b0b0f4c2
data/q1/Data/train/NORMAL/NORMAL(266).jpg,NORMAL,1,train,2104,1669,RGB,2dee77b9a349ed0e1ca54c0b59b4d946,b2c894b4b0b0f0e0
data/q1/Data/train/NORMAL/NORMAL(267).jpg,NORMAL,1,train,1307,1059,RGB,03717c97b6b8724b70a92c50df676ce6,f0d490b0b0f0f0b6
data/q1/Data/train/NORMAL/NORMAL(268).jpg,NORMAL,1,train,1467,1221,RGB,7406a1642233bc94098fdc8a28fb42df,b2e8d0d2b0b8f8e0
data/q1/Data/train/NORMAL/NORMAL(269).jpg,NORMAL,1,train,1587,1333,RGB,dba6ef3aee36412f2996a4e68b5df58c,b2d4b6b2b1b1f4f0
data/q1/Data/train/NORMAL/NORMAL(271).jpg,NORMAL,1,train,1164,1086,RGB,453419cf9e583821645008afaa98a183,b9d892b2b1f1f0e6
data/q1/Data/train/NORMAL/NORMAL(272).jpg,NORMAL,1,train,1439,1082,RGB,34daee205a2ad12defd36d60450e6d27,72f894b2b2b0d0f0
data/q1/Data/train/NORMAL/NORMAL(273).jpg,NORMAL,1,train,1820,1670,RGB,724a3671b13c74b2d20c308a26ed31fe,999292b2b1b1d0d4
data/q1/Data/train/NORMAL/NORMAL(274).jpg,NORMAL,1,train,1774,1612,RGB,4fd490063620aa6dbe2cce1378335213,b2c494b2b2b0f0d4
data/q1/Data/train/NORMAL/NORMAL(276).jpg,NORMAL,1,train,1951,1619,RGB,d052a5e1a15da4c9e38aa04dcbe86414,3998d2d2b2b0f0f4
data/q1/Data/train/NORMAL/NORMAL(277).jpg,NORMAL,1,train,1431,1148,RGB,907fedbe7d593411585724970bdb53e7,e0d4b6b2b231f0f0
data/q1/Data/train/NORMAL/NORMAL(278).jpg,NORMAL,1,train,1090,793,RGB,ced06acb74402c42b3f89322d72b9428,f1f492b2b0f1d0f2
data/q1/Data/train/NORMAL/NORMAL(280).jpg,NORMAL,1,train,1727,1518,RGB,1e605301c62f79800325b3619df17530,b9f9d2d2b2b0f0d0
data/q1/Data/train/NORMAL/NORMAL(281).jpg,NORMAL,1,train,2318,2411,RGB,2db0136862f186891edb856d8dfd767f,b694b6b2b2b0f0d2
data/q1/Data/train/NORMAL/NORMAL(282).jpg,NORMAL,1,train,1449,1287,RGB,10a6fa10674009681cf150456faa934a,7172d4b2b2b2f0e4
data/q1/Data/train/NORMAL/NORMAL(283).jpg,NORMAL,1,train,1808,1418,RGB,5c5ec3001a2830b3e947cfd18ef54f3f,f3d496b2b2b2f0f0
data/q1/Data/train/NORMAL/NORMAL(284).jpg,NORMAL,1,train,1719,1500,RGB,4a415014574ed2dd8b4c3fd71ed16d6b,22f496b2b2b1f0e2
data/q1/Data/train/NORMAL/NORMAL(285).jpg,NORMAL,1,train,2117,1522,RGB,204cdf111fbdf48bdc2dc394215eede2,635496b2b2b0f0f4
data/q1/Data/train/NORMAL/NORMAL(286).jpg,NORMAL,1,train,1557,1352,RGB,3a0bf404146988314c8e0fec046220c4,799092b2b0b0d4f0
data/q1/Data/train/NORMAL/NORMAL(287).jpg,NORMAL,1,train,1573,1129,RGB,6afb1778c59d8e630560e024e55e25ad,b8e8d4d4d0f0f0d4
data/q1/Data/train/NORMAL/NORMAL(289).jpg,NORMAL,1,train,1368,1078,RGB,375bc6036489d31e1d061c8d9e4159f6,b1f8d4f2b2f0f0e4
data/q1/Data/train/NORMAL/NORMAL(29).jpg,NORMAL,1,train,1739,1504,RGB,1609519f6a47f45f03f8b36ae3b3daf3,f29232323230f0f0
data/q1/Data/train/NORMAL/NORMAL(290).jpg,NORMAL,1,train,1768,1314,RGB,965b2db5df749da25b6dd641a33d2889,b0f4d6929898f8f0
data/q1/Data/train/NORMAL/NORMAL(292).jpg,NORMAL,1,train,1561,1348,RGB,7c09ba1bd8837d8ca03994cfbfcc5e72,f0f892b2b3b1f0f0
data/q1/Data/train/NORMAL/NORMAL(293).jpg,NORMAL,1,train,1918,1569,RGB,8c4b1c5fe5b0fac568dfe8682e052fa6,317296b2b2b0f0f0
data/q1/Data/train/NORMAL/NORMAL(294).jpg,NORMAL,1,train,1858,1380,RGB,89828ca3ad19dd432ad3c48051d7b850,3274d492b2b0f0c2
data/q1/Data/train/NORMAL/NORMAL(296).jpg,NORMAL,1,train,1438,1082,RGB,485b5be855a269c5463ff02dfd8ef103,2264b4b2b2b0f0d0
data/q1/Data/train/NORMAL/NORMAL(297).jpg,NORMAL,1,train,1677,1414,RGB,c03a3cd6c1ca3123ac435fb0761229b4,b19292b2b0b0f0d0
data/q1/Data/train/NORMAL/NORMAL(298).jpg,NORMAL,1,train,1480,1228,RGB,f10a99415801ad8d0d7f44b0f80e821b,7070d492b2b0f0f0
data/q1/Data/train/NORMAL/NORMAL(299).jpg,NORMAL,1,train,1916,1677,RGB,7f2bf89cff1801933c18df8f40a7c052,b3d696b2b2b2f0c4
data/q1/Data/train/NORMAL/NORMAL(3).jpg,NORMAL,1,train,1663,1326,RGB,e24e1298830dd4cedf52be495770ceed,e8b23333313170d2
data/q1/Data/train/NORMAL/NORMAL(300).jpg,NORMAL,1,train,2214,1715,RGB,0bbc455277574beeb1513a72df660474,b2d4d69292b2f0d0
data/q1/Data/train/NORMAL/NORMAL(301).jpg,NORMAL,1,train,1511,1209,RGB,d09423444c10af1776938c7adf76bd93,f4d4b6b2b2b0f0f1
data/q1/Data/train/NORMAL/NORMAL(303).jpg,NORMAL,1,train,2000,1445,RGB,f4ed3f8fa7573588b8d54e5eef5e21b1,f8d496b2b2b0f0d4
data/q1/Data/train/NORMAL/NORMAL(304).jpg,NORMAL,1,train,1507,1152,RGB,0ed743bf3b537694875b5cd77e5b7ddb,e0f0d490b0b0d0e0
data/q1/Data/train/NORMAL/NORMAL(305).jpg,NORMAL,1,train,1410,1179,RGB,c2ef3ec7a817d6d0fd39548796de6ba0,32f094b0b0f0f0f0
data/q1/Data/train/NORMAL/NORMAL(306).jpg,NORMAL,1,train,1904,1422,RGB,417435ab40e0da98ac6f7b4a9a30e9f6,b2b2d494b2b0f0d0
data/q1/Data/train/NORMAL/NORMAL(307).jpg,NORMAL,1,train,1763,1380,RGB,408fcbce15f97de3b10f052d5fa94b6e,b2d096b2b2b0d0d4
data/q1/Data/train/NORMAL/NORMAL(309).jpg,NORMAL,1,train,1815,1558,RGB,f36e599e2b81812f754bbfc815c2ab31,b2d496b2b2b0f0c0
data/q1/Data/train/NORMAL/NORMAL(31).jpg,NORMAL,1,train,2021,2071,RGB,9ea2caf8cce69ac346f4ca20f5f30932,f0133333b3b2f2d0
data/q1/Data/train/NORMAL/NORMAL(312).jpg,NORMAL,1,train,1510,1352,RGB,e04729dc18c5ab92f7d87205d48d065a,73f4b4b2b2f0f0f0
data/q1/Data/train/NORMAL/NORMAL(313).jpg,NORMAL,1,train,1924,1754,RGB,4a3c85c14cb34271ea9be1dc8960ef2b,b2d692b2b1b1f0d2
data/q1/Data/train/NORMAL/NORMAL(314).jpg,NORMAL,1,train,1737,1506,RGB,6b87ac36eda4e61b85c19505f1e5de6a,72d496b2b2b9f8f0
data/q1/Data/train/NORMAL/NORMAL(315).jpg,NORMAL,1,train,1815,1661,RGB,c499058871b72109d08835ac978ad6d9,b3d6d6b2b2b0d0c0
data/q1/Data/train/NORMAL/NORMAL(317).jpg,NORMAL,1,train,1756,1279,RGB,d2360c73629f5f7cd1f15ba143a83f5f,f0d496b2b2b2d0c0
data/q1/Data/train/NORMAL/NORMAL(318).jpg,NORMAL,1,train,1595,1236,RGB,68474231101af243754007f3753b7b7e,f0f0d6b2b2f0d2c2
data/q1/Data/train/NORMAL/NORMAL(319).jpg,NORMAL,1,train,1677,1480,RGB,e0eefd45b652b7719f26b1f3b65321dd,30b0d692b2b2f0f0
data/q1/Data/train/NORMAL/NORMAL(32).jpg,NORMAL,1,train,2295,2032,RGB,4ac6eea3142602001a639394bfeb58da,d01733333332f2d4
data/q1/Data/train/NORMAL/NORMAL(320).jpg,NORMAL,1,train,1850,1746,RGB,bd54a7df25aee1b7ca3c6f06f0b207a5,7196b2b2b231f0d0
data/q1/Data/train/NORMAL/NORMAL(322).jpg,NORMAL,1,train,2087,2074,RGB,eb605d880d044e518e65dab60455a6ae,91d292b2b2f0f0f0
data/q1/Data/train/NORMAL/NORMAL(323).jpg,NORMAL,1,train,1761,1715,RGB,d821859bc8780d110d1915eef94c211f,31d0d2b2b0b0e0c0
data/q1/Data/train/NORMAL/NORMAL(324).jpg,NORMAL,1,train,1364,1148,RGB,4ea2c78a0c1a709542be4ff760c94463,b194b2b23270d0c4
data/q1/Data/train/NORMAL/NORMAL(325).jpg,NORMAL,1,train,1812,1693,RGB,827a0fd960689bf3fd229ad4420679fa,7196b6b2b2b0f0f0
data/q1/Data/train/NORMAL/NORMAL(326).jpg,NORMAL,1,train,2090,1785,RGB,50f9acd3c1a63dc653e6091a3c5cddde,b3d292b2b2b0f0d0
data/q1/Data/train/NORMAL/NORMAL(329).jpg,NORMAL,1,train,1653,1259,RGB,930ad1a71fc7c8e377254cd62c24b67d,f1f0d292b2b0f0c0
data/q1/Data/train/NORMAL/NORMAL(33).jpg,NORMAL,1,train,2746,2382,RGB,58637d88a8db722d67713aa6a2e43408,d09293b3b2b2f0f0
data/q1/Data/train/NORMAL/NORMAL(330).jpg,NORMAL,1,train,1704,1341,RGB,dd1d566cdccee2dcd25eafdc1bb6f74f,707cd4d5b0b0f0f0
data/q1/Data/train/NORMAL/NORMAL(334).jpg,NORMAL,1,train,1600,1264,RGB,1f74e87d4771e860b555f7cd8b3db5ad,79f0b6b2b2b2f0f0
data/q1/Data/train/NORMAL/NORMAL(335).jpg,NORMAL,1,train,1867,1739,RGB,4161862e27ae32c2f48437afb37b5112,d3d496b2b2b2f0f0
data/q1/Data/train/NORMAL/NORMAL(34).jpg,NORMAL,1,train,1999,1725,RGB,3965fa4ec410a4eb0d10e3c4979557c2,f1b7333333b2b0f2
data/q1/Data/train/NORMAL/NORMAL(340).jpg,NORMAL,1,train,1615,1318,RGB,0520b0854687805ed1b3df1a241ee1f8,61d6b2b2b130f0f0
data/q1/Data/train/NORMAL/NORMAL(341).jpg,NORMAL,1,train,1557,1179,RGB,8870497ccc14ceffb29fe172c16cf72a,b9d692b2b2b0d0e0
data/q1/Data/train/NORMAL/NORMAL(345).jpg,NORMAL,1,train,1665,1537,RGB,233be73926278d12e22f16c848c53ccd,b2b0d4b2b0b8f0f2
data/q1/Data/train/NORMAL/NORMAL(346).jpg,NORMAL,1,train,1676,1561,RGB,f7f57b8e43fd2fd572905566d2188720,38399292b2b2f0c0
data/q1/Data/train/NORMAL/NORMAL(347).jpg,NORMAL,1,train,1384,927,RGB,10983433d2bde6fd32e1f6d15cbb241f,f0f4d4d2b8b0f8d8
data/q1/Data/train/NORMAL/NORMAL(348).jpg,NORMAL,1,train,2217,2183,RGB,7466905301b5e6a35b8c62f811b38ad4,32949692b2b0f0f0
data/q1/Data/train/NORMAL/NORMAL(349).jpg,NORMAL,1,train,1221,970,RGB,c15b24a0c531716c2b96dbee3d6a2656,e0f0d2b2bab0f2d2
data/q1/Data/train/NORMAL/NORMAL(35).jpg,NORMAL,1,train,1760,1060,RGB,cb2f97b511a170e3750b884fd18106bc,b2d4d490b0b2f0d0
data/q1/Data/train/NORMAL/NORMAL(350).jpg,NORMAL,1,train,1252,1028,RGB,c55c485ff3747175b39dad4ae9e55932,e294b6b2b031f0f2
data/q1/Data/train/NORMAL/NORMAL(351).jpg,NORMAL,1,train,1689,1167,RGB,46a29bf48883a8be2b014e9cc6b73bf6,e2f892b2b0b0d0f0
data/q1/Data/train/NORMAL/NORMAL(352).jpg,NORMAL,1,train,1488,1121,RGB,bd83c46a78a8657cf0a710358fb1050d,a2d4b4b2b2f2f0f0
data/q1/Data/train/NORMAL/NORMAL(353).jpg,NORMAL,1,train,1403,1059,RGB,955eecf34bbeb0249bd2053e6814e178,c2cc94b2b0b0f0f0
data/q1/Data/train/NORMAL/NORMAL(356).jpg,NORMAL,1,train,1279,909,RGB,35d6efa3c6b8d2a33a7354d7cc1a3f3d,e0e4d0f0b0b2f0c4
data/q1/Data/train/NORMAL/NORMAL(357).jpg,NORMAL,1,train,1300,1148,RGB,a338334223a57cb686f890603dd42045,e0f4b2b23070f0f0
data/q1/Data/train/NORMAL/NORMAL(36).jpg,NORMAL,1,train,2749,1882,RGB,e4efef65f519806193d5081f758520bc,82dc9692b2b2d0d4
data/q1/Data/train/NORMAL/NORMAL(360).jpg,NORMAL,1,train,1548,1407,RGB,ca19fa1cc2d7592852d1048dd9630417,7ce8d692b2b8f8c0
data/q1/Data/train/NORMAL/NORMAL(362).jpg,NORMAL,1,train,1635,1468,RGB,e50b1dcb01dbb604211c384e2005e122,32f894b2b0b0f0f0
data/q1/Data/train/NORMAL/NORMAL(363).jpg,NORMAL,1,train,2260,2237,RGB,c6144b8e039229a56923a3fd1bb9f9bd,339696b2b2b0f0d0
data/q1/Data/train/NORMAL/NORMAL(366).jpg,NORMAL,1,train,1823,1426,RGB,6b7b5ad57bbf1bc6c0124e502abbcdcb,63c896b2b2b0f0f0
data/q1/Data/train/NORMAL/NORMAL(367).jpg,NORMAL,1,train,1283,1013,RGB,5f85f699aa608697cc8e84d7ebc7687e,e2c0f4909290f8f2
data/q1/Data/train/NORMAL/NORMAL(369).jpg,NORMAL,1,train,1337,1194,RGB,55686b5f0e1dffbbc2eb3784c29c456d,72f0b4b2b2b0f0f0
data/q1/Data/train/NORMAL/NORMAL(37).jpg,NORMAL,1,train,1556,1041,RGB,1f6b317efc564a94d95b66e29ee10832,b0d494b2b0b0f8e0
data/q1/Data/train/NORMAL/NORMAL(370).jpg,NORMAL,1,train,1581,1056,RGB,faebeee164c6be949ac3907ae1050d38,38d692b2b0b0f0f0
data/q1/Data/train/NORMAL/NORMAL(371).jpg,NORMAL,1,train,1445,1391,RGB,44338f61f9e639c4ea75110644ba018d,71d69299b9b8f0f0
data/q1/Data/train/NORMAL/NORMAL(372).jpg,NORMAL,1,train,1673,1493,RGB,39b260b190f8c5f059b744ab81cab914,86f496b2b0b8f8e8
data/q1/Data/train/NORMAL/NORMAL(374).jpg,NORMAL,1,train,1364,1051,RGB,76d58418530aa80e1945aec5e744fabb,b2f8d4b2b0b0f0c4
data/q1/Data/train/NORMAL/NORMAL(375).jpg,NORMAL,1,train,1536,1059,RGB,fb70c1ce7b515435f192e12efe85663b,f0d492b2b0b0f0f2
data/q1/Data/train/NORMAL/NORMAL(376).jpg,NORMAL,1,train,1870,1905,RGB,7304cbb66c453da9d6473343df59a2e2,3899da9bb9b9d0f0
data/q1/Data/train/NORMAL/NORMAL(377).jpg,NORMAL,1,train,2156,1936,RGB,cc0d4e3f7a8498bb7e46fd334e2ca542,33f49692b2b0d0f4
data/q1/Data/train/NORMAL/NORMAL(378).jpg,NORMAL,1,train,1499,1171,RGB,0a5984f6ac307bfda813388ceca4cb49,92f8d4b2b2b0f0f0
data/q1/Data/train/NORMAL/NORMAL(379).jpg,NORMAL,1,train,1553,1449,RGB,376079fd5ed0f3bd6af7f5bef894050b,b2a4d4d2b2b8f8f0
data/q1/Data/train/NORMAL/NORMAL(38).jpg,NORMAL,1,train,1590,1318,RGB,671e5acb37cc621e1757e197a990ed63,c894b6b2b2f2f0e4
data/q1/Data/train/NORMAL/NORMAL(380).jpg,NORMAL,1,train,1399,1221,RGB,a8e8b233eff46b2507b718e124b8d0a1,e0e0b4b2b2b0f0f0
data/q1/Data/train/NORMAL/NORMAL(381).jpg,NORMAL,1,train,1313,1171,RGB,329b6fe7f2b2347e63bfd48b1468f701,f8f094b2b2b2f0f0
data/q1/Data/train/NORMAL/NORMAL(383).jpg,NORMAL,1,train,1700,1368,RGB,39c3efdfc61ed736d3be0f31a56a0bf6,33d092b2b0b0d0d4
data/q1/Data/train/NORMAL/NORMAL(384).jpg,NORMAL,1,train,1751,1384,RGB,2440f644e553f2f4f32143856bff4211,32b494b2b2b0f0d0
data/q1/Data/train/NORMAL/NORMAL(385).jpg,NORMAL,1,train,1899,1669,RGB,0902444867be46b9352913715513be38,b3d496b2b2b2f0d4
data/q1/Data/train/NORMAL/NORMAL(386).jpg,NORMAL,1,train,1434,1125,RGB,27750ec9580e887d9da256a6e6e01a75,e0e094b4b0b0f0d0
data/q1/Data/train/NORMAL/NORMAL(387).jpg,NORMAL,1,train,1306,920,RGB,05d1faafad4ee8c717feca4f2ffc8c91,78d494b2b0b0f0d0
data/q1/Data/train/NORMAL/NORMAL(388).jpg,NORMAL,1,train,1248,1044,RGB,f44178cdd7b76406b2cc7ac1f37f2aaf,f2e8d6b2b2b0f0f0
data/q1/Data/train/NORMAL/NORMAL(39).jpg,NORMAL,1,train,1940,1761,RGB,424154909c5cd2a8efd89930fe1592aa,93d092b2b232f0f0
data/q1/Data/train/NORMAL/NORMAL(390).jpg,NORMAL,1,train,1302,1187,RGB,c8aa188db8e269976aea37cccba1876d,e1d0b2b27272d0f0
data/q1/Data/train/NORMAL/NORMAL(391).jpg,NORMAL,1,train,1870,1495,RGB,933781d361d0c59b8f53a18e08f33c9c,b2d4d492b2b0f0c0
data/q1/Data/train/NORMAL/NORMAL(397).jpg,NORMAL,1,train,1273,981,RGB,2b9b88b87d6208eb52fe9bd532be1369,f0d0b0b2f0f0e0d8
data/q1/Data/train/NORMAL/NORMAL(399).jpg,NORMAL,1,train,2843,2067,RGB,d091bef4be0a494b5b8bb2c551c49bfc,f0d092929bb1f0d0
data/q1/Data/train/NORMAL/NORMAL(4).jpg,NORMAL,1,train,2051,1818,RGB,82855e22a4e9fd1b4848650a01eeb02b,f0b63332b2b2f2f0
data/q1/Data/train/NORMAL/NORMAL(40).jpg,NORMAL,1,train,1547,1021,RGB,aa7e7e089f28f0d9eb375bf26e4294db,f0d494b0b2b0f0f0
data/q1/Data/train/NORMAL/NORMAL(400).jpg,NORMAL,1,train,1742,1322,RGB,2d84e76b41899699aa04afa4da452079,b3d092b2b0b0d0d0
data/q1/Data/train/NORMAL/NORMAL(401).jpg,NORMAL,1,train,1930,1577,RGB,8ca2d5bca56b1bc8f47682fec7667ba8,32d69292b8b0f0f0
data/q1/Data/train/NORMAL/NORMAL(403).jpg,NORMAL,1,train,1642,1545,RGB,5b0d2b7c863d070053c51b86a28dd052,72f4d292b8b1f0d0
data/q1/Data/train/NORMAL/NORMAL(407).jpg,NORMAL,1,train,1762,1480,RGB,d0d86a76b2e181c5c1072eacceda7b45,619692b2b2b0f0c4
data/q1/Data/train/NORMAL/NORMAL(408).jpg,NORMAL,1,train,1616,1167,RGB,7aa72df50fe59aaa05fa5835b0d4b32a,f9d092b2b2f0d0f4
data/q1/Data/train/NORMAL/NORMAL(409).jpg,NORMAL,1,train,1483,1106,RGB,187c28697a1fbb0fbbac5c540a8df1f4,e8d4b2b2b0b0f8f8
data/q1/Data/train/NORMAL/NORMAL(41).jpg,NORMAL,1,train,1572,1125,RGB,2c2cc4e1d072e7e902b5a7b60d64b747,b2f0d4d0f2d0f0f0
data/q1/Data/train/NORMAL/NORMAL(411).jpg,NORMAL,1,train,1267,1017,RGB,d847185ed4b91f636a86e7a5f2fe6dce,e1d496b2b0b0d0d0
data/q1/Data/train/NORMAL/NORMAL(413).jpg,NORMAL,1,train,1418,1024,RGB,3fc6560cb8f7ecd015ebd60654109921,795496b2b2f2d0d4
data/q1/Data/train/NORMAL/NORMAL(414).jpg,NORMAL,1,train,1542,1395,RGB,20ee76d71716f950b6d197f32f5c4b26,b2dcd492b0b0f0e0
data/q1/Data/train/NORMAL/NORMAL(416).jpg,NORMAL,1,train,1426,1128,RGB,33f766e8bb4e21e38e616673f6afc92f,f0d0d4b2b0f0f0c0
data/q1/Data/train/NORMAL/NORMAL(417).jpg,NORMAL,1,train,1484,1267,RGB,ed05b0a2974f62d818b3bc25e684cb51,b9d4d2b2b0b0d0f0
data/q1/Data/train/NORMAL/NORMAL(418).jpg,NORMAL,1,train,1457,1128,RGB,01af21076248a78cf241c893834e8df2,f0f0d0b6b2b2d0c0
data/q1/Data/train/NORMAL/NORMAL(42).jpg,NORMAL,1,train,1846,1226,RGB,1ef91e8fdbde4491ab66a7db6e65c32e,f0d494b2b2b290c0
data/q1/Data/train/NORMAL/NORMAL(421).jpg,NORMAL,1,train,1460,1140,RGB,d7052898743aa05889cd99568a149c41,62b0d4b0b2b0f0e0
data/q1/Data/train/NORMAL/NORMAL(424).jpg,NORMAL,1,train,2518,2364,RGB,df56746125b3bcc866ed5ced10eaca43,33d69293b9b9f0fa
data/q1/Data/train/NORMAL/NORMAL(425).jpg,NORMAL,1,train,1623,1375,RGB,5ebb37400d3c4c7f7e075868af57daee,6496b2b2b3b1f0f0
data/q1/Data/train/NORMAL/NORMAL(427).jpg,NORMAL,1,train,1670,1344,RGB,f6645e0fe13d44b06077c915f07c0072,c0ecd4b2b2b0f0f0
data/q1/Data/train/NORMAL/NORMAL(429).jpg,NORMAL,1,train,1901,1595,RGB,eccc8699e31d8eb4a34894b8d25d1a8c,f9d69692b2b0f0c0
data/q1/Data/train/NORMAL/NORMAL(43).jpg,NORMAL,1,train,1908,1392,RGB,2d560e8ad6f4440389aa9721e6be43a8,b2d4d292b8b8f0d0
data/q1/Data/train/NORMAL/NORMAL(433).jpg,NORMAL,1,train,1495,1333,RGB,54a097ae97b7844ec0137fccefe72ae6,f372f4d2b2b0f0f0
data/q1/Data/train/NORMAL/NORMAL(435).jpg,NORMAL,1,train,1886,1406,RGB,6f785b23b1bd1095cb6f374c9141b161,719692b2b2b2d0f0
data/q1/Data/train/NORMAL/NORMAL(436).jpg,NORMAL,1,train,1639,1410,RGB,2b2717ee5320014b0b58eb7afa85f0c4,7376b2b2b230f0d0
data/q1/Data/train/NORMAL/NORMAL(437).jpg,NORMAL,1,train,1777,1318,RGB,f9e6392ae8940ba246c106252c86749e,b2c4d492b2b0d0d0
data/q1/Data/train/NORMAL/NORMAL(438).jpg,NORMAL,1,train,1541,1286,RGB,ffe6816e6ef2e34f623ab08f1df4baa6,3bd692b2b2b0f0f0
data/q1/Data/train/NORMAL/NORMAL(439).jpg,NORMAL,1,train,1924,1580,RGB,edc7cfa842bdce37d62fa411b6b9f236,b2dc9292b2b2f0d0
data/q1/Data/train/NORMAL/NORMAL(44).jpg,NORMAL,1,train,2059,1558,RGB,585f2902e85f28429d5dcec7e407cf2b,c49292b2b2b0b0f0
data/q1/Data/train/NORMAL/NORMAL(440).jpg,NORMAL,1,train,1940,1503,RGB,fedcc7806417951927f513baaf794b3a,b3c8d292b2f2d0d4
data/q1/Data/train/NORMAL/NORMAL(441).jpg,NORMAL,1,train,1456,1183,RGB,6672d71f514244613f70915991f34e7a,f0d492b0b0f0f4f0
data/q1/Data/train/NORMAL/NORMAL(443).jpg,NORMAL,1,train,1292,1074,RGB,75ac80fb9cbef9df64d5555cee969269,f0f4b6b2b2b0f0f0
data/q1/Data/train/NORMAL/NORMAL(444).jpg,NORMAL,1,train,1576,1132,RGB,22e3d08158510f32b19fe54a5d276acb,f0d094b6b2b0f0d0
data/q1/Data/train/NORMAL/NORMAL(445).jpg,NORMAL,1,train,1696,1349,RGB,95b78fb4381d81ce793a1177893f4a7e,b9d0d6b2b2b0d0f2
data/q1/Data/train/NORMAL/NORMAL(447).jpg,NORMAL,1,train,1271,1017,RGB,08a28fd735d7c192a7895af9b596ff8a,70d496b2b2b2d0e0
data/q1/Data/train/NORMAL/NORMAL(448).jpg,NORMAL,1,train,1579,1156,RGB,4ec0873398a71d482f091561d56a4a89,f0d4d292b0b8f0f0
data/q1/Data/train/NORMAL/NORMAL(45).jpg,NORMAL,1,train,1322,650,RGB,ce29cce6c0868a616ddc3eb2911e5aca,d0d4d6d2b2b2f2d0
data/q1/Data/train/NORMAL/NORMAL(450).jpg,NORMAL,1,train,1943,1746,RGB,53dd5667e862050f7d0e5ba56270f55c,7396b2b3b1b1f0d0
data/q1/Data/train/NORMAL/NORMAL(451).jpg,NORMAL,1,train,1924,1623,RGB,168df0d1ec678933ddbb5c7f2e3c6311,6274b4b2b2b0b0f8
data/q1/Data/train/NORMAL/NORMAL(452).jpg,NORMAL,1,train,1631,1206,RGB,ee5861a706782ee5310dc790efb2d9a3,b1d4d2b2b0b0d0f4
data/q1/Data/train/NORMAL/NORMAL(453).jpg,NORMAL,1,train,1796,1287,RGB,be907b98d034283fe57bfd91be540fd7,d3d4d292b0b0f0f0
data/q1/Data/train/NORMAL/NORMAL(454).jpg,NORMAL,1,train,2202,2129,RGB,8fd63df95625efd816c34b90d7d8b377,b3dc9292b2b0f0f0
data/q1/Data/train/NORMAL/NORMAL(455).jpg,NORMAL,1,train,2264,1900,RGB,9be8a066b3e11c329d51e5d08b47f295,bbd692b2b2f0d0d0
data/q1/Data/train/NORMAL/NORMAL(456).jpg,NORMAL,1,train,1295,1082,RGB,f2d310df9d78a55693de7d288ca0ed8b,f070d4f4b0b0f0f0
data/q1/Data/train/NORMAL/NORMAL(457).jpg,NORMAL,1,train,1901,1854,RGB,f5bf86cd5adb1528e29a71f09da1c0f4,b1d692b2b1b1f0d4
data/q1/Data/train/NORMAL/NORMAL(459).jpg,NORMAL,1,train,1646,1476,RGB,cd6984e201050446d6ec029dcf9585fd,319692b2b0b0f0c4
data/q1/Data/train/NORMAL/NORMAL(462).jpg,NORMAL,1,train,1345,1024,RGB,9edc09827bb01a6dba65a4acfd28a6ab,b8d0d4b2b2f2f0b4
data/q1/Data/train/NORMAL/NORMAL(463).jpg,NORMAL,1,train,1601,1356,RGB,b7e38eac7c28d0e8612b5081bd1b56a1,f096b2b2b0b1f0f2
data/q1/Data/train/NORMAL/NORMAL(464).jpg,NORMAL,1,train,2171,1963,RGB,348615fb76249e9a42ea09b0ff4eceaa,31d19292b2b2f0c0
data/q1/Data/train/NORMAL/NORMAL(465).jpg,NORMAL,1,train,1330,1133,RGB,87780c6aa1eab798766d70fcd2658f35,f1d4b2b2b2f0d0e4
data/q1/Data/train/NORMAL/NORMAL(467).jpg,NORMAL,1,train,1472,1360,RGB,135bc0b483678301ad93cc549fb739ea,7194b2b2b131f0d0
data/q1/Data/train/NORMAL/NORMAL(469).jpg,NORMAL,1,train,2299,1673,RGB,6c471bfbd3c1d408e3dac2893ac516a2,b2cc94b2b2b0f0d0
data/q1/Data/train/NORMAL/NORMAL(47).jpg,NORMAL,1,train,1739,1246,RGB,2759c9a9e9208119a10619b3264b3ed5,f0d4d692b2b0b0f0
data/q1/Data/train/NORMAL/NORMAL(471).jpg,NORMAL,1,train,1785,1437,RGB,6cd6d6fa4120c2cd74297a8f231b3c79,31949292b0b0f0e0
data/q1/Data/train/NORMAL/NORMAL(472).jpg,NORMAL,1,train,1816,1554,RGB,ff490a85319abdf240879fae4e739ffa,729496b2b2b1f0d0
data/q1/Data/train/NORMAL/NORMAL(474).jpg,NORMAL,1,train,1735,1553,RGB,ea6775ce96c0023fd10fb09b94ace9fa,7197b2b23030f0e4
data/q1/Data/train/NORMAL/NORMAL(478).jpg,NORMAL,1,train,1449,1117,RGB,724b8781907c6430fa23f7fb00c55c93,f0f096b2b0b0d4f2
data/q1/Data/train/NORMAL/NORMAL(480).jpg,NORMAL,1,train,1337,1433,RGB,4dd489855db336449fbac2191d456f5a,79f9b2b23171f0f0
data/q1/Data/train/NORMAL/NORMAL(481).jpg,NORMAL,1,train,2174,1955,RGB,af0ac5264d3c5cf702a5a66e272c732f,939696b2b2b2f0f0
data/q1/Data/train/NORMAL/NORMAL(482).jpg,NORMAL,1,train,1692,1341,RGB,9ff867f0047b94f966bb86a47316072e,73d494b2b2b2f0f0
data/q1/Data/train/NORMAL/NORMAL(483).jpg,NORMAL,1,train,1148,908,RGB,e978bc27f353f2b4d4342fc33b8dca83,b0f8d292b8f0e0c6
data/q1/Data/train/NORMAL/NORMAL(484).jpg,NORMAL,1,train,1812,1476,RGB,6748f37a8aeed6688b389ba56a748dc3,6196b2b2b2b1f0c8
data/q1/Data/train/NORMAL/NORMAL(485).jpg,NORMAL,1,train,1401,1017,RGB,ea7943f6bde77d2132046429c66b523a,e0d094b2b2b2f0e2
data/q1/Data/train/NORMAL/NORMAL(487).jpg,NORMAL,1,train,1626,1280,RGB,db6525671ac1dc44338f89d7b58c35f9,389894b2b2b0f0e0
data/q1/Data/train/NORMAL/NORMAL(488).jpg,NORMAL,1,train,1932,1712,RGB,8475040ff28873e7cadadd72a2591075,3234d6b2b2b0f0f0
data/q1/Data/train/NORMAL/NORMAL(489).jpg,NORMAL,1,train,1721,1333,RGB,8e23867c5a62d2a929087bc5adf39b3d,f8d496b2b2b0f0c0
data/q1/Data/train/NORMAL/NORMAL(49).jpg,NORMAL,1,train,1260,767,RGB,602a984b75bf38830468e755afb64099,f0f0d4f4f0f0b0f0
data/q1/Data/train/NORMAL/NORMAL(492).jpg,NORMAL,1,train,1432,1302,RGB,08db5501f8394d28a1e813dab09c95c2,b0d4d2b2b8b9f8f0
data/q1/Data/train/NORMAL/NORMAL(493).jpg,NORMAL,1,train,1499,1144,RGB,5719182ec150886ea5138a4527de9388,b8d096b2b2f0d0f0
data/q1/Data/train/NORMAL/NORMAL(494).jpg,NORMAL,1,train,1832,1488,RGB,70ef6d50eb39d123f7dc31ae77e43072,b3f0d6b2b2f2d0d0
data/q1/Data/train/NORMAL/NORMAL(495).jpg,NORMAL,1,train,1858,1680,RGB,62070f72c0311a52fe2dfc1e618b9f1e,69b6b2b2b0b1f0f0
data/q1/Data/train/NORMAL/NORMAL(496).jpg,NORMAL,1,train,1349,1062,RGB,18ef81cb0f4272b84e97ad71d1e06c04,f8f096b2b2b0f0f2
data/q1/Data/train/NORMAL/NORMAL(499).jpg,NORMAL,1,train,1850,1445,RGB,048fd0f2d811a7703a57c3eb2e334713,64eca4b4b2b0f0f0
data/q1/Data/train/NORMAL/NORMAL(5).jpg,NORMAL,1,train,1850,1443,RGB,c888dd231fc508302bdd1cd25c8db28a,a2d496b2b2b2b0e4
data/q1/Data/train/NORMAL/NORMAL(500).jpg,NORMAL,1,train,1340,1121,RGB,64fc71162f5526fad4bc62cae7ecf935,f0f892b2b0f0d0b0
data/q1/Data/train/NORMAL/NORMAL(501).jpg,NORMAL,1,train,1261,928,RGB,8d48ed618a5b5bd8bdb361b174d69266,e0e094b2b2f2f0c4
data/q1/Data/train/NORMAL/NORMAL(502).jpg,NORMAL,1,train,1580,1604,RGB,9f39b4e4988fc9cfc988a61930fbbfcd,7332b6323231f1c4
data/q1/Data/train/NORMAL/NORMAL(504).jpg,NORMAL,1,train,1394,1257,RGB,d137b54ac0ee46ca41c3cecebeea1608,78b1d1d2b2b0d0d0
data/q1/Data/train/NORMAL/NORMAL(505).jpg,NORMAL,1,train,1388,1094,RGB,392ef3a0f91dda1416cf4b608df51513,e0d4d29898f8f0d8
data/q1/Data/train/NORMAL/NORMAL(507).jpg,NORMAL,1,train,1460,1279,RGB,3158f9b695b89d86a43955c2755bdb3c,6274b4b2b0b0f0f2
data/q1/Data/train/NORMAL/NORMAL(51).jpg,NORMAL,1,train,1607,1187,RGB,16302c00b0cfac101fc49d85f3435ac5,f0d4b2b2b1b1f0d2
data/q1/Data/train/NORMAL/NORMAL(512).jpg,NORMAL,1,train,1536,1383,RGB,99a7759c953c6f8e43438e8f2c772f40,e8d4b2b2b0b1f0e2
data/q1/Data/train/NORMAL/NORMAL(513).jpg,NORMAL,1,train,2291,1893,RGB,03e2520ee37b5e787fe92c2a71e49115,729696b2b2b0f0d0
data/q1/Data/train/NORMAL/NORMAL(515).jpg,NORMAL,1,train,2075,2047,RGB,59fba577805283830393eb2d324a963f,d99292b3b332f0f0
data/q1/Data/train/NORMAL/NORMAL(516).jpg,NORMAL,1,train,1553,1345,RGB,d9342284cdceab22f98e897fadf3e1a9,f2f494b2b2b0f0f0
data/q1/Data/train/NORMAL/NORMAL(517).jpg,NORMAL,1,train,1831,1472,RGB,913aae16b1d5398750ecaff3e95f01b3,d2d496b2b2b2f0d4
data/q1/Data/train/NORMAL/NORMAL(518).jpg,NORMAL,1,train,1508,1302,RGB,8227b384c76149d215c3164238a5411a,b8d492b2b1f1f0f0
data/q1/Data/train/NORMAL/NORMAL(52).jpg,NORMAL,1,train,1557,1014,RGB,f9e0e4f8faab7c2262cb093d15399f6b,e0d692b2b2b0b0f0
data/q1/Data/train/NORMAL/NORMAL(520).jpg,NORMAL,1,train,1523,1171,RGB,d161fc65a23894e8bfd82f10a7d18e47,a3e0f4b4b0b0f0f0
data/q1/Data/train/NORMAL/NORMAL(521).jpg,NORMAL,1,train,1597,1197,RGB,1694647a725cd9c37dabff3c1d1dd797,f8d4d692b0b0f0d0
data/q1/Data/train/NORMAL/NORMAL(522).jpg,NORMAL,1,train,1584,1268,RGB,de7024f5b6d96a9f7d678c8c0f646893,f0f8d4d2b2b0f0d0
data/q1/Data/train/NORMAL/NORMAL(523).jpg,NORMAL,1,train,1715,1507,RGB,24ded40bb32d6cba4a3d7e2e75a1ca75,b2d4b4b4b2f0e0e0
data/q1/Data/train/NORMAL/NORMAL(524).jpg,NORMAL,1,train,1724,1422,RGB,f76bf8c2edc5355403905d79d17c06e6,b9d6d6b2b2b2f0f4
data/q1/Data/train/NORMAL/NORMAL(525).jpg,NORMAL,1,train,1601,1334,RGB,510f88f1ff14114242b293fa086264e3,b8e8d4b2b2b0f0c2
data/q1/Data/train/NORMAL/NORMAL(526).jpg,NORMAL,1,train,1528,1333,RGB,faa615a83e038d05ca1fab67fa316a88,b0d492b2b0f0f0d0
data/q1/Data/train/NORMAL/NORMAL(529).jpg,NORMAL,1,train,1727,1249,RGB,febf13f0fc6e74196a383cb26f5a04e8,b9d8d4d2b2b0d0d0
data/q1/Data/train/NORMAL/NORMAL(53).jpg,NORMAL,1,train,1921,1461,RGB,a85178f8ff34cf5b079ac6f0d9abbb45,cc96b2b23331f0c0
data/q1/Data/train/NORMAL/NORMAL(531).jpg,NORMAL,1,train,2012,1457,RGB,21213f9171d36fea68c6098e493559e3,b39496b2b2b0d0e4
data/q1/Data/train/NORMAL/NORMAL(534).jpg,NORMAL,1,train,1874,1735,RGB,46d9101e2b5cf2fb2b90a7fdde8f9bac,b9d492b2b2b0f0c0
data/q1/Data/train/NORMAL/NORMAL(535).jpg,NORMAL,1,train,1252,1044,RGB,85a94e91e9c95b009117e1e2d4a93f7a,7070d4d2d2d0f0e0
data/q1/Data/train/NORMAL/NORMAL(537).jpg,NORMAL,1,train,1743,1337,RGB,560e133e6ffe3801bf160a0c864c5845,72f494b2b0b0f0d0
data/q1/Data/train/NORMAL/NORMAL(539).jpg,NORMAL,1,train,1732,1279,RGB,09650f569d274b08636037b955e0124c,b8e8d4b2b2f0f0f4
data/q1/Data/train/NORMAL/NORMAL(54).jpg,NORMAL,1,train,1890,1357,RGB,d074f884d28d63d5a0be41006ccaf50a,aad496b2b2b0f0d4
data/q1/Data/train/NORMAL/NORMAL(540).jpg,NORMAL,1,train,1367,1067,RGB,ec9343ccecfefe92c5f9afb8828a4e50,e0f0b4b2b2b0f0d4
data/q1/Data/train/NORMAL/NORMAL(541).jpg,NORMAL,1,train,1835,1719,RGB,cce37391c9ab582cebf77d4e140be6ab,31b1d692b2b2f0c0
data/q1/Data/train/NORMAL/NORMAL(542).jpg,NORMAL,1,train,1499,1051,RGB,33d618d0f06d6f2965f3469e20954e66,e1d492b2b2b0f0f0
data/q1/Data/train/NORMAL/NORMAL(543).jpg,NORMAL,1,train,1295,1052,RGB,30c1f67d4d5147ec8c56481e5082577b,f3d4b2b2b0b0f0f0
data/q1/Data/train/NORMAL/NORMAL(544).jpg,NORMAL,1,train,1766,1611,RGB,dc27cd10e78a67393591b67248de44c2,f0b6b6323230f0d0
data/q1/Data/train/NORMAL/NORMAL(545).jpg,NORMAL,1,train,1738,1442,RGB,14180a76878fc15884eada8b2dda3e57,b2d496b2b0b0f0e4
data/q1/Data/train/NORMAL/NORMAL(547).jpg,NORMAL,1,train,1459,1248,RGB,0d6fb6d4ef92b0d584c0a259700601ec,b8dcd2b2b2b0f0d4
data/q1/Data/train/NORMAL/NORMAL(548).jpg,NORMAL,1,train,1639,1221,RGB,da2c55b4bf7d6f87fc9cc870f5ffce3a,f0f4b4b6b2b0f0f0
data/q1/Data/train/NORMAL/NORMAL(550).jpg,NORMAL,1,train,1507,1052,RGB,5f69e8202410f473cd608fb72af6fd9c,73d4b6b2b2b0d0f0
data/q1/Data/train/NORMAL/NORMAL(552).jpg,NORMAL,1,train,1283,1020,RGB,8bc302751826caffdd1eeac6fabf5e72,e2e0b4b4b0b0f0f6
data/q1/Data/train/NORMAL/NORMAL(553).jpg,NORMAL,1,train,1476,1133,RGB,26e4441d6d0b0005419897785265d202,b0d0d6f2b0f0d0e4
data/q1/Data/train/NORMAL/NORMAL(555).jpg,NORMAL,1,train,2048,1777,RGB,686b918ee304a7b97d8881ee9a02bd4b,72d496b2b2b2f0d2
data/q1/Data/train/NORMAL/NORMAL(556).jpg,NORMAL,1,train,1630,1179,RGB,05257f76779f124c72319ca32897ff31,f1d6d2d2b2b0f0f0
data/q1/Data/train/NORMAL/NORMAL(557).jpg,NORMAL,1,train,1213,994,RGB,1ed58157360c6e77076daf0eac197889,f8b4b6b2b0f1f6c6
data/q1/Data/train/NORMAL/NORMAL(559).jpg,NORMAL,1,train,1511,1005,RGB,d6257fa322cf76a1dd77dc2da658dca0,c460b4b4b2b2f0f0
data/q1/Data/train/NORMAL/NORMAL(56).jpg,NORMAL,1,train,1754,1036,RGB,5e94bb74ea6bc9dcd021104460e43d21,f0d6d29292b8b0f0
data/q1/Data/train/NORMAL/NORMAL(563).jpg,NORMAL,1,train,1125,1012,RGB,5546b0eaf27b576f6af00a7d71fa2854,b8f0d0d2b2f0f0d2
data/q1/Data/train/NORMAL/NORMAL(564).jpg,NORMAL,1,train,1483,1237,RGB,7627500ee79957f30cd8fe4bd8736d34,b0e8d4b2b2b0f0e0
data/q1/Data/train/NORMAL/NORMAL(566).jpg,NORMAL,1,train,1789,1519,RGB,24c1e1d7cef7cac0e3e5ad1eb8d10d45,31d69292b0b0d0f0
data/q1/Data/train/NORMAL/NORMAL(569).jpg,NORMAL,1,train,1614,1299,RGB,0581d371eb0ad394fdd71618a15d669e,62f4d4d2b292f0f0
data/q1/Data/train/NORMAL/NORMAL(57).jpg,NORMAL,1,train,1788,1282,RGB,44e2d139b87f521547c0314f02c8d7c6,e894b6b2b2b0f0d4
data/q1/Data/train/NORMAL/NORMAL(572).jpg,NORMAL,1,train,1800,1723,RGB,671c10035acce2383bae395f761ac52a,3999da9ab1b1f0f0
data/q1/Data/train/NORMAL/NORMAL(574).jpg,NORMAL,1,train,1329,1132,RGB,22fa14ce6bff80d1403be1afbcd567db,f8d6b2b2b1b1f0f0
data/q1/Data/train/NORMAL/NORMAL(575).jpg,NORMAL,1,train,1576,1688,RGB,dff6ec96f7bbd0c0ed0b88f497f17c51,b0f4d29ab9b9f0f0
data/q1/Data/train/NORMAL/NORMAL(577).jpg,NORMAL,1,train,1754,1638,RGB,fedd8bed98a8d6b4975e03bc2cec22a3,32a0d492b2b0d0f0
data/q1/Data/train/NORMAL/NORMAL(578).jpg,NORMAL,1,train,1491,1179,RGB,9c9e525dc8fb8df2b39fc3ab84b66a6f,f0e4b4b2b0b0f0f0
data/q1/Data/train/NORMAL/NORMAL(58).jpg,NORMAL,1,train,1691,1311,RGB,af015f5f305f0f30ad9578a28021b8a1,e0d4d292b8b8f0c0
data/q1/Data/train/NORMAL/NORMAL(581).jpg,NORMAL,1,train,1364,1179,RGB,d7a36cd4e4e36ab6db151b2565dc33b2,70b0b6b2b131f0d4
data/q1/Data/train/NORMAL/NORMAL(583).jpg,NORMAL,1,train,1480,1306,RGB,0ab86aed77044834f04e909a692238ab,62f096b2b0b0f0d0
data/q1/Data/train/NORMAL/NORMAL(584).jpg,NORMAL,1,train,2418,2260,RGB,6018031bed1e323730d85375d69f340c,b2d49492b2b0b0f0
data/q1/Data/train/NORMAL/NORMAL(585).jpg,NORMAL,1,train,1734,1615,RGB,628371c8769b5626c000a8113150b335,2290b4b43270f0c0
data/q1/Data/train/NORMAL/NORMAL(586).jpg,NORMAL,1,train,1533,1306,RGB,fdc98daa105afea07485287eb16ac49b,f2f4d6b2b0b8f0f0
data/q1/Data/train/NORMAL/NORMAL(587).jpg,NORMAL,1,train,1394,1074,RGB,a292af59855000f99b7120788ea25ba2,f0d0d4b2b2b2f0e0
data/q1/Data/train/NORMAL/NORMAL(588).jpg,NORMAL,1,train,2434,2418,RGB,059d5557c33d83eb3b8e66ef54d86a1a,b39696b2b2f0f0f0
data/q1/Data/train/NORMAL/NORMAL(59).jpg,NORMAL,1,train,1483,925,RGB,1ae4c3bbe08e3a668874b921303e28c5,e0d494b2f2f0f0f0
data/q1/Data/train/NORMAL/NORMAL(590).jpg,NORMAL,1,train,2017,1920,RGB,97807207d3c3f5bf5ea0542b6d9e2669,b296b2323131f0f0
data/q1/Data/train/NORMAL/NORMAL(591).jpg,NORMAL,1,train,1364,1136,RGB,9b7476247874456724c73b5feff9b3f3,61d4b6b2b1b1f1f1
data/q1/Data/train/NORMAL/NORMAL(592).jpg,NORMAL,1,train,1870,1380,RGB,3dc8d810b753012402a950b7211819b8,b8d496b2b2b0f0d4
data/q1/Data/train/NORMAL/NORMAL(594).jpg,NORMAL,1,train,1735,1160,RGB,bc0f1dc1afd2d298f2278f6dccae23c3,b0f0d492b2b2d0d2
data/q1/Data/train/NORMAL/NORMAL(595).jpg,NORMAL,1,train,1517,1202,RGB,d7b42c00e463a15eabd8dc3181f0537a,b2f4d2b2b0b0f0f0
data/q1/Data/train/NORMAL/NORMAL(596).jpg,NORMAL,1,train,1792,1611,RGB,a17c154408aded7501dde6844e9c0ce2,b3c8d2b2b2b0f0d0
data/q1/Data/train/NORMAL/NORMAL(598).jpg,NORMAL,1,train,1460,1078,RGB,d7449c5dfa35738b88f57a43b2d38e91,f2f4d2d2b8b8f8f0
data/q1/Data/train/NORMAL/NORMAL(599).jpg,NORMAL,1,train,1495,1074,RGB,52092d28103bc4d220b143d7e7c10ba1,30f4d4b2b0b0f8f8
data/q1/Data/train/NORMAL/NORMAL(6).jpg,NORMAL,1,train,1871,1478,RGB,35d94c98dbe868b0db3d451f922c8879,f094b6b2b2b2f2f2
data/q1/Data/train/NORMAL/NORMAL(600).jpg,NORMAL,1,train,1947,1670,RGB,e6a2c9916ac43488c8a290f848a94c81,629496b2b2b2f0d0
data/q1/Data/train/NORMAL/NORMAL(601).jpg,NORMAL,1,train,1511,1144,RGB,7b31dc08c887ef24f4d4ce114f3911ee,b0e4d4b0b0b0f0f0
data/q1/Data/train/NORMAL/NORMAL(602).jpg,NORMAL,1,train,2078,1801,RGB,7d19a48894e4f26bd4a9e5e1a0e54c7f,6996b2b2b2b2f0f0
data/q1/Data/train/NORMAL/NORMAL(603).jpg,NORMAL,1,train,1480,1279,RGB,f4a50a26d3fe1848bb9f34eda0937d33,b0d492b2b0b0f004
data/q1/Data/train/NORMAL/NORMAL(604).jpg,NORMAL,1,train,1159,897,RGB,6daf72b39833c5d0dd2bd1d73c9ba4a4,70f4b4b2b2b0f0d2
data/q1/Data/train/NORMAL/NORMAL(605).jpg,NORMAL,1,train,1553,1298,RGB,dd60a28a60c67daa9a3258f819e7821a,f53632b23131f0d1
data/q1/Data/train/NORMAL/NORMAL(607).jpg,NORMAL,1,train,1408,1229,RGB,06e47732dbec522487e02c3ff365936f,e9da92b3b1b1f4f4
data/q1/Data/train/NORMAL/NORMAL(608).jpg,NORMAL,1,train,1283,893,RGB,29deedd34ed6e3f510128f927c023fe0,c0a4b2b270b0f0c2
data/q1/Data/train/NORMAL/NORMAL(609).jpg,NORMAL,1,train,2511,2012,RGB,b49b279c519212b4812f22161d462140,33b9929292b2d0d0
data/q1/Data/train/NORMAL/NORMAL(61).jpg,NORMAL,1,train,1405,906,RGB,56c38d2b60f090ba6d5e7e87dcd06218,e09292b0b1b0b8f8
data/q1/Data/train/NORMAL/NORMAL(610).jpg,NORMAL,1,train,1117,932,RGB,c8b431742cb787349e7465fbc0ad96cd,e1d0b2b2b2b0f0f0
data/q1/Data/train/NORMAL/NORMAL(612).jpg,NORMAL,1,train,1820,1437,RGB,a1310e2f94c5df881b5182735a882399,b3dc92b2b1b1f0d2
data/q1/Data/train/NORMAL/NORMAL(613).jpg,NORMAL,1,train,1063,842,RGB,b0a8e049255419af2a552c466b3dc0f2,f0e0b4b4b0b0f0f0
data/q1/Data/train/NORMAL/NORMAL(614).jpg,NORMAL,1,train,1482,1353,RGB,45d130201b8e4a1ed7053bca92b4670b,70d4b6b2b0b1f4ca
data/q1/Data/train/NORMAL/NORMAL(615).jpg,NORMAL,1,train,1951,1777,RGB,50a99676c16518d757c2816c54b09e1a,39d0d292b2b0f0f0
data/q1/Data/train/NORMAL/NORMAL(616).jpg,NORMAL,1,train,1993,1865,RGB,7b78886257d4aea87e02fa80c0ca9d7f,b3d496b2b2b0f2d2
data/q1/Data/train/NORMAL/NORMAL(617).jpg,NORMAL,1,train,1548,1272,RGB,b992afa03de3f651e94f0db3c3e74c15,f89492b2b0b1f0f0
data/q1/Data/train/NORMAL/NORMAL(62).jpg,NORMAL,1,train,1358,863,RGB,b6f0f22f24f5cb3301c52b184d91c353,d8d2929ab1b9b0f0
data/q1/Data/train/NORMAL/NORMAL(622).jpg,NORMAL,1,train,1453,1160,RGB,19517c40951e244fe03525c700ffc2d6,e0b4b6b27030f0d0
data/q1/Data/train/NORMAL/NORMAL(625).jpg,NORMAL,1,train,1909,1661,RGB,e2ab7fce25a07bdfac8c0adf1d1535a0,32bc94b2b2b0f0d0
data/q1/Data/train/NORMAL/NORMAL(627).jpg,NORMAL,1,train,1877,1557,RGB,8c0536479b2119b37ff13a322a28953a,b1fad4d2b2b2f0f4
data/q1/Data/train/NORMAL/NORMAL(628).jpg,NORMAL,1,train,1563,1329,RGB,f0a4d775964f6e6198b92ee12bc70faf,b0d496b2b2b0f0f0
data/q1/Data/train/NORMAL/NORMAL(631).jpg,NORMAL,1,train,1426,1182,RGB,482193d5df8e3ec8142ec8bf5c8531f9,e2e4d4b2b0f0f0f0
data/q1/Data/train/NORMAL/NORMAL(633).jpg,NORMAL,1,train,1634,1341,RGB,5a97c8ebd1d761d4d940a46a15440aa2,62e0d4d4b2b0f0d0
data/q1/Data/train/NORMAL/NORMAL(634).jpg,NORMAL,1,train,1526,1452,RGB,8196a8dca960d1a26bfd3e08a7b1aa16,e8d692b331f1d0f4
data/q1/Data/train/NORMAL/NORMAL(635).jpg,NORMAL,1,train,1411,1310,RGB,a37ea0f72b40d214a2eaaff3756d409b,a0d4b2b3b1b1f0d0
data/q1/Data/train/NORMAL/NORMAL(636).jpg,NORMAL,1,train,1631,1403,RGB,7f6bde133507126192cf22ff7b8c58da,b2f894b2b2b0f0e0
data/q1/Data/train/NORMAL/NORMAL(638).jpg,NORMAL,1,train,1399,1190,RGB,6a0287987805a00403141e5a149ac73a,f9d4b2b23071f0f0
data/q1/Data/train/NORMAL/NORMAL(639).jpg,NORMAL,1,train,1573,1229,RGB,b1d62291b7a4ee2d3f321510d9badb45,399692b2b2b0d0f0
data/q1/Data/train/NORMAL/NORMAL(64).jpg,NORMAL,1,train,1972,1299,RGB,65e67d35b32cc9d9cbf995aedcb3cf33,b2f4d4d2d290f0f4
data/q1/Data/train/NORMAL/NORMAL(640).jpg,NORMAL,1,train,1572,1194,RGB,ee14ee3c9003e6c63e9736394800e263,b2c8b4b0b0b0c0c0
data/q1/Data/train/NORMAL/NORMAL(641).jpg,NORMAL,1,train,1257,951,RGB,1041e61230a31b353b7be171561a6360,f0f0d2d2d8f0d2d0
data/q1/Data/train/NORMAL/NORMAL(642).jpg,NORMAL,1,train,1285,800,RGB,435731bfed4b5809b0005064f47d0a2e,f0f094b4b0b2f0f2
data/q1/Data/train/NORMAL/NORMAL(643).jpg,NORMAL,1,train,1430,1194,RGB,9178a4a13454d25e32b7e62492e37dd4,e2f096b2b2b0f0d4
data/q1/Data/train/NORMAL/NORMAL(645).jpg,NORMAL,1,train,1612,1051,RGB,d17cf8ee5bb25d9bb3997056d764b8c0,98f4d2d298b8fef0
data/q1/Data/train/NORMAL/NORMAL(646).jpg,NORMAL,1,train,1381,1005,RGB,15e07620b29240ab5e84ff33a0d579d1,f0f0d2d2b8b0f0f2
data/q1/Data/train/NORMAL/NORMAL(647).jpg,NORMAL,1,train,1384,1121,RGB,00b09a4985d0dba3375438f1c21a3775,71f0d692b2b0f0f4
data/q1/Data/train/NORMAL/NORMAL(649).jpg,NORMAL,1,train,1113,815,RGB,cdb4a071d2bff6e1e1925a17b000e221,6370d4b2b2b2e8ca
data/q1/Data/train/NORMAL/NORMAL(651).jpg,NORMAL,1,train,1210,1097,RGB,bde1b172456d223221d804c9e0571024,f0f0d4b2b0f0f0d0
data/q1/Data/train/NORMAL/NORMAL(652).jpg,NORMAL,1,train,1599,1302,RGB,e3a16f0278487967555fd0e7d9577cb0,b3e8d4b4b2f2f0e4
data/q1/Data/train/NORMAL/NORMAL(656).jpg,NORMAL,1,train,1198,978,RGB,21f334d67ca0b9f8aa4e4b04f9754679,93e2f0b4b0b0f0f4
data/q1/Data/train/NORMAL/NORMAL(658).jpg,NORMAL,1,train,1438,1144,RGB,bb1bacf2fa423d916414cf6c0ee21a8b,f2e0d4b2b2b0f0c4
data/q1/Data/train/NORMAL/NORMAL(659).jpg,NORMAL,1,train,1509,1097,RGB,d6da50abc15a17bfb4cf3cdda38bf4dc,f0d894b2b2b0f0f0
data/q1/Data/train/NORMAL/NORMAL(66).jpg,NORMAL,1,train,1708,1110,RGB,c75d6b0adf0bc2b327a5fb02bb2c5009,6969f490b0d0f8f8
data/q1/Data/train/NORMAL/NORMAL(661).jpg,NORMAL,1,train,1345,1040,RGB,36f693f08c27209bb119973c65383c3c,e1d6b2b2b0b1d0d0
data/q1/Data/train/NORMAL/NORMAL(662).jpg,NORMAL,1,train,1246,1086,RGB,697c8c89bd5fbec5a837fb0004e17afb,60b4b2b2b0b1f8e2
data/q1/Data/train/NORMAL/NORMAL(663).jpg,NORMAL,1,train,1348,1028,RGB,502238a3457e192c9c2ccac82dfa4d2a,63b4b6b2b0f0f0f2
data/q1/Data/train/NORMAL/NORMAL(664).jpg,NORMAL,1,train,1619,1480,RGB,7d806024f6c322bda63cf813dd05eb6c,703533323230f2e0
data/q1/Data/train/NORMAL/NORMAL(665).jpg,NORMAL,1,train,2252,1913,RGB,2b918646d266c7cfddf930e3a9c67305,f0f01313333392e0
data/q1/Data/train/NORMAL/NORMAL(666).jpg,NORMAL,1,train,2038,1907,RGB,59ce7ec9cf77a0502d7a47c868ee56bf,719292b3bab9f0d0
data/q1/Data/train/NORMAL/NORMAL(667).jpg,NORMAL,1,train,1656,1440,RGB,3026ce934017048dab5d5bd59ea87421,31d0d6b2b2b0f0e4
data/q1/Data/train/NORMAL/NORMAL(668).jpg,NORMAL,1,train,2039,1749,RGB,7f451886e49507752aea20df169e7ed3,3294b6b2b2b0f0d4
data/q1/Data/train/NORMAL/NORMAL(669).jpg,NORMAL,1,train,1915,2087,RGB,7b09b939fc0af3772789aa3bd5c86f5d,7194b2b2b2b2f0d0
data/q1/Data/train/NORMAL/NORMAL(67).jpg,NORMAL,1,train,1500,871,RGB,c9808a8b33240d809dfc9826f790fb26,e8d4d2f2b0b8f8e8
data/q1/Data/train/NORMAL/NORMAL(672).jpg,NORMAL,1,train,2271,1965,RGB,f27eb412489b24e17886dba90a2acc3d,f0133333b3b1f0f0
data/q1/Data/train/NORMAL/NORMAL(673).jpg,NORMAL,1,train,1800,1756,RGB,50bf18a4734cc89b651ab5dee32af42b,b3d0d692b2b0f0f0
data/q1/Data/train/NORMAL/NORMAL(674).jpg,NORMAL,1,train,2508,2713,RGB,670e86d7a9e5677aebbedd33c940d441,f0373632b2b2f0f0
data/q1/Data/train/NORMAL/NORMAL(677).jpg,NORMAL,1,train,2076,1332,RGB,86198cf8a8e53cee33f13ea7a75035a3,b2f0d4d4f0b0f0d4
data/q1/Data/train/NORMAL/NORMAL(678).jpg,NORMAL,1,train,1540,1044,RGB,4593c40f1ddbdf1ecf44f34740e49c44,f0f0b4b4b2b2d0f0
data/q1/Data/train/NORMAL/NORMAL(679).jpg,NORMAL,1,train,1901,1742,RGB,45d73a757541059f02e41e8a05deaee2,33719692b2b2f0f0
data/q1/Data/train/NORMAL/NORMAL(68).jpg,NORMAL,1,train,1909,1303,RGB,c8f393fdd41548b3698f2161facd48be,60b4b4b2b2b0f0d4
data/q1/Data/train/NORMAL/NORMAL(680).jpg,NORMAL,1,train,2317,2224,RGB,c50f61621e3a986c0274c4d0387c0eb7,f09313b3b1b0f0f0
data/q1/Data/train/NORMAL/NORMAL(681).jpg,NORMAL,1,train,1547,1361,RGB,04036d0fdeb365ad3ff598f3520d7a0c,a0d4b4b23272d0f0
data/q1/Data/train/NORMAL/NORMAL(682).jpg,NORMAL,1,train,2104,2030,RGB,2d38a93943e27add57e9d0da3fceb1dc,f09213b3b3b1f0f0
data/q1/Data/train/NORMAL/NORMAL(683).jpg,NORMAL,1,train,2199,1893,RGB,f7b9a2a7d019c01b683e6bd7c6f42aed,b2d0d492b2b0f0d4
data/q1/Data/train/NORMAL/NORMAL(684).jpg,NORMAL,1,train,2069,2094,RGB,71833d4ee742b6b19a30af4f61f9a9a6,7270b4b4b6b2f0e0
data/q1/Data/train/NORMAL/NORMAL(685).jpg,NORMAL,1,train,1855,1620,RGB,d350b53db1bb7f8dad666c6da58d4b49,399a9bbbb1b1f0f0
data/q1/Data/train/NORMAL/NORMAL(686).jpg,NORMAL,1,train,2407,2296,RGB,b4f20e3ffb1d4a2c00446a3e8620344c,f0163332b2b2f0d4
data/q1/Data/train/NORMAL/NORMAL(687).jpg,NORMAL,1,train,2281,1936,RGB,7cb9f776595dbf7ba0a0c06289112d75,d2d494b2b0f0f0f0
data/q1/Data/train/NORMAL/NORMAL(688).jpg,NORMAL,1,train,2500,2310,RGB,8059d81208b4e38a903c344211cd80b4,339096b2b2b2f0f0
data/q1/Data/train/NORMAL/NORMAL(689).jpg,NORMAL,1,train,2397,2224,RGB,ad616b9195a5f38150cc9438fd138a0a,f0d692b2b0b0f0d8
data/q1/Data/train/NORMAL/NORMAL(69).jpg,NORMAL,1,train,2090,1858,RGB,983fdb17249a189ac0dd774ae7b1bc75,b3f2d4d2b2b0d0d0
data/q1/Data/train/NORMAL/NORMAL(691).jpg,NORMAL,1,train,2515,1979,RGB,e518ccee108b25507d75a80ca341754b,b1f09292d2daf0e4
data/q1/Data/train/NORMAL/NORMAL(693).jpg,NORMAL,1,train,1135,923,RGB,c0295359efb62c5e09586a381e0cf58b,e8f8f0b6b2b2d0d0
data/q1/Data/train/NORMAL/NORMAL(694).jpg,NORMAL,1,train,2280,2152,RGB,193fe4a54191c685c2019def90fc69d9,b09393b2b2b2f0d0
data/q1/Data/train/NORMAL/NORMAL(695).jpg,NORMAL,1,train,2203,2166,RGB,43ea910d2af434db355d7ffa5511c7d0,939292b2b330f0d0
data/q1/Data/train/NORMAL/NORMAL(696).jpg,NORMAL,1,train,1613,1706,RGB,8c11e5f5d07406beaf42c1cf97acb976,70f0b2b2b2b0f0f2
data/q1/Data/train/NORMAL/NORMAL(7).jpg,NORMAL,1,train,2142,1916,RGB,f68ea4594390ae423cd8f476fe98d942,f296b23232b2b0f0
data/q1/Data/train/NORMAL/NORMAL(701).jpg,NORMAL,1,train,1948,1764,RGB,604735b06db7f77c96c2dea5d6020f32,f1b03333b2b2f2f0
data/q1/Data/train/NORMAL/NORMAL(702).jpg,NORMAL,1,train,1907,1217,RGB,02641fb80b05b2c9408ec2e7418f62ea,72f0d496b2b2b0f0
data/q1/Data/train/NORMAL/NORMAL(704).jpg,NORMAL,1,train,1702,1641,RGB,1901c8fa4aed7cfba538a79a0754642f,32fc96b2b1b9f8f8
data/q1/Data/train/NORMAL/NORMAL(705).jpg,NORMAL,1,train,1645,1389,RGB,b04f714e7032994a2d0630393c246a0b,b1d092b2b0b0f0f0
data/q1/Data/train/NORMAL/NORMAL(706).jpg,NORMAL,1,train,1992,1792,RGB,d053d12857ce772e0978b353f0434021,f0b6b2b2b2b2f0c4
data/q1/Data/train/NORMAL/NORMAL(707).jpg,NORMAL,1,train,2016,1713,RGB,b2d0d126e7476e1fe2ba27d294b9c411,91d0d6d2b2f0f0d0
data/q1/Data/train/NORMAL/NORMAL(708).jpg,NORMAL,1,train,1841,1375,RGB,26b7bb2ee542cfb8e3544fd63ba1f8c3,32f0d4b2b0b0f0f0
data/q1/Data/train/NORMAL/NORMAL(709).jpg,NORMAL,1,train,1590,1519,RGB,09c3bf40f2dcb510bd4a7ead0e8181ce,62e0b4b4327270d0
data/q1/Data/train/NORMAL/NORMAL(710).jpg,NORMAL,1,train,1602,1505,RGB,f10de72760a3bb101d3a56887bce9374,701232b2b2b0f0f0
data/q1/Data/train/NORMAL/NORMAL(712).jpg,NORMAL,1,train,1501,1454,RGB,832bc5ed1d29e335361019bf313486a2,f1b6b2b2b0b0f0f0
data/q1/Data/train/NORMAL/NORMAL(713).jpg,NORMAL,1,train,1653,1224,RGB,4e24e099d32d7bb356be7a803cf38450,f49692b2b0b0e0d2
data/q1/Data/train/NORMAL/NORMAL(716).jpg,NORMAL,1,train,1418,1016,RGB,2ce036a3ba008ec7db506289e81ace1d,f8d692b2b2b2f0f0
data/q1/Data/train/NORMAL/NORMAL(718).jpg,NORMAL,1,train,1960,1688,RGB,fda1e7d079950960c9c1ac93a7e39672,7192b2b3b3b1b1f0
data/q1/Data/train/NORMAL/NORMAL(72).jpg,NORMAL,1,train,1521,1279,RGB,02f8247f7fdb5afa624d165985151d58,b8d0d29ab8f0f0f0
data/q1/Data/train/NORMAL/NORMAL(720).jpg,NORMAL,1,train,1800,1456,RGB,c4da69a47d0c4800edfdd922cfdcc1fa,399292b2b2b0f0f0
data/q1/Data/train/NORMAL/NORMAL(722).jpg,NORMAL,1,train,1453,1079,RGB,a16158a8786088229e5c7c3adb552101,f1d492b2b2b1f0f0
data/q1/Data/train/NORMAL/NORMAL(723).jpg,NORMAL,1,train,1657,984,RGB,a6d10d11d959189be04c8d7bcc19276e,d4d692b2b2f0f0e4
data/q1/Data/train/NORMAL/NORMAL(724).jpg,NORMAL,1,train,1952,1600,RGB,8e734594b8183f6fd0948c7c3d100895,f09692b2b2b2b2d0
data/q1/Data/train/NORMAL/NORMAL(727).jpg,NORMAL,1,train,1336,936,RGB,c82e681aed8b6d7f4006be3bc4528806,62b4b4b0b0b0f0f0
data/q1/Data/train/NORMAL/NORMAL(728).jpg,NORMAL,1,train,1416,1056,RGB,bb2bed8da014d08c18f50f14846ec06e,f2d096b2b0f0d0f0
data/q1/Data/train/NORMAL/NORMAL(732).jpg,NORMAL,1,train,1392,1168,RGB,a0f5a62382d103b2dd7aae866435202a,b9d09692b2b2b2f0
data/q1/Data/train/NORMAL/NORMAL(733).jpg,NORMAL,1,train,1413,1064,RGB,ea6f9dce7fa6383bf6c614d0ec2d2bbb,e8d490b2b0b0f0d0
data/q1/Data/train/NORMAL/NORMAL(734).jpg,NORMAL,1,train,1248,880,RGB,4c5389a2426c054ef1e3f48f4a9f5d05,f0d490b2b0b0f090
data/q1/Data/train/NORMAL/NORMAL(737).jpg,NORMAL,1,train,1368,904,RGB,068410abd626eb382be4d71ec1ba7673,3ad492b2b2b2b0f8
data/q1/Data/train/NORMAL/NORMAL(738).jpg,NORMAL,1,train,1320,832,RGB,db467890f68c55942648d0d54a42d1b5,d8dab2b2b2f2e2e0
data/q1/Data/train/NORMAL/NORMAL(739).jpg,NORMAL,1,train,1744,1168,RGB,50b58ded31dcf9f493a4ee68692a85d2,9096b2b2b2b0f0c8
data/q1/Data/train/NORMAL/NORMAL(741).jpg,NORMAL,1,train,984,496,RGB,2ce208f45e2e972cf52d2b6e311b2e41,f4d492b2b0b0b0f0
data/q1/Data/train/NORMAL/NORMAL(742).jpg,NORMAL,1,train,1448,1136,RGB,c1f1fa66bc39294a8d435a1b440f9ec6,519692b2b2b0b0f0
data/q1/Data/train/NORMAL/NORMAL(743).jpg,NORMAL,1,train,1560,1016,RGB,f2aad80dad2c57b5763dd50a36a062ae,f0d69692b2b0f0d0
data/q1/Data/train/NORMAL/NORMAL(744).jpg,NORMAL,1,train,1562,1010,RGB,23da8e684a9dec582b8a49cb91938e82,c8b4b2b2b0b0f0d4
data/q1/Data/train/NORMAL/NORMAL(746).jpg,NORMAL,1,train,1719,1303,RGB,700cc623b920d0e18750bb04dab72df3,b9dad2b2b2b2d0e0
data/q1/Data/train/NORMAL/NORMAL(747).jpg,NORMAL,1,train,1548,1214,RGB,baeeefb0f5af69e17545b584d8b1ae22,b2c4d292b1b9f1f0
data/q1/Data/train/NORMAL/NORMAL(748).jpg,NORMAL,1,train,1747,1079,RGB,810bc65572ec20b7e31f5338320caaf0,e0d496b2b2b0f0d0
data/q1/Data/train/NORMAL/NORMAL(749).jpg,NORMAL,1,train,1603,1334,RGB,596262c5cc7f91f90eafdb6446d3d390,f9b636323231f0d2
data/q1/Data/train/NORMAL/NORMAL(75).jpg,NORMAL,1,train,1479,1013,RGB,b82fda2033c371d66d77b6810e2e9db6,f8f0d4b2b0f0f4f0
data/q1/Data/train/NORMAL/NORMAL(750).jpg,NORMAL,1,train,1754,1377,RGB,a8ae1de8e1c019d651b7328103bafffb,96b6b233313171f4
data/q1/Data/train/NORMAL/NORMAL(752).jpg,NORMAL,1,train,1376,1040,RGB,90b702806e0c51277f6669acf360da96,f264b4b0b0b0f0f0
data/q1/Data/train/NORMAL/NORMAL(754).jpg,NORMAL,1,train,2039,1619,RGB,7c79cb9016e3921c730899aee7d37c98,d1d2d292b2b2f0d4
data/q1/Data/train/NORMAL/NORMAL(755).jpg,NORMAL,1,train,2664,2280,RGB,0e4463dd62651306f1a2653db76c1b6c,92939392b2b2f0d0
data/q1/Data/train/NORMAL/NORMAL(756).jpg,NORMAL,1,train,1389,882,RGB,f356761c1b7a35e99bf0d46958ae00c9,e8b4b2b2b0b0f0c6
data/q1/Data/train/NORMAL/NORMAL(757).jpg,NORMAL,1,train,1395,839,RGB,953c605ca83a0143b4cc6f83202a80df,d8b4b6b27272f0d0
data/q1/Data/train/NORMAL/NORMAL(758).jpg,NORMAL,1,train,1686,1214,RGB,2be2175082475be223642af4aa2491a8,e8d692b2b2b2f0d0
data/q1/Data/train/NORMAL/NORMAL(759).jpg,NORMAL,1,train,1785,1585,RGB,1c5eba7f760043af500c69f6450b8c66,39d29292b0b0f0f0
data/q1/Data/train/NORMAL/NORMAL(761).jpg,NORMAL,1,train,1893,1597,RGB,84f2df36a2d5cf1fe95f77deafb2cdb1,dc94b6b2b0b0f0f0
data/q1/Data/train/NORMAL/NORMAL(762).jpg,NORMAL,1,train,1389,897,RGB,f496035df32e61192aca55ee2337e795,e0cc96b2b2b0b0f0
data/q1/Data/train/NORMAL/NORMAL(764).jpg,NORMAL,1,train,1530,994,RGB,799d2f00d3fac631061e248688258b10,70f494b0b0b0b0f0
data/q1/Data/train/NORMAL/NORMAL(765).jpg,NORMAL,1,train,1746,1334,RGB,7ddf06d5ed6d16fff6d5fb63b528c1b2,c896b6b2b2b0f0d0
data/q1/Data/train/NORMAL/NORMAL(766).jpg,NORMAL,1,train,1507,1260,RGB,74d40e76c3114cada92d2b0b2892fe65,609692b2b2b1b1d0
data/q1/Data/train/NORMAL/NORMAL(768).jpg,NORMAL,1,train,1595,1087,RGB,5de66acdc298cdfd1266cfc5c24632ff,f092b2b2b0b0f0f0
data/q1/Data/train/NORMAL/NORMAL(769).jpg,NORMAL,1,train,1413,948,RGB,1ad3d6784e65d002fc9784127e7ed99d,d894b6b23232f2f0
data/q1/Data/train/NORMAL/NORMAL(77).jpg,NORMAL,1,train,1449,1144,RGB,9c7b46c5a9b681cc29929af69f9c6331,f260d4f2b0b0f0f0
data/q1/Data/train/NORMAL/NORMAL(774).jpg,NORMAL,1,train,1628,1346,RGB,2802f30e844c0ec5c07da8c9da6d2891,e8dc92b2b2b0f0e0
data/q1/Data/train/NORMAL/NORMAL(775).jpg,NORMAL,1,train,1836,1504,RGB,b29ba5dc80131086fc7d14ea0166f276,bc9692b2b2b0b0f0
data/q1/Data/train/NORMAL/NORMAL(776).jpg,NORMAL,1,train,2028,1538,RGB,5293081657475b48d1acef758b7869c5,335692b2b1b9f9d8
data/q1/Data/train/NORMAL/NORMAL(778).jpg,NORMAL,1,train,1358,770,RGB,66fc21bd8f16ed819d73d8a2daa3c3d9,e0d2d292b0b8f0f0
data/q1/Data/train/NORMAL/NORMAL(779).jpg,NORMAL,1,train,1464,925,RGB,990e739a7dfcd97676070f0114db946a,6274b4b0b2b2f0f0
data/q1/Data/train/NORMAL/NORMAL(78).jpg,NORMAL,1,train,1355,993,RGB,68f2ffab36db72f6df6cc9c041e31632,e0e4d2b0b0b8f8f8
data/q1/Data/train/NORMAL/NORMAL(781).jpg,NORMAL,1,train,1677,1195,RGB,526acce9e0b9b984f600e375fa55a7a9,f1d49692b2b0b0f0
data/q1/Data/train/NORMAL/NORMAL(782).jpg,NORMAL,1,train,1927,1412,RGB,bcacfd994f0ec84f20f89a9b6ecf4f2c,a0d4d292b098d0e0
data/q1/Data/train/NORMAL/NORMAL(783).jpg,NORMAL,1,train,1205,813,RGB,17d936f51d2b87357a4fb0635239932b,d4929ab8b8b9f0f8
data/q1/Data/train/NORMAL/NORMAL(785).jpg,NORMAL,1,train,1536,1164,RGB,5dbbabfb4561d03ec17a7070f1372e63,a0d4b4b2b2b0f0f0
data/q1/Data/train/NORMAL/NORMAL(787).jpg,NORMAL,1,train,1301,824,RGB,590646395ca92acb52c7eb543137e21b,f8d4b6b2b230d0d0
data/q1/Data/train/NORMAL/NORMAL(788).jpg,NORMAL,1,train,1337,967,RGB,25cfa267c7bf21d86bbd60c82bd7c958,f094b4b2b2b2f0d8
data/q1/Data/train/NORMAL/NORMAL(789).jpg,NORMAL,1,train,2212,1953,RGB,ec0906e2af48d2d3d1209aabe83723c9,f0963333b2b0f0d4
data/q1/Data/train/NORMAL/NORMAL(79).jpg,NORMAL,1,train,1723,1581,RGB,b17d5f503677514853858412dd72a154,33d296b2b2b2f0c0
data/q1/Data/train/NORMAL/NORMAL(790).jpg,NORMAL,1,train,1180,747,RGB,0c88954f45aba7048c8aa0dce4006440,e0b4b2b2b0b0b0f4
data/q1/Data/train/NORMAL/NORMAL(791).jpg,NORMAL,1,train,1673,1064,RGB,67694aa866cba72e47cb3642a4058aeb,31f192b2b2b0f0f0
data/q1/Data/train/NORMAL/NORMAL(793).jpg,NORMAL,1,train,2126,1731,RGB,64291790bed53d70f1e8fa828f1f2de5,dbd496b2b230f0d0
data/q1/Data/train/NORMAL/NORMAL(794).jpg,NORMAL,1,train,1299,821,RGB,5a3f2721e1441f0b92bc6641c6b44471,f0b4b6b2b2b0b0f4
data/q1/Data/train/NORMAL/NORMAL(795).jpg,NORMAL,1,train,1424,941,RGB,58be711bbcb2405e19a6520c60b5a78c,e8d4b4b2b0f0f0e0
data/q1/Data/train/NORMAL/NORMAL(796).jpg,NORMAL,1,train,1549,1349,RGB,7a2d8b846dda43a84ad9f24d7116a77f,f8d4b6b2b272d0e0
data/q1/Data/train/NORMAL/NORMAL(797).jpg,NORMAL,1,train,1303,890,RGB,1e253b23647c36981842b193f285b094,e494b2b0b070f0e0
data/q1/Data/train/NORMAL/NORMAL(798).jpg,NORMAL,1,train,1897,1403,RGB,32b314550b5c923960853954d8f6eeb4,70b4b6b2b2b0f0d0
data/q1/Data/train/NORMAL/NORMAL(8).jpg,NORMAL,1,train,2212,1945,RGB,f84426fb78e3b9a4d05e283dca1428cf,f096b232b2b2b0f0
data/q1/Data/train/NORMAL/NORMAL(800).jpg,NORMAL,1,train,1670,1319,RGB,15561509ca600ec45c9c2820a7c80c67,e89692b23331f0d0
data/q1/Data/train/NORMAL/NORMAL(801).jpg,NORMAL,1,train,1661,1168,RGB,1afcf9a7bca4767d395d348909d6fb80,f2d494b2b2b0e0e0
data/q1/Data/train/NORMAL/NORMAL(802).jpg,NORMAL,1,train,1499,1202,RGB,d3839c536057d012547ce2a6bbdcc978,c0b4b6323232f0d0
data/q1/Data/train/NORMAL/NORMAL(803).jpg,NORMAL,1,train,1169,917,RGB,23822cb665e7d8f20d98cb7f7e3a4b1c,e0f4b6b2b131f1d0
data/q1/Data/train/NORMAL/NORMAL(805).jpg,NORMAL,1,train,1761,1249,RGB,f0bd9f42fd6cabbe780b707256cee6b7,ecd492b2b0b0f0f8
data/q1/Data/train/NORMAL/NORMAL(807).jpg,NORMAL,1,train,1489,1164,RGB,fe82268f5af514f8aef8e750bb397b61,ec94b2b2b0f0d0d0
data/q1/Data/train/NORMAL/NORMAL(809).jpg,NORMAL,1,train,1638,1323,RGB,29d3ca397e87cd74ee4a2b70c1116259,31d592b2b2b0f0f0
data/q1/Data/train/NORMAL/NORMAL(81).jpg,NORMAL,1,train,1156,1237,RGB,ba1c10afbe086765cb6249dea65d2a2f,61f093337171f1e4
data/q1/Data/train/NORMAL/NORMAL(811).jpg,NORMAL,1,train,1457,1072,RGB,e5e67af9687f977e48bcb44c86290a44,a8d4d2b2b0b0f0f2
data/q1/Data/train/NORMAL/NORMAL(812).jpg,NORMAL,1,train,1773,1554,RGB,f180b898d51310a8621812a5432860ea,d496b2b2b0b0f0d0
data/q1/Data/train/NORMAL/NORMAL(813).jpg,NORMAL,1,train,1449,1149,RGB,2017b44102bf2e8bc793d5bc229f1b6e,f1b2b2b0b030f0f0
data/q1/Data/train/NORMAL/NORMAL(814).jpg,NORMAL,1,train,1094,898,RGB,2c0604453406c5490e760d2fba193679,d0d2b2b2b3b9f1f0
data/q1/Data/train/NORMAL/NORMAL(815).jpg,NORMAL,1,train,1777,1337,RGB,bb15f36867e67a1e53f7bb5096fe749c,6d92b2b3b131f1d0
data/q1/Data/train/NORMAL/NORMAL(818).jpg,NORMAL,1,train,1223,747,RGB,ba346da481438b51a976653d0a49071c,e0b4b4b2b2b2f0f4
data/q1/Data/train/NORMAL/NORMAL(819).jpg,NORMAL,1,train,1612,1122,RGB,b0aa4030ed2639b832cf43921f103d0a,fcd692b2b0b1b1f0
data/q1/Data/train/NORMAL/NORMAL(821).jpg,NORMAL,1,train,1678,1392,RGB,4c65ab61aac9b0e04849260e89f45eea,58b6b6b232b0f0f0
data/q1/Data/train/NORMAL/NORMAL(822).jpg,NORMAL,1,train,2159,1485,RGB,21a27874bdd45303b18aefea8c0a7af3,cc9696b2b2b2f0f0
data/q1/Data/train/NORMAL/NORMAL(823).jpg,NORMAL,1,train,1453,979,RGB,374c07103f269dffaa6b1f9eae961d8f,71f0b4b0b0f0f0e0
data/q1/Data/train/NORMAL/NORMAL(824).jpg,NORMAL,1,train,1961,1484,RGB,ed6b670cb15dcda2f6c45b832ecd598f,ec96b6b2b2b2b0f0
data/q1/Data/train/NORMAL/NORMAL(825).jpg,NORMAL,1,train,1394,982,RGB,9d913ace41d8f7797b833bacb02cf61d,e8d4b2b2b0b071f4
data/q1/Data/train/NORMAL/NORMAL(826).jpg,NORMAL,1,train,2014,1600,RGB,4cb22bc7f454dd34b2661237f3faa9dc,f094b6b2b2b0f0d4
data/q1/Data/train/NORMAL/NORMAL(827).jpg,NORMAL,1,train,1124,716,RGB,d1f8f987ed7add27f0715a0ee2d059a7,f8d0d2d2f0b0f0f0
data/q1/Data/train/NORMAL/NORMAL(829).jpg,NORMAL,1,train,1925,1489,RGB,3e099db00d108a66dc55097bb5ab0a12,c9d292b2b1b1f0f0
data/q1/Data/train/NORMAL/NORMAL(830).jpg,NORMAL,1,train,2009,1705,RGB,3f2bad602bafe7870c6e5530fb4aa595,dc96b2b2b1b0f0f0
data/q1/Data/train/NORMAL/NORMAL(832).jpg,NORMAL,1,train,1268,924,RGB,d1a22ac55cca9c81014fb9a9f573db29,e2e0b4b4b2b2f2d2
data/q1/Data/train/NORMAL/NORMAL(834).jpg,NORMAL,1,train,1635,1321,RGB,e701f1e1474322601711d17514812513,7196b6b2b2b0f0c6
data/q1/Data/train/NORMAL/NORMAL(835).jpg,NORMAL,1,train,1387,1009,RGB,889e0974f33517d14c8b196f41466562,62f8b4b2b2b0f0d6
data/q1/Data/train/NORMAL/NORMAL(836).jpg,NORMAL,1,train,1484,1136,RGB,3095110ae9b2dc416bb553c7aed51b53,e3e6b2b2b0b0d0f0
data/q1/Data/train/NORMAL/NORMAL(837).jpg,NORMAL,1,train,2342,2376,RGB,dc735df2c97d5dec95b7e77496705914,93de92b2b1b1f0f0
data/q1/Data/train/NORMAL/NORMAL(838).jpg,NORMAL,1,train,1581,1245,RGB,8056dad1e2e2255afc35aeca4944dd46,84b4b6b2b2b0f0f0
data/q1/Data/train/NORMAL/NORMAL(839).jpg,NORMAL,1,train,1546,1414,RGB,c1d82664cc00ec085b1955c4468ae792,7294b4b2b2f0d0e2
data/q1/Data/train/NORMAL/NORMAL(84).jpg,NORMAL,1,train,1596,1156,RGB,bffefd9c4712bc0e3b209b86de5f1e3f,62f49492b2b0f0d0
data/q1/Data/train/NORMAL/NORMAL(840).jpg,NORMAL,1,train,1410,1106,RGB,1b24adede336d9c4f7f66b6607cbe92e,f879d292b2b0f0f0
data/q1/Data/train/NORMAL/NORMAL(842).jpg,NORMAL,1,train,1446,1070,RGB,cedc1d2bf19eaa8bf43df3e0507280dc,e0f4d2daf0f8f8f0
data/q1/Data/train/NORMAL/NORMAL(844).jpg,NORMAL,1,train,1363,1167,RGB,30909c557dc2f8c8453b010605fce7a8,f0f094b2b2b0d0f0
data/q1/Data/train/NORMAL/NORMAL(845).jpg,NORMAL,1,train,1882,1653,RGB,9037147edd187127ac99f2e68da759d9,33d692b2b2b0f0f0
data/q1/Data/train/NORMAL/NORMAL(846).jpg,NORMAL,1,train,2036,1908,RGB,d5fa73bf403386fa539176253e712ad9,b1d292b2b2b2f0f0
data/q1/Data/train/NORMAL/NORMAL(848).jpg,NORMAL,1,train,1897,1854,RGB,0e94a47439f846c0181fe0f5aca7ab17,99db93b3b1b1d0f0
data/q1/Data/train/NORMAL/NORMAL(849).jpg,NORMAL,1,train,1533,1252,RGB,1a1614c2738267e368a08554c500ccbd,b2c8d4b2b0b1f0d0
data/q1/Data/train/NORMAL/NORMAL(850).jpg,NORMAL,1,train,1427,1013,RGB,80a2648c1deab9d93875ddbbc4537bf4,b8f8d2d2f8f8f0d0
data/q1/Data/train/NORMAL/NORMAL(851).jpg,NORMAL,1,train,1531,1256,RGB,a67dcac77a454d017f1c38479f9a1c53,3995b6b2b2b0f4f0
data/q1/Data/train/NORMAL/NORMAL(852).jpg,NORMAL,1,train,1430,1043,RGB,dc45aa466d0fbd4f3553a1f20ae11592,b1e0d4b2b2b0f0f2
data/q1/Data/train/NORMAL/NORMAL(853).jpg,NORMAL,1,train,1641,1368,RGB,28887988fbf8d04cbc5edd049ccd6369,e3dcd4b2b2b2f0d4
data/q1/Data/train/NORMAL/NORMAL(855).jpg,NORMAL,1,train,1541,1310,RGB,f65020a84cdbd2081b927241324828ba,b8d4b4b2b2f0d0f0
data/q1/Data/train/NORMAL/NORMAL(856).jpg,NORMAL,1,train,1372,1070,RGB,baa77bcc6c011f430ec0a6c25ae0e866,f8f0d2b2b0d0c0c0
data/q1/Data/train/NORMAL/NORMAL(857).jpg,NORMAL,1,train,1449,1210,RGB,2d9b7ebadd1a693dbeebfbc115fefac5,e496b2b33131f0d0
data/q1/Data/train/NORMAL/NORMAL(859).jpg,NORMAL,1,train,1771,1754,RGB,500a1c1f4cbea42a39cfff2c5156d76d,a294b6b2b2b1f0d0
data/q1/Data/train/NORMAL/NORMAL(86).jpg,NORMAL,1,train,1542,1152,RGB,2fb30684b20d5c2e168dcb5dd156ca40,e0f494b2b0b0d4d0
data/q1/Data/train/NORMAL/NORMAL(860).jpg,NORMAL,1,train,1523,1410,RGB,4f4ef1d54627af91c236a07b3c536dae,319492b2b231f0f0
data/q1/Data/train/NORMAL/NORMAL(861).jpg,NORMAL,1,train,1584,1426,RGB,be129515796c3dc438dfcad9df2c8521,b1d492b23331f0f0
data/q1/Data/train/NORMAL/NORMAL(863).jpg,NORMAL,1,train,1520,1341,RGB,1c72dec565f48f3fa3f4c18cad071168,f8d4b6b2b0b8f2e2
data/q1/Data/train/NORMAL/NORMAL(864).jpg,NORMAL,1,train,2153,1514,RGB,6fe234920fdeaa7dbf5aba10dd6f2e4d,b6cc9692b2b0d0f0
data/q1/Data/train/NORMAL/NORMAL(866).jpg,NORMAL,1,train,1453,1071,RGB,6984f8188edc7b6e9c1ffb6af6e844d5,b0f0d4b6b2b0f0d0
data/q1/Data/train/NORMAL/NORMAL(867).jpg,NORMAL,1,train,1761,1453,RGB,64d3424151f7ddc7a59cf3f471755a3b,e0d496b2b2b2d0e0
data/q1/Data/train/NORMAL/NORMAL(869).jpg,NORMAL,1,train,1538,1205,RGB,7b67f37c460da20a95f16315f983162e,e8d692b2b0b0d0f8
data/q1/Data/train/NORMAL/NORMAL(87).jpg,NORMAL,1,train,1300,1156,RGB,84134153e19c27fbb6f4511e7a417dfc,e8f096b230f0d0f0
data/q1/Data/train/NORMAL/NORMAL(872).jpg,NORMAL,1,train,1692,1221,RGB,4d1d29646a9276e83cb119999cae8635,71f0d29a9290f4f0
data/q1/Data/train/NORMAL/NORMAL(873).jpg,NORMAL,1,train,1570,1388,RGB,a086872ec482b0b62aac9e3cd1362dea,711696b2b2b0d0d2
data/q1/Data/train/NORMAL/NORMAL(875).jpg,NORMAL,1,train,2183,1940,RGB,c1a858fbe733a96579f8a1302669437f,72b636b2b2b2f0d4
data/q1/Data/train/NORMAL/NORMAL(877).jpg,NORMAL,1,train,1808,1666,RGB,06cb03c3a2e317768a564b7ae71bdfa6,799293b33171f0c0
data/q1/Data/train/NORMAL/NORMAL(88).jpg,NORMAL,1,train,1611,1133,RGB,d105abbb320a6d3644bfa15327053691,b0d494b0b0b0f0c4
data/q1/Data/train/NORMAL/NORMAL(881).jpg,NORMAL,1,train,1781,1310,RGB,6474934921d9c246d9cf427a84bf5544,b3cc96b2b2b0b0d0
data/q1/Data/train/NORMAL/NORMAL(882).jpg,NORMAL,1,train,1654,1441,RGB,8c766ec4b5a9d44b3000d6daa775d28a,b3da96b2b2b0f0d0
data/q1/Data/train/NORMAL/NORMAL(886).jpg,NORMAL,1,train,1487,1043,RGB,2073c82999f3d7957b5e2ec4d0c97bc3,f0f0b4b4f0f0e0e4
data/q1/Data/train/NORMAL/NORMAL(887).jpg,NORMAL,1,train,1453,978,RGB,5252b7a597d61b8fbd940abc4a2a0555,e4e8f4b4b0b0f0c2
data/q1/Data/train/NORMAL/NORMAL(891).jpg,NORMAL,1,train,1368,1079,RGB,8dca1bb80f627356cda319f630fc923c,e1d4d6b2b2b2f0e6
data/q1/Data/train/NORMAL/NORMAL(892).jpg,NORMAL,1,train,1547,1106,RGB,041906eb1bdce030a8e2d3e654ea5ba7,b0f0d6d298f0f0f0
data/q1/Data/train/NORMAL/NORMAL(893).jpg,NORMAL,1,train,1186,940,RGB,ee53657a11ef461120fac15ff1846513,e2f0b4b2b0b0f0d2
data/q1/Data/train/NORMAL/NORMAL(894).jpg,NORMAL,1,train,1684,1240,RGB,cdf70654ccfcb457c37d28220f85a677,e3dcd292b2b0f0f0
data/q1/Data/train/NORMAL/NORMAL(896).jpg,NORMAL,1,train,1634,1214,RGB,f9d3a2dbb08aaf6765a5cc7da4182f2a,e0d6d2b2b2b0f0e6
data/q1/Data/train/NORMAL/NORMAL(899).jpg,NORMAL,1,train,1114,850,RGB,712336455ca3b1042181e6b63ccdb02b,e2f0d4b2b0b0f0e2
data/q1/Data/train/NORMAL/NORMAL(9).jpg,NORMAL,1,train,1862,1785,RGB,557690f11aa21a66b847f46490d85217,73f23632b2b2b0f0
data/q1/Data/train/NORMAL/NORMAL(90).jpg,NORMAL,1,train,1487,1209,RGB,3b90458e5d507e33fa071ab81dd180cf,60d492b2b0b8f8f8
data/q1/Data/train/NORMAL/NORMAL(901).jpg,NORMAL,1,train,1418,1121,RGB,23b10fd5d7a6d2c2f894d7af22ea7287,72f094b0b2b0f0d0
data/q1/Data/train/NORMAL/NORMAL(902).jpg,NORMAL,1,train,1727,1619,RGB,803ca7e1b104d75999a1869c7eed153e,737094b6b2b0f0f2
data/q1/Data/train/NORMAL/NORMAL(903).jpg,NORMAL,1,train,1511,1225,RGB,aa4fb2009843fffbbd15885aa275c651,72ecb4b2b2b0f0d0
data/q1/Data/train/NORMAL/NORMAL(905).jpg,NORMAL,1,train,1723,1638,RGB,004b1b878137faab4dd15ab165667c58,66a4b6b23230f0f0
data/q1/Data/train/NORMAL/NORMAL(906).jpg,NORMAL,1,train,1479,1256,RGB,2af5c69c316263214662a49692f654a9,f0f2d4b2b2b0f0f0
data/q1/Data/train/NORMAL/NORMAL(908).jpg,NORMAL,1,train,1955,1596,RGB,918b7d57316f2b129a59447bc163bf56,bbd496b2b2b1f0f0
data/q1/Data/train/NORMAL/NORMAL(910).jpg,NORMAL,1,train,1120,904,RGB,a217de233817aed710b2b9e30182eca5,e0e0f4b0b0b0f0d6
data/q1/Data/train/NORMAL/NORMAL(911).jpg,NORMAL,1,train,1193,1106,RGB,30be2958d70809ff4db983dcd06ff915,f2e0d6b2b0f1d080
data/q1/Data/train/NORMAL/NORMAL(912).jpg,NORMAL,1,train,1200,874,RGB,5d19f70cf8bc542fb5029049bd128a9a,bafcd2b2b0f0f0f0
data/q1/Data/train/NORMAL/NORMAL(914).jpg,NORMAL,1,train,1688,1302,RGB,3b67d35647cf6b6d59299fe1289de6ae,e3d4d6b2b2b2d0d0
data/q1/Data/train/NORMAL/NORMAL(915).jpg,NORMAL,1,train,1619,1340,RGB,64cdfc9faff6d0fd77fd1d36f5f8d89d,73d496b2b2b0f0f0
data/q1/Data/train/NORMAL/NORMAL(918).jpg,NORMAL,1,train,1715,1202,RGB,7e93f0d8e892e49619f293b1a29bfee8,b8d6d292b2f0d0f0
data/q1/Data/train/NORMAL/NORMAL(919).jpg,NORMAL,1,train,1433,1411,RGB,31f3c7b79c73feb85e2dd5a2eef5a264,71d492b2b2b0f0f0
data/q1/Data/train/NORMAL/NORMAL(92).jpg,NORMAL,1,train,1750,1314,RGB,8914abd844d8b3ad43a33d73c6d31839,b3d4d6b2b2f0c0c4
data/q1/Data/train/NORMAL/NORMAL(920).jpg,NORMAL,1,train,1365,1106,RGB,beb8dc28c89f8494ff1551f7e980362a,b0f0d292b1b1f0d0
data/q1/Data/train/NORMAL/NORMAL(921).jpg,NORMAL,1,train,1412,1152,RGB,04ddf855117c84a9bc0cabe4e091c494,f0f0f4b0b2f2f0e2
data/q1/Data/train/NORMAL/NORMAL(923).jpg,NORMAL,1,train,1453,1183,RGB,94bef4c8be69ad8c0e03cb7e7e677514,f1d5b2b2b2b0f0d8
data/q1/Data/train/NORMAL/NORMAL(924).jpg,NORMAL,1,train,1658,1465,RGB,c364158100de51606b0bbb3e8b594488,33d4b2b2b0b1d0c0
data/q1/Data/train/NORMAL/NORMAL(925).jpg,NORMAL,1,train,1762,1399,RGB,975cdf73d7314448c73fb51acb6e48cc,3198d292b2b0f0c0
data/q1/Data/train/NORMAL/NORMAL(928).jpg,NORMAL,1,train,1683,1534,RGB,aa974cdbdd26a44a5938fe383987bea8,b2ecd492b2b0f0d0
data/q1/Data/train/NORMAL/NORMAL(929).jpg,NORMAL,1,train,1880,1356,RGB,dd4bafea3806d82832d0feb065b2d263,b2e89492b2b2f0e0
data/q1/Data/train/NORMAL/NORMAL(932).jpg,NORMAL,1,train,1592,1020,RGB,939290fe64c906d6a5fac65afaf436ec,f0f094b4b0b0f0f4
data/q1/Data/train/NORMAL/NORMAL(935).jpg,NORMAL,1,train,1576,1217,RGB,a86a577aa186a228314198073f7182fd,b9d0b4b4b0f0e0e0
data/q1/Data/train/NORMAL/NORMAL(938).jpg,NORMAL,1,train,1198,1032,RGB,58424afccd45117c93ed1a9b7cff8482,6365b4b2b2b2f0f0
data/q1/Data/train/NORMAL/NORMAL(939).jpg,NORMAL,1,train,1903,1581,RGB,6a16c0c8a34be53157157de347b4f53a,b2d496b2b2f2c0c0
data/q1/Data/train/NORMAL/NORMAL(94).jpg,NORMAL,1,train,1202,808,RGB,584bb82f0b559d53064f72478e64a92e,70f4d490b0b0f0f0
data/q1/Data/train/NORMAL/NORMAL(940).jpg,NORMAL,1,train,1926,1800,RGB,fef68683782adfc08b97a9cba0faabb2,f0b436b2b2f2d4d4
data/q1/Data/train/NORMAL/NORMAL(941).jpg,NORMAL,1,train,1422,1128,RGB,e15123e17086a7d6c5b6076cb9575e7e,32f4d2b2b0b0f0f0
data/q1/Data/train/NORMAL/NORMAL(942).jpg,NORMAL,1,train,1567,1314,RGB,1b140c289db4e9888bb38c2b6b36f439,ccb4b6b2b0b0f2d8
data/q1/Data/train/NORMAL/NORMAL(945).jpg,NORMAL,1,train,1743,1345,RGB,498d1526ccdbc94ea08da28039a4b754,32969692b2b2b2f2
data/q1/Data/train/NORMAL/NORMAL(947).jpg,NORMAL,1,train,1191,862,RGB,d8f14632166d07daaf78c7ddfec9c7a5,f8d4d4b4b0f0c4c0
data/q1/Data/train/NORMAL/NORMAL(948).jpg,NORMAL,1,train,1641,1519,RGB,754786ce11bd68285471f30ca092cab6,f2b0d4b6b2b0f0d0
data/q1/Data/train/NORMAL/NORMAL(951).jpg,NORMAL,1,train,1843,1759,RGB,637e039369ad9f64a1c282e68805881a,33d492b2b0b0f0c4
data/q1/Data/train/NORMAL/NORMAL(952).jpg,NORMAL,1,train,1970,1554,RGB,5915e2ba43200c79632b08919ce241d0,22d496b2b2b0f0d2
data/q1/Data/train/NORMAL/NORMAL(953).jpg,NORMAL,1,train,1952,1746,RGB,580f4bdce55b778bc85bdeec23b5af65,99d9d2b2b2b2f0e0
data/q1/Data/train/NORMAL/NORMAL(954).jpg,NORMAL,1,train,1402,1244,RGB,3dc4bba1127e7b0c29e6e39ccc801036,b8e8d292b0b0f0f0
data/q1/Data/train/NORMAL/NORMAL(955).jpg,NORMAL,1,train,2005,1878,RGB,b914d5c9590ecbbd0581ee6986bf3e68,62e0b4b6b2b2f0f0
data/q1/Data/train/NORMAL/NORMAL(956).jpg,NORMAL,1,train,2067,1982,RGB,d1dc57d52b90ae3690ad9f3c66e719f4,b39392b2b2b2f0f0
data/q1/Data/train/NORMAL/NORMAL(957).jpg,NORMAL,1,train,1403,1333,RGB,b47ec4e9d292a1e4c269587d16f2b54f,713996b2b2b1f0f0
data/q1/Data/train/NORMAL/NORMAL(959).jpg,NORMAL,1,train,1610,1264,RGB,e755cd2cdb75ad6c68178ae166c80346,b2c8d4b0b2f0f0f0
data/q1/Data/train/NORMAL/NORMAL(961).jpg,NORMAL,1,train,1179,885,RGB,1160a1a61b0967d997a76bbbf16ec86e,63e494b0b0b0f0d8
data/q1/Data/train/NORMAL/NORMAL(963).jpg,NORMAL,1,train,2414,2132,RGB,d8f02e2a3c3a88cb8a24d55a51457297,33d496b2b2b2f0f8
data/q1/Data/train/NORMAL/NORMAL(964).jpg,NORMAL,1,train,1302,958,RGB,11079a709eaa6173714eb62b81fd3f8b,70f0d4b4b2b2f0c0
data/q1/Data/train/NORMAL/NORMAL(966).jpg,NORMAL,1,train,1109,944,RGB,799bc38da5119c3639950741851cfa41,71f1b4b4b0b0f0f0
data/q1/Data/train/NORMAL/NORMAL(967).jpg,NORMAL,1,train,1765,1868,RGB,18604f695435dea4cee8a70b626627f1,f0b536b2b2b0f0d4
data/q1/Data/train/NORMAL/NORMAL(97).jpg,NORMAL,1,train,2148,1496,RGB,1c424487c679487c24237da216a72bcd,b0d69292b0b8f8f0
data/q1/Data/train/NORMAL/NORMAL(973).jpg,NORMAL,1,train,1796,1696,RGB,1d58c2f79b28438e8f9f14328777ee3a,719692b2b9b9f8f8
data/q1/Data/train/NORMAL/NORMAL(976).jpg,NORMAL,1,train,1718,1526,RGB,802c6e6163d8a2db6369c772de121d56,e3d492b2b232f0e2
data/q1/Data/train/NORMAL/NORMAL(977).jpg,NORMAL,1,train,1696,1568,RGB,350b5fe15b0f0f35eace9d1321d15730,6296b6b23131f0d4
data/q1/Data/train/NORMAL/NORMAL(98).jpg,NORMAL,1,train,1876,1893,RGB,504ff1aae49387e8bf955de902567d9a,39c992b2b2f0f0f0
data/q1/Data/train/NORMAL/NORMAL(982).jpg,NORMAL,1,train,1897,1488,RGB,ac9e47c8a03d2c5cce1c88e7b9ed2293,6a96b2b2b0b0f0d0
data/q1/Data/train/NORMAL/NORMAL(983).jpg,NORMAL,1,train,1723,1588,RGB,f6efd7ed0da3257fe494d4991bd8320c,b1d292b2b1b1d0c0
data/q1/Data/train/NORMAL/NORMAL(985).jpg,NORMAL,1,train,1711,1534,RGB,3c75b711438976b58933f94324f44ffe,60b4b6b23230f0d0
data/q1/Data/train/NORMAL/NORMAL(987).jpg,NORMAL,1,train,2425,2539,RGB,41152d9f1227e7f10137dd3d0d4a94d1,b033333332b2d0d0
data/q1/Data/train/NORMAL/NORMAL(99).jpg,NORMAL,1,train,1680,1557,RGB,0e2a39c5314f07ff5d00a53a902585b9,71d692b3b1b1f0f0
data/q1/Data/train/NORMAL/NORMAL(991).jpg,NORMAL,1,train,1527,1272,RGB,9a45b01fc21ac73efad62c83d46ce481,b2d4b4b2f0f0e0e0
data/q1/Data/train/NORMAL/NORMAL(992).jpg,NORMAL,1,train,1449,1210,RGB,2daba9a6440de36b4d8dda1a7e3e9a3d,39f1d2b2b0b1f0f4
data/q1/Data/train/NORMAL/NORMAL(994).jpg,NORMAL,1,train,1317,1082,RGB,f6e3e78e343f652d037a3911afaa3d40,f3f096b2b0b0f0d0
data/q1/Data/train/NORMAL/NORMAL(995).jpg,NORMAL,1,train,1488,1314,RGB,7728bd87b9f2673e688a1f82d992b823,f0d092b2b0f1d0d4
data/q1/Data/train/NORMAL/NORMAL(997).jpg,NORMAL,1,train,1472,1525,RGB,4c306db41e1d49124edee31e484c48de,63f0b6b6b2b0f0d0
data/q1/Data/train/NORMAL/NORMAL(999).jpg,NORMAL,1,train,2617,2627,RGB,24d3db11206c2776d76acbf8681346af,f0f4b6b292b2f0e0
data/q1/Data/train/PNEUMONIA/PNEUMONIA(0).jpg,PNEUMONIA,2,train,1152,760,RGB,4db4edb824ea54dd26b2b0ceb0048e1b,d0d0d4f0f0b4f4e4
data/q1/Data/train/PNEUMONIA/PNEUMONIA(10).jpg,PNEUMONIA,2,train,1427,1039,RGB,6d966b121f698457cd66f23acb61c7cb,f0f0d4d0d8b0f0f4
data/q1/Data/train/PNEUMONIA/PNEUMONIA(100).jpg,PNEUMONIA,2,train,1536,1138,RGB,81b499f5641f19aef3b5ba98eacb992d,e89692b2b1b1b1d0
data/q1/Data/train/PNEUMONIA/PNEUMONIA(1000).jpg,PNEUMONIA,2,train,1136,1008,RGB,566302260127869ca1376535ababaf18,7090b0b0f0f4e4e4
data/q1/Data/train/PNEUMONIA/PNEUMONIA(1002).jpg,PNEUMONIA,2,train,1431,952,RGB,f44985466fe25fc0c444371253ad43c5,e0d4d692b0b8f8f8
data/q1/Data/train/PNEUMONIA/PNEUMONIA(1003).jpg,PNEUMONIA,2,train,1528,1056,RGB,aa6a0ada615ab426dea7173532d9c83b,b1d0d292b2b0d0c0
data/q1/Data/train/PNEUMONIA/PNEUMONIA(1004).jpg,PNEUMONIA,2,train,1408,1152,RGB,080210a60848cef318c8969b35c68ab8,69e8969692b0d4c4
data/q1/Data/train/PNEUMONIA/PNEUMONIA(1005).jpg,PNEUMONIA,2,train,1216,1032,RGB,fa421f00c1955efca5b3865c9833e48b,79f094b2b2b0b0e0
data/q1/Data/train/PNEUMONIA/PNEUMONIA(1006).jpg,PNEUMONIA,2,train,1464,1080,RGB,3c9adb2630245c48148330e736048002,b1c856d6f4b484a4
data/q1/Data/train/PNEUMONIA/PNEUMONIA(1010).jpg,PNEUMONIA,2,train,1096,592,RGB,47a93045fea7b4b25d41ec01ba28a24b,e0f0f0f1d1f1f0f4
data/q1/Data/train/PNEUMONIA/PNEUMONIA(1011).jpg,PNEUMONIA,2,train,944,536,RGB,f1d7131d5ce5e2721a54b557f79b2dd0,f0d4d4b4b4b4f0c4
data/q1/Data/train/PNEUMONIA/PNEUMONIA(1012).jpg,PNEUMONIA,2,train,920,568,RGB,0238084909cbc51eb555b6ff191df948,f0f8d8f0f0b0f0d0
data/q1/Data/train/PNEUMONIA/PNEUMONIA(1013).jpg,PNEUMONIA,2,train,848,632,RGB,a3af6cc6fcd3d07c5b9d0f3512786821,607050b0b0b0f0f0
data/q1/Data/train/PNEUMONIA/PNEUMONIA(1014).jpg,PNEUMONIA,2,train,856,536,RGB,c77297b08157952b7ea1eb4081a69118,b0f0f0f0f0f0f0f0
data/q1/Data/train/PNEUMONIA/PNEUMONIA(1017).jpg,PNEUMONIA,2,train,944,808,RGB,023c796f34c5f5cde84de5d2f88a88db,6064607070708004
data/q1/Data/train/PNEUMONIA/PNEUMONIA(1018).jpg,PNEUMONIA,2,train,1328,952,RGB,d8117670a806564eca737dc7cb716989,f05494b0b0b0f0d4
data/q1/Data/train/PNEUMONIA/PNEUMONIA(102).jpg,PNEUMONIA,2,train,1088,728,RGB,0d50d6ebe2bb5a99449e4a062b1dca9a,f8d490f0f0f0f0b0
data/q1/Data/train/PNEUMONIA/PNEUMONIA(1020).jpg,PNEUMONIA,2,train,1104,824,RGB,658e348d024b1bd6b3a0cce906ed0122,e0e0a4b4b0b0e0c4
data/q1/Data/train/PNEUMONIA/PNEUMONIA(1022).jpg,PNEUMONIA,2,train,1192,872,RGB,110b51638456525b70bef249e90075de,f1f4b2b0b0a0e0e0
data/q1/Data/train/PNEUMONIA/PNEUMONIA(1024).jpg,PNEUMONIA,2,train,912,504,RGB,a4b8ae48e3ba7be30d5a20f4076a5495,f4d4b0b0b0b0f0f0
data/q1/Data/train/PNEUMONIA/PNEUMONIA(1026).jpg,PNEUMONIA,2,train,1254,800,RGB,dd77da84eeed6c4078df54b96acc1db2,f0c0f4b0f2f0f0d0
data/q1/Data/train/PNEUMONIA/PNEUMONIA(1027).jpg,PNEUMONIA,2,train,952,584,RGB,347ca12bbaa6c801ceb85825b25d2b01,e0d4b4b0b0b0f0d4
data/q1/Data/train/PNEUMONIA/PNEUMONIA(1028).jpg,PNEUMONIA,2,train,1645,1136,RGB,d56fc40de0575a1f28c590435a1625d0,f49292b8b8b8f8f0
data/q1/Data/train/PNEUMONIA/PNEUMONIA(1029).jpg,PNEUMONIA,2,train,1613,1032,RGB,d9701378139d867ffc31160eb7461af4,64b49492b0b0b0f0
data/q1/Data/train/PNEUMONIA/PNEUMONIA(103).jpg,PNEUMONIA,2,train,1616,1352,RGB,7607a670350633d8a147170bcfaf0936,70b0b2b0b0f0d0b4
data/q1/Data/train/PNEUMONIA/PNEUMONIA(1031).jpg,PNEUMONIA,2,train,1688,1528,RGB,4cf741c381a744ff31a115e72d0b1004,30c692b2b2b29090
data/q1/Data/train/PNEUMONIA/PNEUMONIA(1032).jpg,PNEUMONIA,2,train,1704,1344,RGB,8392ea0973dc914fe8bba88a40973a58,64b2b2b2b0b0f0f0
data/q1/Data/train/PNEUMONIA/PNEUMONIA(1033).jpg,PNEUMONIA,2,train,1512,1088,RGB,1cd52443ec7498dfff94eac1a77f302a,ba96b2b2b2b0f8f0
data/q1/Data/train/PNEUMONIA/PNEUMONIA(1034).jpg,PNEUMONIA,2,train,1088,776,RGB,ccdc753688c3a2b2a939996a85501c0e,63f1b4b0b0f0f0f0
data/q1/Data/train/PNEUMONIA/PNEUMONIA(1036).jpg,PNEUMONIA,2,train,1096,712,RGB,0256aabc9528d6f5b8e0f3d2de7a53d1,636150f0b0b0f0f0
data/q1/Data/train/PNEUMONIA/PNEUMONIA(1037).jpg,PNEUMONIA,2,train,1693,1192,RGB,d2dd590e8779cf6eb111ed407de24eeb,f2d4b4b4b0f0e0c0
data/q1/Data/train/PNEUMONIA/PNEUMONIA(1038).jpg,PNEUMONIA,2,train,929,520,RGB,80507a50fc060335a4c16a7f63591bee,a4a4b4b2b2b2f0c2
data/q1/Data/train/PNEUMONIA/PNEUMONIA(1039).jpg,PNEUMONIA,2,train,976,568,RGB,6a8a40b9954ac5f2c57130c095b30405,e8dadadad8f0f0f0
data/q1/Data/train/PNEUMONIA/PNEUMONIA(104).jpg,PNEUMONIA,2,train,1048,856,RGB,ab529811f04db3bf2af78841147e027d,72e0b4b0b0b07074
data/q1/Data/train/PNEUMONIA/PNEUMONIA(1040).jpg,PNEUMONIA,2,train,1144,792,RGB,02c810ee3e0962f9fd832c350436a22e,f9d9d4d4f0f0f0d4
data/q1/Data/train/PNEUMONIA/PNEUMONIA(1042).jpg,PNEUMONIA,2,train,1144,888,RGB,34c71067e7ea92fc02b500eef78e9a9b,31d0d4f4b0f0e0c4
data/q1/Data/train/PNEUMONIA/PNEUMONIA(1043).jpg,PNEUMONIA,2,train,1171,864,RGB,390473993f44e9727c7670996d672493,d0f4b6f2f0f0e0f0
data/q1/Data/train/PNEUMONIA/PNEUMONIA(1045).jpg,PNEUMONIA,2,train,976,632,RGB,92f01ae7c9bce9348b6eeaeb8b537f80,f0b4b2b2b0f0e0d4
data/q1/Data/train/PNEUMONIA/PNEUMONIA(1046).jpg,PNEUMONIA,2,train,1211,704,RGB,fa14784b9131f5c2dbfd0cb521b47b76,e4b4b2b2b0b0f2d8
data/q1/Data/train/PNEUMONIA/PNEUMONIA(1047).jpg,PNEUMONIA,2,train,1240,824,RGB,0781c838168a5e3426da35e68c0e5269,e260d4b4b4b292a6
data/q1/Data/train/PNEUMONIA/PNEUMONIA(1048).jpg,PNEUMONIA,2,train,1232,824,RGB,f7030d2117c486e822f0b543988e5104,e0e4b4b2b0b8f8d2
data/q1/Data/train/PNEUMONIA/PNEUMONIA(1049).jpg,PNEUMONIA,2,train,992,856,RGB,4b420df5cb4e671f1b86f6f0c796ef78,f8f4f2b0b0f0f2c0
data/q1/Data/train/PNEUMONIA/PNEUMONIA(105).jpg,PNEUMONIA,2,train,836,521,RGB,d5d61b291f9a010eb1bb506dad58f371,266272723171d4b2
data/q1/Data/train/PNEUMONIA/PNEUMONIA(1050).jpg,PNEUMONIA,2,train,1384,912,RGB,d626f43bd45beea7dae550f227a753cd,caa4b4b4b0b4b486
data/q1/Data/train/PNEUMONIA/PNEUMONIA(1051).jpg,PNEUMONIA,2,train,1480,1088,RGB,08c3e244b65489f00735375c51f4a501,7192b2b0b0f0f0f0
data/q1/Data/train/PNEUMONIA/PNEUMONIA(1052).jpg,PNEUMONIA,2,train,850,632,RGB,13109774a5f8e15804b4ec46243e4dd4,e0b4b2b2b030f0c4
data/q1/Data/train/PNEUMONIA/PNEUMONIA(1053).jpg,PNEUMONIA,2,train,976,568,RGB,f41aee7bd89da1f38c8fd40ccca185ab,d8c484a4b4b49494
data/q1/Data/train/PNEUMONIA/PNEUMONIA(1054).jpg,PNEUMONIA,2,train,984,672,RGB,d924070b8d83aceb8962e7997ee2a5e4,f1b4b4b0b0b0d886
data/q1/Data/train/PNEUMONIA/PNEUMONIA(1058).jpg,PNEUMONIA,2,train,944,744,RGB,ecc8be408a74ef1c0478049c61167667,61f4b2b2b0b0f0f0
data/q1/Data/train/PNEUMONIA/PNEUMONIA(1059).jpg,PNEUMONIA,2,train,872,696,RGB,e3d380943ef8c80ed7cf4721389f063a,b1b6b2f0f0f0f0b0
data/q1/Data/train/PNEUMONIA/PNEUMONIA(106).jpg,PNEUMONIA,2,train,1016,696,RGB,795fe86e2c71976e3a4f4d1bed2682c0,f1a5a5f1f1f1f0f0
data/q1/Data/train/PNEUMONIA/PNEUMONIA(1062).jpg,PNEUMONIA,2,train,1272,984,RGB,d74c32b16bc1736b61f516f19a1fc999,65b4b6b2b0b0f0c2
data/q1/Data/train/PNEUMONIA/PNEUMONIA(1063).jpg,PNEUMONIA,2,train,1576,1144,RGB,537c0365cf3eb389e06922ebdb82ff24,f173b2b2b8f89496
data/q1/Data/train/PNEUMONIA/PNEUMONIA(1064).jpg,PNEUMONIA,2,train,1760,1232,RGB,c1ea55c6dfd6a396e157b18ec46a4747,b89692b2b2b0b0c0
data/q1/Data/train/PNEUMONIA/PNEUMONIA(1065).jpg,PNEUMONIA,2,train,1760,1280,RGB,8b721a8e5dae953dde1235fae91f6eee,f4b6b6b2b0b1b0e4
data/q1/Data/train/PNEUMONIA/PNEUMONIA(1066).jpg,PNEUMONIA,2,train,1125,760,RGB,c9384471b0642e57b2ee965e75c60707,f894b2b2b0b0f0f0
data/q1/Data/train/PNEUMONIA/PNEUMONIA(1068).jpg,PNEUMONIA,2,train,1552,1544,RGB,e2ef8c1286d9a2bb3135c651a299dbdb,303092b2f0f0b0d0
data/q1/Data/train/PNEUMONIA/PNEUMONIA(1069).jpg,PNEUMONIA,2,train,1576,1544,RGB,85e0071ca9fdbe983cabcf444858b02f,b1d3b3b1b09090b4
data/q1/Data/train/PNEUMONIA/PNEUMONIA(107).jpg,PNEUMONIA,2,train,1344,1072,RGB,819562b65ce87e0104dc2aa0839203b3,f0f4b4b2b2e8d094
data/q1/Data/train/PNEUMONIA/PNEUMONIA(1071).jpg,PNEUMONIA,2,train,1248,712,RGB,b98254c543e5739017e9486204cd1a10,7360f4b4b4b0e080
data/q1/Data/train/PNEUMONIA/PNEUMONIA(1072).jpg,PNEUMONIA,2,train,1248,792,RGB,60f3ae71e2a1d84bff44376b4621288b,6850d0f0f0f08888
data/q1/Data/train/PNEUMONIA/PNEUMONIA(1073).jpg,PNEUMONIA,2,train,1552,1104,RGB,3c82ee3ec36fcecf7d4ec68c2683ebf7,f09496b0f0f8d4d4
data/q1/Data/train/PNEUMONIA/PNEUMONIA(1074).jpg,PNEUMONIA,2,train,1316,839,RGB,aef7b12be44f3fa6c9746a1c0983bf7c,e8d2d2b2b8b8f8f2
data/q1/Data/train/PNEUMONIA/PNEUMONIA(1075).jpg,PNEUMONIA,2,train,1632,1400,RGB,80066d92e39ce8577762d14102e0653d,f0d9d4b0b8f8e4d4
data/q1/Data/train/PNEUMONIA/PNEUMONIA(1076).jpg,PNEUMONIA,2,train,1472,1168,RGB,9255f24d72ffe90c5467b3fb0b6cdae1,e2f8343232f2c6b2
data/q1/Data/train/PNEUMONIA/PNEUMONIA(1077).jpg,PNEUMONIA,2,train,1512,1136,RGB,bd38ad1197ceaed8c4db3749a5bab90f,72f8b4b0b2725050
data/q1/Data/train/PNEUMONIA/PNEUMONIA(1078).jpg,PNEUMONIA,2,train,1560,1152,RGB,2d765abfd8cad1c6e2e11bd8e2d0229e,b2d890b8b8f8f8f0
data/q1/Data/train/PNEUMONIA/PNEUMONIA(1079).jpg,PNEUMONIA,2,train,896,600,RGB,a37d64802e9d978d8cd4ca2503d5d64f,f0dadad8b0f0f0f0
data/q1/Data/train/PNEUMONIA/PNEUMONIA(108).jpg,PNEUMONIA,2,train,1064,880,RGB,9c4a80c10a7d2816a90bc25cab123f53,787852f0b0b0d0c4
data/q1/Data/train/PNEUMONIA/PNEUMONIA(1081).jpg,PNEUMONIA,2,train,1016,648,RGB,e2388c701ef5c0e817cefc5980048790,f0d4f0b0b0f0f4f4
data/q1/Data/train/PNEUMONIA/PNEUMONIA(1082).jpg,PNEUMONIA,2,train,1192,888,RGB,0b6d18f9fece8957739a371838763f53,fadad2d2baf8d884
data/q1/Data/train/PNEUMONIA/PNEUMONIA(1083).jpg,PNEUMONIA,2,train,880,560,RGB,77f18f77f8b958a639a076dd93b4190f,71d6b4b0b0b8f8c4
data/q1/Data/train/PNEUMONIA/PNEUMONIA(1084).jpg,PNEUMONIA,2,train,912,584,RGB,13b1a2d8e0b36b239f74ac7adc8c6841,705494b2b0b0f8f0
data/q1/Data/train/PNEUMONIA/PNEUMONIA(1085).jpg,PNEUMONIA,2,train,912,528,RGB,d506b66908e31861756997d0b3413c56,f0d4b4b4b0b0f0c0
data/q1/Data/train/PNEUMONIA/PNEUMONIA(1086).jpg,PNEUMONIA,2,train,1136,680,RGB,b8d5e811312626e1782c471a3f615d31,61d5d0d2d0d0f0d2
data/q1/Data/train/PNEUMONIA/PNEUMONIA(1087).jpg,PNEUMONIA,2,train,1208,1120,RGB,7768f14f8ef849151ece0e4de292c46c,f0dad2b2b8b2d094
data/q1/Data/train/PNEUMONIA/PNEUMONIA(1088).jpg,PNEUMONIA,2,train,1251,832,RGB,3b9cbf83c5d73fe646b6c46785839494,f0d4d6b2b0b0f0d0
data/q1/Data/train/PNEUMONIA/PNEUMONIA(1089).jpg,PNEUMONIA,2,train,1360,848,RGB,a9fd1a03a8caddc93111001499b62454,f0d69692b0f0f0fc
data/q1/Data/train/PNEUMONIA/PNEUMONIA(109).jpg,PNEUMONIA,2,train,1016,664,RGB,5df8117c8861a9fc00c364c46134a703,d0d2d2f0f0f0f0d0
data/q1/Data/train/PNEUMONIA/PNEUMONIA(1092).jpg,PNEUMONIA,2,train,1456,976,RGB,ae7c22e7024de749c12d6ece77a9505b,b3e4f6b2b2b0d0d2
data/q1/Data/train/PNEUMONIA/PNEUMONIA(1093).jpg,PNEUMONIA,2,train,1440,1008,RGB,9d138ecadc36436721eafbe6ca114c6b,72e4d4b2b2f2d0d2
data/q1/Data/train/PNEUMONIA/PNEUMONIA(1094).jpg,PNEUMONIA,2,train,1456,1104,RGB,edf49a40a9419044b54eacef89e171e1,b2f0f4f2f2f0c0a0
data/q1/Data/train/PNEUMONIA/PNEUMONIA(1095).jpg,PNEUMONIA,2,train,1408,856,RGB,8aa1bd245aba1633a8548afbe02df095,30d4b6b2b2b280b0
data/q1/Data/train/PNEUMONIA/PNEUMONIA(1096).jpg,PNEUMONIA,2,train,1624,1016,RGB,c3c88f8d2cad747cf5d92d631b223a9b,fae5b4b4b0b0c4d4
data/q1/Data/train/PNEUMONIA/PNEUMONIA(1097).jpg,PNEUMONIA,2,train,1248,848,RGB,b6b47be7033f7c8a09364e93ba94b71d,e8d4b4b0b0b0f0d4
data/q1/Data/train/PNEUMONIA/PNEUMONIA(1099).jpg,PNEUMONIA,2,train,896,536,RGB,e05cb69e937a72bccb9ee7b602092562,f870f0f0f0f0f0f0
data/q1/Data/train/PNEUMONIA/PNEUMONIA(11).jpg,PNEUMONIA,2,train,992,776,RGB,97668508dc61532b5bab889fabd7c1dd,f0b4b2b0b0f4d4b4
data/q1/Data/train/PNEUMONIA/PNEUMONIA(110).jpg,PNEUMONIA,2,train,1792,1184,RGB,679bd990c7fde1f1a084f9ee4649ae0e,b2d494b0b0b0f0f0
data/q1/Data/train/PNEUMONIA/PNEUMONIA(1100).jpg,PNEUMONIA,2,train,904,608,RGB,6f77070502d53db9b767ff1bd2650b8a,f9e5a4b0b0f0f0d4
data/q1/Data/train/PNEUMONIA/PNEUMONIA(1101).jpg,PNEUMONIA,2,train,936,424,RGB,8ad1682f4cf23a14b60bee96662e81e6,d0f0b0b0f0f0f0f0
data/q1/Data/train/PNEUMONIA/PNEUMONIA(1102).jpg,PNEUMONIA,2,train,1040,736,RGB,b32f947e37cd43f855f7a370d4a4ab50,f8f8d0f0f0f0e0f0
data/q1/Data/train/PNEUMONIA/PNEUMONIA(1104).jpg,PNEUMONIA,2,train,1148,677,RGB,a69cd7f155fbdc6be6c658f9f95988b0,70c4f4b0b0b0f0f0
data/q1/Data/train/PNEUMONIA/PNEUMONIA(1106).jpg,PNEUMONIA,2,train,1160,960,RGB,479a4186b244a7cdfebbb565ac6e87b4,7170b4b2b232f094
data/q1/Data/train/PNEUMONIA/PNEUMONIA(1107).jpg,PNEUMONIA,2,train,1288,984,RGB,9d834af74c64536e45f92d31604d30b6,38f0d4b2b2b0f0c4
data/q1/Data/train/PNEUMONIA/PNEUMONIA(1108).jpg,PNEUMONIA,2,train,1192,800,RGB,194259b2f5623111e04a1e1a65d0db43,60d492b2b2b0f0d0
data/q1/Data/train/PNEUMONIA/PNEUMONIA(1109).jpg,PNEUMONIA,2,train,1248,816,RGB,b1e24d449ddbd905e4dd3533ab158ce3,e8da989e9898b8c2
data/q1/Data/train/PNEUMONIA/PNEUMONIA(111).jpg,PNEUMONIA,2,train,1399,910,RGB,039f63a07079e1e5132a8012983f3afc,785adad8f8f8f0f0
data/q1/Data/train/PNEUMONIA/PNEUMONIA(1110).jpg,PNEUMONIA,2,train,1336,824,RGB,7b9f353d3be6a960f24ed1d83cf8ecfb,789494b2b2b2b2f0
data/q1/Data/train/PNEUMONIA/PNEUMONIA(1111).jpg,PNEUMONIA,2,train,1309,947,RGB,fec5d398b859de2bd6ff1a6462314b30,e896b2b0b0b0f0f0
data/q1/Data/train/PNEUMONIA/PNEUMONIA(1112).jpg,PNEUMONIA,2,train,984,672,RGB,18a07aba8d7c585bb6e12b2c03241bc4,71d5d0f0f0f0f0f2
data/q1/Data/train/PNEUMONIA/PNEUMONIA(1113).jpg,PNEUMONIA,2,train,904,600,RGB,f89ad50f7dd6f7a635c03c1aa7ddc61f,f092b2b2b8f8d8e0
data/q1/Data/train/PNEUMONIA/PNEUMONIA(1119).jpg,PNEUMONIA,2,train,1419,1195,RGB,131374bb14abacb880f27566f914d0a5,f09696b2b231f1f0
data/q1/Data/train/PNEUMONIA/PNEUMONIA(1120).jpg,PNEUMONIA,2,train,1816,1550,RGB,8d4e8a689ee760a6fe28b5aa976ffe2e,d2d0d4b4b2b0b8d0
data/q1/Data/train/PNEUMONIA/PNEUMONIA(1121).jpg,PNEUMONIA,2,train,1432,736,RGB,44055013a8aa70eadfdd682dd97066e9,f0b4b4b4b4b4f4d4
data/q1/Data/train/PNEUMONIA/PNEUMONIA(1122).jpg,PNEUMONIA,2,train,1448,928,RGB,a1e5318be7b3e8af9da5828fc27e5b8a,e0f4b4b4b0b0f0f0
data/q1/Data/train/PNEUMONIA/PNEUMONIA(1123).jpg,PNEUMONIA,2,train,1258,800,RGB,6300a2ef6f6f1c4a141248949bf1b38c,f890b2b2b0b0f8f8
data/q1/Data/train/PNEUMONIA/PNEUMONIA(1124).jpg,PNEUMONIA,2,train,1168,744,RGB,e70683076d8d3bdaca0525748044d5de,f0f0f0b0b0f0d0f4
data/q1/Data/train/PNEUMONIA/PNEUMONIA(1125).jpg,PNEUMONIA,2,train,1008,560,RGB,46718d59800b0fb96982792eec559700,f4f4f0f8f0f0f0e0
data/q1/Data/train/PNEUMONIA/PNEUMONIA(1127).jpg,PNEUMONIA,2,train,1152,920,RGB,811fedbcd7ddb9e3bba311f450233ba6,735555f0f0e0c0e4
data/q1/Data/train/PNEUMONIA/PNEUMONIA(1128).jpg,PNEUMONIA,2,train,1136,912,RGB,1f64a6b7db44a1a6423b3ab364ea9997,39f050787070f0e4
data/q1/Data/train/PNEUMONIA/PNEUMONIA(113).jpg,PNEUMONIA,2,train,1112,728,RGB,00b0eca4396f5e96a4a940c4d0924e14,61b4f4b0b0b0f0f0
data/q1/Data/train/PNEUMONIA/PNEUMONIA(1130).jpg,PNEUMONIA,2,train,1112,704,RGB,96904e2d42b01fb7e5625f532dc562f2,b2f0f8f0f0f0f0f0
data/q1/Data/train/PNEUMONIA/PNEUMONIA(1131).jpg,PNEUMONIA,2,train,1090,751,RGB,fa314e47efa0693d2e44411a7a41443c,f0d2f8b8b8b8d0f0
data/q1/Data/train/PNEUMONIA/PNEUMONIA(1132).jpg,PNEUMONIA,2,train,1056,544,RGB,0aaf8232e3b17e2c2aa3e50469651d94,e1f1d0f0f0f0f0f8
data/q1/Data/train/PNEUMONIA/PNEUMONIA(1133).jpg,PNEUMONIA,2,train,1265,928,RGB,812332f6f386a94166d6c268cde6fb55,e8d492b2b070f0c0
data/q1/Data/train/PNEUMONIA/PNEUMONIA(1134).jpg,PNEUMONIA,2,train,1708,1214,RGB,c7195cfb941bb65477ebc5343710597d,31d69292b2b0f0f0
data/q1/Data/train/PNEUMONIA/PNEUMONIA(1135).jpg,PNEUMONIA,2,train,1669,1245,RGB,6da82bf69e023217b25b5e64d056b873,76b4b6b2b2b0f0d2
data/q1/Data/train/PNEUMONIA/PNEUMONIA(1136).jpg,PNEUMONIA,2,train,1272,712,RGB,10c91d0fba785639bd86ded578885351,f0c4f0b0b0f0f0d0
data/q1/Data/train/PNEUMONIA/PNEUMONIA(1137).jpg,PNEUMONIA,2,train,1040,696,RGB,ffb61b100192fc13921636597eea549d,f0f0d2b0b0b0f0f0
data/q1/Data/train/PNEUMONIA/PNEUMONIA(1138).jpg,PNEUMONIA,2,train,1668,1195,RGB,fc2fb6d4a6044d9020a63de2f8bd3c93,e8d4b6b2b2b0d0d0
data/q1/Data/train/PNEUMONIA/PNEUMONIA(1139).jpg,PNEUMONIA,2,train,1168,776,RGB,1ed7e896776427504578f6b9a4e81fff,f1a094b4b0b0b0e0
data/q1/Data/train/PNEUMONIA/PNEUMONIA(1140).jpg,PNEUMONIA,2,train,976,616,RGB,91b9aaae7177028047e803f6586ce9c9,d0f2b2b2b0f0f0f0
data/q1/Data/train/PNEUMONIA/PNEUMONIA(1141).jpg,PNEUMONIA,2,train,1410,720,RGB,b1a23b4ab825e11efc508600187887c6,f8f4d4f0f0f0f0f0
data/q1/Data/train/PNEUMONIA/PNEUMONIA(1142).jpg,PNEUMONIA,2,train,1360,816,RGB,416fbcaacabc79b649d998ed223caf1b,e0b4b4b2b0b0f0d0
data/q1/Data/train/PNEUMONIA/PNEUMONIA(1143).jpg,PNEUMONIA,2,train,1040,640,RGB,7e0c28f68fc82f8e95b5c35fdd7885b0,f9d0f4f0f0f0c0dc
data/q1/Data/train/PNEUMONIA/PNEUMONIA(1144).jpg,PNEUMONIA,2,train,904,528,RGB,57160c663832cab2924c2802503771ee,e4a4a6b0b0b0f492
data/q1/Data/train/PNEUMONIA/PNEUMONIA(1145).jpg,PNEUMONIA,2,train,960,632,RGB,7ea326c20b8c06f961dfd6423a9a5147,e0f2b2f2f2f2f0f0
data/q1/Data/train/PNEUMONIA/PNEUMONIA(1146).jpg,PNEUMONIA,2,train,1448,1152,RGB,4fc438fb0697a57a811b2a24303f23e0,f89a9bb9b1b4b296
data/q1/Data/train/PNEUMONIA/PNEUMONIA(1147).jpg,PNEUMONIA,2,train,1456,1104,RGB,0641a2d97293e586cab9a4ad41afbdeb,e0a4a4a0a0a0d4d4
data/q1/Data/train/PNEUMONIA/PNEUMONIA(1148).jpg,PNEUMONIA,2,train,1272,936,RGB,a0c52b143e6bca74a46a8fe9a72c0e7b,f0d2d2d0b0b0f0f0
data/q1/Data/train/PNEUMONIA/PNEUMONIA(1149).jpg,PNEUMONIA,2,train,1296,968,RGB,6d4ff1997316f984a8b67bceee0eb54e,6371e5b4b0b0f0e0
data/q1/Data/train/PNEUMONIA/PNEUMONIA(115).jpg,PNEUMONIA,2,train,1088,688,RGB,94e420c08fe1776c2af62f1309d3d32d,30f4f0b0f0f0f0f0
data/q1/Data/train/PNEUMONIA/PNEUMONIA(1151).jpg,PNEUMONIA,2,train,2088,1840,RGB,76f8fd66ac3d34ec1a79498eee5c4d92,b1d2929292d0f0f0
data/q1/Data/train/PNEUMONIA/PNEUMONIA(1152).jpg,PNEUMONIA,2,train,1912,1768,RGB,91555d62731438f0ee90ed4b032dcb3d,a1d2b2b2b090c4b2
data/q1/Data/train/PNEUMONIA/PNEUMONIA(1154).jpg,PNEUMONIA,2,train,1056,896,RGB,75afd3f5194074ddd2bce95a4646dca3,70f0f0b0b0f0e0e0
data/q1/Data/train/PNEUMONIA/PNEUMONIA(1155).jpg,PNEUMONIA,2,train,1088,688,RGB,d677790e0f7d6faf3cc95d4fd1ff7d14,f8f0b0b0b0b0f0f4
data/q1/Data/train/PNEUMONIA/PNEUMONIA(1156).jpg,PNEUMONIA,2,train,1357,870,RGB,9f7bc78301f30e568a356c78916f9c7e,6094b6b2b2b0b8f0
data/q1/Data/train/PNEUMONIA/PNEUMONIA(1157).jpg,PNEUMONIA,2,train,1152,736,RGB,1157c98ec738d6d932fbbcbd9146cf91,f0d0f0b0a0e0e8e0
data/q1/Data/train/PNEUMONIA/PNEUMONIA(1158).jpg,PNEUMONIA,2,train,1072,768,RGB,4b929cec9dcbd7c4ec1a9fcfe1c2068c,f8d0b2b0a0e8ece0
data/q1/Data/train/PNEUMONIA/PNEUMONIA(1159).jpg,PNEUMONIA,2,train,1580,805,RGB,ef88e04cbe1712a89aceb916087471cc,f8d8d4d0b0b0f0e0
data/q1/Data/train/PNEUMONIA/PNEUMONIA(116).jpg,PNEUMONIA,2,train,856,568,RGB,8b0cc6b096bea496f1979898f4e069e8,f8b0b2b2b0f0f0f0
data/q1/Data/train/PNEUMONIA/PNEUMONIA(1161).jpg,PNEUMONIA,2,train,647,329,RGB,a2a5c134067b2b32ac9886349ff18128,bab8b0b0b034f0f4
data/q1/Data/train/PNEUMONIA/PNEUMONIA(1162).jpg,PNEUMONIA,2,train,1008,704,RGB,627e52565e55147228a083aa99c4016b,74b4b0f0b0b0f4f4
data/q1/Data/train/PNEUMONIA/PNEUMONIA(1164).jpg,PNEUMONIA,2,train,1088,856,RGB,a3007c6e5ac3f998440e1fe9c6eea86a,60f4b2b0b0b0f0e0
data/q1/Data/train/PNEUMONIA/PNEUMONIA(1167).jpg,PNEUMONIA,2,train,1152,728,RGB,827d5f3a7ace2b4fc8d75753b5e86f1c,e0e4d4f0b2b2f0f0
data/q1/Data/train/PNEUMONIA/PNEUMONIA(1168).jpg,PNEUMONIA,2,train,1320,824,RGB,a6d1aa61e5a7f7b887f514d4ad4e14cf,e0e4e4f4b0b0f0d4
data/q1/Data/train/PNEUMONIA/PNEUMONIA(1169).jpg,PNEUMONIA,2,train,1685,1160,RGB,d15020971e07a3292cac3b21f607eedd,78f4b4b2b2b0b0d2
data/q1/Data/train/PNEUMONIA/PNEUMONIA(117).jpg,PNEUMONIA,2,train,1091,650,RGB,2bfbd432a2467b3331d7310870ba535f,f0d4d6d2d0f0f8f0
data/q1/Data/train/PNEUMONIA/PNEUMONIA(1170).jpg,PNEUMONIA,2,train,1440,1168,RGB,259b5d3ed515688aee99ce9e03cc3224,b0f0d2f0f0b0f0d4
data/q1/Data/train/PNEUMONIA/PNEUMONIA(1174).jpg,PNEUMONIA,2,train,1600,1176,RGB,0b9b7fa30cd53b7670fc6042aca85c3e,f4f2f2f2f0f0d0d0
data/q1/Data/train/PNEUMONIA/PNEUMONIA(1176).jpg,PNEUMONIA,2,train,1352,992,RGB,160144581a71bbf6721b2178826fdf5e,f0f2f2b2b0b0f0f0
data/q1/Data/train/PNEUMONIA/PNEUMONIA(1178).jpg,PNEUMONIA,2,train,668,408,RGB,f609b60a46712a7abace9c8d32800920,92b2b0b0f0707171
data/q1/Data/train/PNEUMONIA/PNEUMONIA(1179).jpg,PNEUMONIA,2,train,1192,832,RGB,9f888b363fd72d713a2753f555fdd2db,e0e4e4e0e0e0e0e8
data/q1/Data/train/PNEUMONIA/PNEUMONIA(118).jpg,PNEUMONIA,2,train,1096,823,RGB,9c3881e24888b7a94c636a36d124463d,e0e8d0d2d2f8f8f0
data/q1/Data/train/PNEUMONIA/PNEUMONIA(1180).jpg,PNEUMONIA,2,train,1168,672,RGB,3c0845dd4b047c52f44d86620f00ccc7,e3d7d7b5b1b1e1e0
data/q1/Data/train/PNEUMONIA/PNEUMONIA(1181).jpg,PNEUMONIA,2,train,1088,656,RGB,f27c63d8cf87bc249c4961e2f2b5742d,e2e0a4b4b0b0b0e4
data/q1/Data/train/PNEUMONIA/PNEUMONIA(1182).jpg,PNEUMONIA,2,train,1104,680,RGB,d10945aea78f8f46410fb1682f305926,70f0d4d0f0b0b0f0
data/q1/Data/train/PNEUMONIA/PNEUMONIA(1183).jpg,PNEUMONIA,2,train,1056,664,RGB,053dcd3ab99667c0e57990c33f4c1b82,78f1d4f4b0b0f0d4
data/q1/Data/train/PNEUMONIA/PNEUMONIA(1184).jpg,PNEUMONIA,2,train,1024,728,RGB,6c5cc23e67bc973b0beabb29a268a437,71f1d4b0b0b0b0e0
data/q1/Data/train/PNEUMONIA/PNEUMONIA(1188).jpg,PNEUMONIA,2,train,1040,688,RGB,5614ed59863195868c429a18bf0c92f3,f194b4b0b0b0f0e4
data/q1/Data/train/PNEUMONIA/PNEUMONIA(1189).jpg,PNEUMONIA,2,train,1104,736,RGB,e3a56ed598f58deee42fdf8db891b8db,b150d2d2b2b2f2d0
data/q1/Data/train/PNEUMONIA/PNEUMONIA(119).jpg,PNEUMONIA,2,train,1266,920,RGB,c34fc2d57b95b53a6526a5caa4024589,f2d0b4b0f0f0e0c0
data/q1/Data/train/PNEUMONIA/PNEUMONIA(1190).jpg,PNEUMONIA,2,train,1304,960,RGB,eb85c5914347fb17b07bce8618f8c89a,f0d0f0f0f0f0e4c4
data/q1/Data/train/PNEUMONIA/PNEUMONIA(1191).jpg,PNEUMONIA,2,train,1240,904,RGB,63d5bb47521764da903a5929c5d841f4,f8d0f2b0b0f09286
data/q1/Data/train/PNEUMONIA/PNEUMONIA(1192).jpg,PNEUMONIA,2,train,663,431,RGB,3e6ed29ee1a8ddcdbafbc570de6d292b,b4b0b23070f0f0d2
data/q1/Data/train/PNEUMONIA/PNEUMONIA(1193).jpg,PNEUMONIA,2,train,1448,1032,RGB,ebb16fe152b85ce23e2e5834ab49ce68,f2f0a4b0f0f0e0d4
data/q1/Data/train/PNEUMONIA/PNEUMONIA(1194).jpg,PNEUMONIA,2,train,1064,512,RGB,0dfb025582ae3b5b82bd01fb079ff242,f4d4d0d8585870f4
data/q1/Data/train/PNEUMONIA/PNEUMONIA(1195).jpg,PNEUMONIA,2,train,1400,1032,RGB,631ad90259fae0a467c900ec2f6e4f0e,b0d6b4b4b0b0d0d4
data/q1/Data/train/PNEUMONIA/PNEUMONIA(1197).jpg,PNEUMONIA,2,train,1552,1144,RGB,af2b77707e4ceefa6435f09532b67ccc,f096b2b2b2b0f0f0
data/q1/Data/train/PNEUMONIA/PNEUMONIA(1198).jpg,PNEUMONIA,2,train,1520,904,RGB,f6f95a9c8bf7a3baa06df9b9d108cad9,d496b2b0b0b0f0d0
data/q1/Data/train/PNEUMONIA/PNEUMONIA(1199).jpg,PNEUMONIA,2,train,1504,1096,RGB,3c754afb1a51182858a8cda377ffdc71,e2f4b6b2b2b0b0f4
data/q1/Data/train/PNEUMONIA/PNEUMONIA(12).jpg,PNEUMONIA,2,train,1044,664,RGB,08eeeeeaf0dc331c3129d2f8a4efcfa9,d0d2b2b0b0f0f0d0
data/q1/Data/train/PNEUMONIA/PNEUMONIA(120).jpg,PNEUMONIA,2,train,952,800,RGB,5960933e1f45ce48076e2f72eb1ca88d,b0d2b2b0b0f0d0d0
data/q1/Data/train/PNEUMONIA/PNEUMONIA(1200).jpg,PNEUMONIA,2,train,1754,1395,RGB,6a30455e63ba0de5c53f75fd9d3ba056,a39692b2b0b0f0d4
data/q1/Data/train/PNEUMONIA/PNEUMONIA(1204).jpg,PNEUMONIA,2,train,955,696,RGB,66df824b6cd7577e1b004472808c1144,f4d4d2b0b0f0f0f8
data/q1/Data/train/PNEUMONIA/PNEUMONIA(1206).jpg,PNEUMONIA,2,train,1328,968,RGB,600bdf25006544caddca93c9cacf712c,f0b0a4b4b430f0e0
data/q1/Data/train/PNEUMONIA/PNEUMONIA(1208).jpg,PNEUMONIA,2,train,1272,824,RGB,2b2af2409e443acf7bc454bb5714a227,79d4d0b0b0b0f0f0
data/q1/Data/train/PNEUMONIA/PNEUMONIA(1209).jpg,PNEUMONIA,2,train,864,520,RGB,2d99efe1120b4010fb14adf2a4eff25f,60f4b4b2b2b0b0f0
data/q1/Data/train/PNEUMONIA/PNEUMONIA(121).jpg,PNEUMONIA,2,train,1104,632,RGB,9f8bfd0022e976f58e3ac8fd7305894c,6234b4b0b0b0f0f0
data/q1/Data/train/PNEUMONIA/PNEUMONIA(1210).jpg,PNEUMONIA,2,train,1136,744,RGB,1c11f215cffb7940c8a2b909be0be6bf,d092b2b2b2b290b0
data/q1/Data/train/PNEUMONIA/PNEUMONIA(1211).jpg,PNEUMONIA,2,train,1272,952,RGB,7be6ce1a837369843f5b2e7802b1b5a4,70f4f4b0b0f0e0e4
data/q1/Data/train/PNEUMONIA/PNEUMONIA(1212).jpg,PNEUMONIA,2,train,1416,856,RGB,a2cf01fa2cb4a2613e0490b0f6f6045d,e0d4f4b4b0f0e0a4
data/q1/Data/train/PNEUMONIA/PNEUMONIA(1213).jpg,PNEUMONIA,2,train,1304,1024,RGB,11ca5c3acd5de8e5d3c9fdeab6f08811,f8d8d2f0f8f0f0e4
data/q1/Data/train/PNEUMONIA/PNEUMONIA(1214).jpg,PNEUMONIA,2,train,1296,728,RGB,dcadfdbb7bf05a24c1d43a0cfac04ba1,f1d0d4f0b0b0f0f0
data/q1/Data/train/PNEUMONIA/PNEUMONIA(1215).jpg,PNEUMONIA,2,train,1224,672,RGB,db3273569490c96fb50afb59bbce7ceb,f1d0d290b0b0f0f0
data/q1/Data/train/PNEUMONIA/PNEUMONIA(1216).jpg,PNEUMONIA,2,train,1080,728,RGB,b0f97731cacd2a3b50097607fb634ac6,71d0f0f0b0b0b8f8
data/q1/Data/train/PNEUMONIA/PNEUMONIA(1217).jpg,PNEUMONIA,2,train,1680,1232,RGB,a616312165380eae69b03b22c558eb8c,f8f0b2b4b4f4d4d4
data/q1/Data/train/PNEUMONIA/PNEUMONIA(1218).jpg,PNEUMONIA,2,train,1376,936,RGB,763d76ca70dee0921f150c8999ead076,f0d4d4b0b0b4d494
data/q1/Data/train/PNEUMONIA/PNEUMONIA(1219).jpg,PNEUMONIA,2,train,1304,1224,RGB,2194f6ee307cfad291f4fcbf7f0a1366,f0f2b2b0b8d8b494
data/q1/Data/train/PNEUMONIA/PNEUMONIA(122).jpg,PNEUMONIA,2,train,1232,976,RGB,4ca8ef6f9e2cdc725e794344bb25370a,73e0b4b2b2b0f0d2
data/q1/Data/train/PNEUMONIA/PNEUMONIA(1221).jpg,PNEUMONIA,2,train,1248,824,RGB,31cdf0927eee1c32b1c337107d60f51b,e8e2b2bab8b8b8f0
data/q1/Data/train/PNEUMONIA/PNEUMONIA(1222).jpg,PNEUMONIA,2,train,1336,912,RGB,539e33dc8428b0899ead0da20351214c,d09a989898f0d0b4
data/q1/Data/train/PNEUMONIA/PNEUMONIA(1223).jpg,PNEUMONIA,2,train,1296,1000,RGB,2ec482674d8d765700a82c7d6659d3a9,6cd89a9ab8b8d090
data/q1/Data/train/PNEUMONIA/PNEUMONIA(1225).jpg,PNEUMONIA,2,train,1256,872,RGB,f8eb9ef542aa1cb93ad4422e23e0aa3e,f090b0b0b0f0f0f0
data/q1/Data/train/PNEUMONIA/PNEUMONIA(1226).jpg,PNEUMONIA,2,train,1192,688,RGB,ef5b4ddacab357fc8c00af10ddb49b56,e1a5b4b4b0b0f0d0
data/q1/Data/train/PNEUMONIA/PNEUMONIA(1227).jpg,PNEUMONIA,2,train,888,704,RGB,c4116b958caa1b1eb6d8db1c49ddef50,d092b2b230b0f0e0
data/q1/Data/train/PNEUMONIA/PNEUMONIA(1231).jpg,PNEUMONIA,2,train,1016,640,RGB,b7615876f05ba37a23db3362ddfc2c96,e1b4b6b2b2b0f0f0
data/q1/Data/train/PNEUMONIA/PNEUMONIA(1232).jpg,PNEUMONIA,2,train,1224,1008,RGB,7600e23d43fe9a60835a113f33a163a7,f8d8d2b2b0b0d0d0
data/q1/Data/train/PNEUMONIA/PNEUMONIA(1234).jpg,PNEUMONIA,2,train,981,663,RGB,15b3010b3836afaed55a264618a95601,92bab0b0f1f4d096
data/q1/Data/train/PNEUMONIA/PNEUMONIA(1235).jpg,PNEUMONIA,2,train,1568,1184,RGB,8185ef56946dc199a4b02ac482f5e2d0,68b4b6b6b2b2b0f0
data/q1/Data/train/PNEUMONIA/PNEUMONIA(1236).jpg,PNEUMONIA,2,train,1732,1424,RGB,e7a477d45b7e940cf1a21c7a2fcda9e0,70b4b2b2b0b0f0f8
data/q1/Data/train/PNEUMONIA/PNEUMONIA(1237).jpg,PNEUMONIA,2,train,1432,1304,RGB,d5ddbe2682ef3044b9bb2112d505bb48,f6b6b2b0f1b1f0e4
data/q1/Data/train/PNEUMONIA/PNEUMONIA(1239).jpg,PNEUMONIA,2,train,1168,872,RGB,4fc86cb624953b8fa339b6667415946a,f0f0d4f0f0d0c0d0
data/q1/Data/train/PNEUMONIA/PNEUMONIA(1240).jpg,PNEUMONIA,2,train,992,528,RGB,65675c725d10ce71040abae794f29276,d0d0f0f0b0b2d0d0
data/q1/Data/train/PNEUMONIA/PNEUMONIA(1241).jpg,PNEUMONIA,2,train,1008,536,RGB,fc84f6a48343ca7a9b382794cbc5b6d4,e0e4d4f0f0f0b0f0
data/q1/Data/train/PNEUMONIA/PNEUMONIA(1242).jpg,PNEUMONIA,2,train,1224,824,RGB,3c709867eab68b16571090626ea934db,e8e0f1f1f0f0c0f0
data/q1/Data/train/PNEUMONIA/PNEUMONIA(1243).jpg,PNEUMONIA,2,train,1008,600,RGB,aad4ef6280f4b96edba76003002579e7,b0d4f4f0f0b0b2d0
data/q1/Data/train/PNEUMONIA/PNEUMONIA(1244).jpg,PNEUMONIA,2,train,1176,776,RGB,fd51d5a481c871d6208ab6729b70a6a4,f0f4f4f0f0f0c0c0
data/q1/Data/train/PNEUMONIA/PNEUMONIA(1245).jpg,PNEUMONIA,2,train,960,520,RGB,e8952ce6e0c9b50b5830ab1350513fff,64e4f0f0e0f0f0f0
data/q1/Data/train/PNEUMONIA/PNEUMONIA(1246).jpg,PNEUMONIA,2,train,1656,1008,RGB,8f478c11e8bd4b59712edaca47fa4ca5,329494b4b0b0f0d0
data/q1/Data/train/PNEUMONIA/PNEUMONIA(1247).jpg,PNEUMONIA,2,train,1232,768,RGB,6008e54a8c419a847fa3d9348d2dfbdc,7074d292b0d8d8f8
data/q1/Data/train/PNEUMONIA/PNEUMONIA(1249).jpg,PNEUMONIA,2,train,1088,776,RGB,bedfb1e3bf4d8ec4a85b09555d2a8136,f4b4b2b2b0f0f0c0
data/q1/Data/train/PNEUMONIA/PNEUMONIA(125).jpg,PNEUMONIA,2,train,1344,912,RGB,dbc51ed1cf2f0b43aa35e564d7cd39aa,f8d0d6b2b2b2f0e0
data/q1/Data/train/PNEUMONIA/PNEUMONIA(1251).jpg,PNEUMONIA,2,train,1504,1208,RGB,16d6dcba70c13875e55ab38ceea98c72,f2d4b4b2b2f2c0e4
data/q1/Data/train/PNEUMONIA/PNEUMONIA(1253).jpg,PNEUMONIA,2,train,1776,1352,RGB,33e472c8630cef567bce460b650e8419,b19292b2f0f0d4d4
data/q1/Data/train/PNEUMONIA/PNEUMONIA(1254).jpg,PNEUMONIA,2,train,1752,1176,RGB,58ebb7e9863f47721d5f20d14e734b11,e2b4b4b4b0b0f0d0
data/q1/Data/train/PNEUMONIA/PNEUMONIA(1257).jpg,PNEUMONIA,2,train,1664,1088,RGB,2bfae9dbddf39bacba441c2854823c91,f294b4b4b0b0b0d4
data/q1/Data/train/PNEUMONIA/PNEUMONIA(1258).jpg,PNEUMONIA,2,train,1416,1176,RGB,7542809a1ed53675459a679b2e96f05b,71b2b2b2b0b0b0b2
data/q1/Data/train/PNEUMONIA/PNEUMONIA(1259).jpg,PNEUMONIA,2,train,1568,1112,RGB,c5c6e4bc997785c0956061087ab5b3c8,3998b2b2b2b2b0b0
data/q1/Data/train/PNEUMONIA/PNEUMONIA(126).jpg,PNEUMONIA,2,train,1272,1128,RGB,5f0132ba6250a7e6397391c4e1d460e4,73b2b2b2f070f4d0
data/q1/Data/train/PNEUMONIA/PNEUMONIA(1260).jpg,PNEUMONIA,2,train,1552,1064,RGB,c2985664dbd4a6a763718e2d720178fe,f0f4b2b2b2b0b0d4
data/q1/Data/train/PNEUMONIA/PNEUMONIA(1261).jpg,PNEUMONIA,2,train,1738,1328,RGB,c343de17b19f6f12a20f0c516629fe88,b2d0d4b4b0f0d0f0
data/q1/Data/train/PNEUMONIA/PNEUMONIA(1263).jpg,PNEUMONIA,2,train,1542,1336,RGB,0510387d4932fbd2d82b95982a1bf534,b2d4b4b0f0f0e0e4
data/q1/Data/train/PNEUMONIA/PNEUMONIA(1264).jpg,PNEUMONIA,2,train,968,584,RGB,2cb776d15de22fc09b433d1e54c84abc,71d0f2b0b0b0f0f0
data/q1/Data/train/PNEUMONIA/PNEUMONIA(1265).jpg,PNEUMONIA,2,train,992,608,RGB,106e1752136f7e4de5d2bceac93ae5fc,797072b0b0b0f0f0
data/q1/Data/train/PNEUMONIA/PNEUMONIA(1267).jpg,PNEUMONIA,2,train,1264,880,RGB,d4cc1ab4708e7db2576684688d9dd8e7,289696b2b292b296
data/q1/Data/train/PNEUMONIA/PNEUMONIA(1269).jpg,PNEUMONIA,2,train,1123,808,RGB,5a2d2b94815df03af963e5be9d25494f,e0d0d8b8b8f8f0e0
data/q1/Data/train/PNEUMONIA/PNEUMONIA(1270).jpg,PNEUMONIA,2,train,1312,648,RGB,b24a8693f827cb7829665f9a6a07f56a,f0f8f0f0f0f0f0f0
data/q1/Data/train/PNEUMONIA/PNEUMONIA(1271).jpg,PNEUMONIA,2,train,1360,1040,RGB,11e122a5d5667ae76c342935e4e27856,b2d0d2b2b0f0d0c4
data/q1/Data/train/PNEUMONIA/PNEUMONIA(1273).jpg,PNEUMONIA,2,train,1376,1208,RGB,4d6f032d33545fefb2c4d85481041daa,b1d292b2b2b0f0e0
data/q1/Data/train/PNEUMONIA/PNEUMONIA(1274).jpg,PNEUMONIA,2,train,1360,936,RGB,9ff49cd160b0734de245172eaa0355ca,f8f4b6b2b230f0f0
data/q1/Data/train/PNEUMONIA/PNEUMONIA(1276).jpg,PNEUMONIA,2,train,1137,752,RGB,d806fbbd012008618d890e8111adc003,d096b2b2f270f0e0
data/q1/Data/train/PNEUMONIA/PNEUMONIA(1277).jpg,PNEUMONIA,2,train,1328,984,RGB,c9cded49a9d5d5a50396adf43c25a48e,63b4b4b4b2b0f0d0
data/q1/Data/train/PNEUMONIA/PNEUMONIA(1278).jpg,PNEUMONIA,2,train,1376,824,RGB,bb81e5ae085ec43f497a618a83e7becb,a4b4b4b0b0f0f0f4
data/q1/Data/train/PNEUMONIA/PNEUMONIA(1279).jpg,PNEUMONIA,2,train,1852,1640,RGB,12bd188a6fd5563e7958d479623e6339,d896b2b2b2b0f0d0
data/q1/Data/train/PNEUMONIA/PNEUMONIA(128).jpg,PNEUMONIA,2,train,1136,904,RGB,ee21d36314634bccc2a1dde62fc0c5ff,f0b0b0b0b0f0e0e4
data/q1/Data/train/PNEUMONIA/PNEUMONIA(1281).jpg,PNEUMONIA,2,train,1256,984,RGB,5e0a28224727eb339f39b05a11af31e2,70f0b4b4b0f0e4c4
data/q1/Data/train/PNEUMONIA/PNEUMONIA(1283).jpg,PNEUMONIA,2,train,824,424,RGB,b150f2ba2778a29c92c60c80fd0dd797,e0e0f5b5b0b0f0f0
data/q1/Data/train/PNEUMONIA/PNEUMONIA(1284).jpg,PNEUMONIA,2,train,1368,984,RGB,f1869c0eb9af473575893cfde447c444,b0d0d4d0f0f0f8d0
data/q1/Data/train/PNEUMONIA/PNEUMONIA(1285).jpg,PNEUMONIA,2,train,1171,704,RGB,65cd99f6da60c3df889fc3717a2097b2,64f4b2b2b0b8b8f8
data/q1/Data/train/PNEUMONIA/PNEUMONIA(1286).jpg,PNEUMONIA,2,train,869,776,RGB,db32fa7ad0672358b7f3ef6ef5ea1f3b,f0b4f0f070f0f0d0
data/q1/Data/train/PNEUMONIA/PNEUMONIA(1287).jpg,PNEUMONIA,2,train,1438,1208,RGB,afdb65f483951384cb7603f5ac6a141b,b0d4d2f8f8f8f8f8
data/q1/Data/train/PNEUMONIA/PNEUMONIA(1289).jpg,PNEUMONIA,2,train,1232,904,RGB,209628024ee43e64b4da23fa8f6b2d03,f1d4b4b2b0b0e0a4
data/q1/Data/train/PNEUMONIA/PNEUMONIA(129).jpg,PNEUMONIA,2,train,987,624,RGB,bdabd58d743412ae64fb7d7677977f8b,d0d292b2b0b8f1f0
data/q1/Data/train/PNEUMONIA/PNEUMONIA(1290).jpg,PNEUMONIA,2,train,1008,520,RGB,ce5cad7e72b9880bdc7b1c59a4fc0e01,e2b4b4b6b2b2b0b0
data/q1/Data/train/PNEUMONIA/PNEUMONIA(1291).jpg,PNEUMONIA,2,train,1248,784,RGB,d0d06180d7940f85ac6fc64fafe0646e,e0e4f4f0b0b0f0d4
data/q1/Data/train/PNEUMONIA/PNEUMONIA(1293).jpg,PNEUMONIA,2,train,1632,1136,RGB,43e51cbf6bb899a7ea63249cf6a37e74,a8d292b2b2b2f0d0
data/q1/Data/train/PNEUMONIA/PNEUMONIA(1294).jpg,PNEUMONIA,2,train,1664,1264,RGB,936dca04da689d7ac7c28a5ba431c667,b2f49292b2b0f0c4
data/q1/Data/train/PNEUMONIA/PNEUMONIA(1296).jpg,PNEUMONIA,2,train,1159,848,RGB,923aed0bd1e4560416de7ae42c7c9e9c,f8d692b2b2b0f0f0
data/q1/Data/train/PNEUMONIA/PNEUMONIA(1297).jpg,PNEUMONIA,2,train,1216,816,RGB,fa549c585a163cf10aac868b8ed98dd8,e1a4b4b4b0b0f0c0
data/q1/Data/train/PNEUMONIA/PNEUMONIA(1298).jpg,PNEUMONIA,2,train,1157,888,RGB,5bfe856d26e1f21dc14d617d989587f3,e9d092b2b2b2f0e0
data/q1/Data/train/PNEUMONIA/PNEUMONIA(13).jpg,PNEUMONIA,2,train,1240,792,RGB,970722118eed69c974f131342e05124e,f1f0d4d0d0f0f0f0
data/q1/Data/train/PNEUMONIA/PNEUMONIA(130).jpg,PNEUMONIA,2,train,1368,1120,RGB,650b89f0efac92e7aee585890f2a1e23,b1f0b2b0b0f4d496
data/q1/Data/train/PNEUMONIA/PNEUMONIA(1300).jpg,PNEUMONIA,2,train,1216,792,RGB,496f48816542eafcd680046675e993dc,7135b4b0b0b0d0d4
data/q1/Data/train/PNEUMONIA/PNEUMONIA(1301).jpg,PNEUMONIA,2,train,1240,952,RGB,5984daa36a23d10976b796ea275acd26,f8d096b2b2b2f084
data/q1/Data/train/PNEUMONIA/PNEUMONIA(1302).jpg,PNEUMONIA,2,train,1184,712,RGB,e7d3a8a92f3777a17aa44bc412598ab8,d09492b2b0b0b0e0
data/q1/Data/train/PNEUMONIA/PNEUMONIA(1303).jpg,PNEUMONIA,2,train,1115,768,RGB,42b72dcc0cc2e9d404a0e475f96e142c,f8d4d69292f0e0e6
data/q1/Data/train/PNEUMONIA/PNEUMONIA(1304).jpg,PNEUMONIA,2,train,1026,760,RGB,c1f86b9d3c34010b0ed51619b23b8a4c,f8d492b2b0b0b1f0
data/q1/Data/train/PNEUMONIA/PNEUMONIA(1308).jpg,PNEUMONIA,2,train,1192,760,RGB,3a21d529a354fcaa34f7192a3a6ce2ff,71f0d4f4f0f0f0d0
data/q1/Data/train/PNEUMONIA/PNEUMONIA(1309).jpg,PNEUMONIA,2,train,1232,824,RGB,5d794f7138f200afcd6d87c354532902,f0f0f4f4f0f0f0d4
data/q1/Data/train/PNEUMONIA/PNEUMONIA(131).jpg,PNEUMONIA,2,train,952,560,RGB,0f87ad7aaebf378e7e955b7810dee9f3,f4b4b0b0b0b0f0f2
data/q1/Data/train/PNEUMONIA/PNEUMONIA(1310).jpg,PNEUMONIA,2,train,1120,648,RGB,0f5d83a2680091c1ecc3456e9e68338a,50d0f0f0f0f2f0d0
data/q1/Data/train/PNEUMONIA/PNEUMONIA(1311).jpg,PNEUMONIA,2,train,1136,752,RGB,5b56911c7468bf7bc2b2c8365554b5c5,f8d8d0f2b0f2f0e4
data/q1/Data/train/PNEUMONIA/PNEUMONIA(1312).jpg,PNEUMONIA,2,train,1349,936,RGB,f48ff03727231e244cb61ee6327d0c30,f8d8d2d2b2b2b2d8
data/q1/Data/train/PNEUMONIA/PNEUMONIA(1313).jpg,PNEUMONIA,2,train,1339,1032,RGB,26a013a35870c8cbaff4a951aec969a1,e0d4b6b2b0f0f0f0
data/q1/Data/train/PNEUMONIA/PNEUMONIA(1314).jpg,PNEUMONIA,2,train,1336,752,RGB,98d6a40d19ad7c9459a89e9caa85de70,e4b4b0b0b0b0f0c4
data/q1/Data/train/PNEUMONIA/PNEUMONIA(1315).jpg,PNEUMONIA,2,train,998,632,RGB,ca33ab36e9ae7f3c07a8282936b12ca4,f4d2b0b0b8f0c2c0
data/q1/Data/train/PNEUMONIA/PNEUMONIA(1316).jpg,PNEUMONIA,2,train,1242,864,RGB,859c79fdf540dc9570e9ef3f8ed60dd2,e0ccd4b0f0f0f0e0
data/q1/Data/train/PNEUMONIA/PNEUMONIA(1317).jpg,PNEUMONIA,2,train,1310,936,RGB,e7f073cc468b3eb095757dcf6c661feb,b2d4f4b0b0b0f0e4
data/q1/Data/train/PNEUMONIA/PNEUMONIA(1318).jpg,PNEUMONIA,2,train,1141,800,RGB,cb27d3028d57f3b458f3f26c72f70677,b0d0d0b2b0f0d0f0
data/q1/Data/train/PNEUMONIA/PNEUMONIA(1319).jpg,PNEUMONIA,2,train,1208,1056,RGB,48eda59f0ef7774e543b4dfd5f1af9ea,f8d092b2b0f1e0c2
data/q1/Data/train/PNEUMONIA/PNEUMONIA(132).jpg,PNEUMONIA,2,train,1248,1016,RGB,0d6054d2ac8398f2b873a5a25a268b53,79f092b2b2b490b2
data/q1/Data/train/PNEUMONIA/PNEUMONIA(1320).jpg,PNEUMONIA,2,train,920,552,RGB,cc4ad92fe6dddce80a17830cb7d4c09d,e8e2d2d2dad2d0d0
data/q1/Data/train/PNEUMONIA/PNEUMONIA(1321).jpg,PNEUMONIA,2,train,920,648,RGB,6c9cce9e048d25059b3eedb1a55f9b34,e1e1a5b1b0b0e0e0
data/q1/Data/train/PNEUMONIA/PNEUMONIA(1322).jpg,PNEUMONIA,2,train,888,672,RGB,f56e91cdc2b71e0136cfca8ea5aabad9,70f0f4b0b0f0d0c0
data/q1/Data/train/PNEUMONIA/PNEUMONIA(1324).jpg,PNEUMONIA,2,train,1792,1600,RGB,46c8bc7e6d8ea8e0b6157a7544cff443,3192b6b2b2b0b0f0
data/q1/Data/train/PNEUMONIA/PNEUMONIA(1326).jpg,PNEUMONIA,2,train,1256,976,RGB,200cba25187a9cf382836ff2a948b022,f0d4b2b2b0b0e096
data/q1/Data/train/PNEUMONIA/PNEUMONIA(1328).jpg,PNEUMONIA,2,train,1456,1312,RGB,6041c4bd05308631b0803009ac80571d,39b0b2b2b230f0d0
data/q1/Data/train/PNEUMONIA/PNEUMONIA(1329).jpg,PNEUMONIA,2,train,1200,808,RGB,f8f144868a78c23388414bc472c2123c,72f0d0d2d8d8f8e2
data/q1/Data/train/PNEUMONIA/PNEUMONIA(133).jpg,PNEUMONIA,2,train,1333,792,RGB,1e8dbbc0472766a3c67818a64f6fb03e,d4d4b0b2b0b0f0f0
data/q1/Data/train/PNEUMONIA/PNEUMONIA(1330).jpg,PNEUMONIA,2,train,1389,864,RGB,c142575184bd406c2624469c87533066,e0d4b4b0b0f0f0f0
data/q1/Data/train/PNEUMONIA/PNEUMONIA(1332).jpg,PNEUMONIA,2,train,1027,584,RGB,41ed0cfeec8c356114dcab1fd2953d5b,d8d0f2b2b0f0f0d4
data/q1/Data/train/PNEUMONIA/PNEUMONIA(1333).jpg,PNEUMONIA,2,train,1464,808,RGB,48ad4c02ed9f77f9e37225e148d33a3f,f0f49492b2b0b8f8
data/q1/Data/train/PNEUMONIA/PNEUMONIA(1334).jpg,PNEUMONIA,2,train,1719,1095,RGB,faeaad6fcd5581619489ad1b787b2ac8,32ecd492b2b0f0d0
data/q1/Data/train/PNEUMONIA/PNEUMONIA(1336).jpg,PNEUMONIA,2,train,1320,1000,RGB,2ee1b0bef3c0643a43b0713128e52eec,c0e4b4b0b0b0f0d2
data/q1/Data/train/PNEUMONIA/PNEUMONIA(1337).jpg,PNEUMONIA,2,train,1472,944,RGB,18c04f36f8638947372d3d90755b70e4,e8d696b2b2b0f0f0
data/q1/Data/train/PNEUMONIA/PNEUMONIA(1338).jpg,PNEUMONIA,2,train,1269,1080,RGB,a2f85668c0fcc13e8107a74ab47c7a28,f0d4b2b0b9b9f0f2
data/q1/Data/train/PNEUMONIA/PNEUMONIA(134).jpg,PNEUMONIA,2,train,1537,881,RGB,3d07ad81656f0c439a04056ae41f341b,d0d4b2b2b2b0f0c0
data/q1/Data/train/PNEUMONIA/PNEUMONIA(1340).jpg,PNEUMONIA,2,train,1086,728,RGB,39b7192d6d720e87df080a8add04d1f4,f8d4b2b2b0b0f0f4
data/q1/Data/train/PNEUMONIA/PNEUMONIA(1341).jpg,PNEUMONIA,2,train,1128,704,RGB,9859f6a8fc7543fb49cfb9f6d61a63cf,f8d0d0d0f0f0d0c4
data/q1/Data/train/PNEUMONIA/PNEUMONIA(1342).jpg,PNEUMONIA,2,train,2192,2272,RGB,4570a4fbb1e7fdca3da8e6b3ec527147,7136b6b2b2b0f0f4
data/q1/Data/train/PNEUMONIA/PNEUMONIA(1343).jpg,PNEUMONIA,2,train,2056,2104,RGB,5e22b290e89b01780dbe637b01306307,613632323230f0f0
data/q1/Data/train/PNEUMONIA/PNEUMONIA(1344).jpg,PNEUMONIA,2,train,1856,1496,RGB,5fd02f349e236761f02be5dbf08f7336,f53632323230b0d0
data/q1/Data/train/PNEUMONIA/PNEUMONIA(1345).jpg,PNEUMONIA,2,train,2008,2096,RGB,36cb3eddc4dc71d88e2c4476b68eb81d,70b333b2b0b0f0f0
data/q1/Data/train/PNEUMONIA/PNEUMONIA(1346).jpg,PNEUMONIA,2,train,1693,1152,RGB,9c6def490952aac8cf51416a22028de5,f2d4d4f0b0b0f0c0
data/q1/Data/train/PNEUMONIA/PNEUMONIA(1348).jpg,PNEUMONIA,2,train,920,544,RGB,9d61f20e5a519ea20f8eedaeec5d72ff,70d4d0f0b0b0f0d4
data/q1/Data/train/PNEUMONIA/PNEUMONIA(1352).jpg,PNEUMONIA,2,train,1014,552,RGB,6d088b18c4553a85a44281f860967c82,f0d2dad098b8f0f4
data/q1/Data/train/PNEUMONIA/PNEUMONIA(1354).jpg,PNEUMONIA,2,train,1381,1048,RGB,c804691939ce58b0c6ead04298cb9449,e0d0d4f0f0f0e0d4
data/q1/Data/train/PNEUMONIA/PNEUMONIA(1355).jpg,PNEUMONIA,2,train,1416,960,RGB,8235b108e7548d4373ed741c5fe52947,6074b4b2b0b0f0f0
data/q1/Data/train/PNEUMONIA/PNEUMONIA(1356).jpg,PNEUMONIA,2,train,1320,1032,RGB,5a1df8eb5b135ccfd78c6a9d044dfecf,4a1496b2b290b4d2
data/q1/Data/train/PNEUMONIA/PNEUMONIA(1357).jpg,PNEUMONIA,2,train,1557,1218,RGB,263e8f06d193b61798a20e8a4dbea3fe,e2d092b2b2f0f0f0
data/q1/Data/train/PNEUMONIA/PNEUMONIA(1358).jpg,PNEUMONIA,2,train,1182,728,RGB,66c315f3ca1ad9a3586ddc8c2282ef7e,f4b6b2b0b0f8f0f0
data/q1/Data/train/PNEUMONIA/PNEUMONIA(1359).jpg,PNEUMONIA,2,train,1448,1176,RGB,0320d79ca2f1d078d95fc6d2a0400c88,72d4b4b4b0b0f4d4
data/q1/Data/train/PNEUMONIA/PNEUMONIA(1362).jpg,PNEUMONIA,2,train,1376,952,RGB,f78e894d4822dbb94de8eeca83d78868,f9d0d4b0b0b0c0e4
data/q1/Data/train/PNEUMONIA/PNEUMONIA(1363).jpg,PNEUMONIA,2,train,1424,1016,RGB,994a0680776cd920d7843b9803ad88ac,70d0d4b2b2f2d0d0
data/q1/Data/train/PNEUMONIA/PNEUMONIA(1365).jpg,PNEUMONIA,2,train,1136,864,RGB,bcdf7f011e8b45c6bf59bb8562c4e46e,fcd8dad2b8f0f0f0
data/q1/Data/train/PNEUMONIA/PNEUMONIA(1366).jpg,PNEUMONIA,2,train,1248,824,RGB,ecba616d0ce6377f1d9f323b817d9d30,e094b4b0b0b2f0d0
data/q1/Data/train/PNEUMONIA/PNEUMONIA(1368).jpg,PNEUMONIA,2,train,1112,568,RGB,8e940b605cdc31f73ffdcbd5b00f7819,f8d0d0f0f0f0f0f0
data/q1/Data/train/PNEUMONIA/PNEUMONIA(1369).jpg,PNEUMONIA,2,train,1144,736,RGB,d789ad7c0522a9bb10534c8d3a23ce7e,f8d494b0b0b0f0d4
data/q1/Data/train/PNEUMONIA/PNEUMONIA(1372).jpg,PNEUMONIA,2,train,1688,1136,RGB,33872ee6162c6a6085eb4e9ccb525202,f0b4b4f0f0f0f4d4
data/q1/Data/train/PNEUMONIA/PNEUMONIA(1374).jpg,PNEUMONIA,2,train,1696,1736,RGB,5212420afe577a4b3d9685d732b3f187,ba92b2b8f8f8f0d8
data/q1/Data/train/PNEUMONIA/PNEUMONIA(1375).jpg,PNEUMONIA,2,train,1592,1728,RGB,6a4cbf71ab438cc67445e20fe5db788f,31d0b032323090a0
data/q1/Data/train/PNEUMONIA/PNEUMONIA(1376).jpg,PNEUMONIA,2,train,1408,1184,RGB,db8de52f3b4948a401a5c89fd87fb467,f090b2b0b0f0f094
data/q1/Data/train/PNEUMONIA/PNEUMONIA(1377).jpg,PNEUMONIA,2,train,856,528,RGB,bfbae7322021ac3450e736eb8f65f7b0,71a4b4b4b4b4f0c4
data/q1/Data/train/PNEUMONIA/PNEUMONIA(1378).jpg,PNEUMONIA,2,train,1224,976,RGB,a380c99a43fb3c3d9571e3ce43b0aa4f,d092b2b070f0f0b0
data/q1/Data/train/PNEUMONIA/PNEUMONIA(1379).jpg,PNEUMONIA,2,train,1184,1128,RGB,4d1033a5b1973c6d1efc584d170fed85,7178b2b2b0f0f0f0
data/q1/Data/train/PNEUMONIA/PNEUMONIA(138).jpg,PNEUMONIA,2,train,1008,680,RGB,ede0d987b6ad6c8ad474d0209efad3f1,75d2f0f0f0f0f0cc
data/q1/Data/train/PNEUMONIA/PNEUMONIA(1380).jpg,PNEUMONIA,2,train,1312,792,RGB,6000be9ddff370ae84985f68baa7bb99,f0b6b0b0b4f4f0f0
data/q1/Data/train/PNEUMONIA/PNEUMONIA(1381).jpg,PNEUMONIA,2,train,1531,1064,RGB,cfa570b6a08ccde6a55a51aae336f457,30b4b4b0b0b0f0d0
data/q1/Data/train/PNEUMONIA/PNEUMONIA(1382).jpg,PNEUMONIA,2,train,1532,856,RGB,76793fbe931dc3eed573095a832518af,f4d4d0d2f0f8f8f8
data/q1/Data/train/PNEUMONIA/PNEUMONIA(1383).jpg,PNEUMONIA,2,train,1448,1008,RGB,26e36f910b0f4e2cee8ca72c1d4198b9,b4b6b2b2b0b0f0d4
data/q1/Data/train/PNEUMONIA/PNEUMONIA(1385).jpg,PNEUMONIA,2,train,1624,1312,RGB,1b57d5ab87164f8523883dcd7105dfc1,b0d090b0b0f0e0f0
data/q1/Data/train/PNEUMONIA/PNEUMONIA(1386).jpg,PNEUMONIA,2,train,1568,1256,RGB,88dfac385112aeb6115da18ff4182cba,f158dad0f0f0d4d4
data/q1/Data/train/PNEUMONIA/PNEUMONIA(1387).jpg,PNEUMONIA,2,train,1272,872,RGB,7feaf9dc5d347f25ba4d581209200d85,e0a4a4e4f0f0f0d0
data/q1/Data/train/PNEUMONIA/PNEUMONIA(1388).jpg,PNEUMONIA,2,train,1168,560,RGB,464f223fc0e17f056299a814d12df369,f8d0d0d2d2f0f0f0
data/q1/Data/train/PNEUMONIA/PNEUMONIA(1389).jpg,PNEUMONIA,2,train,1051,560,RGB,bf0cea6baf25089782267d40e85448ae,f0d4b6b2b2b2b2f0
data/q1/Data/train/PNEUMONIA/PNEUMONIA(139).jpg,PNEUMONIA,2,train,1072,664,RGB,ead7a7421477c9a530e5c082ddd9cf8b,e5e4b0b0f0f8f8f8
data/q1/Data/train/PNEUMONIA/PNEUMONIA(1390).jpg,PNEUMONIA,2,train,1915,1600,RGB,aaada96c04f4d6dee37bc735523da2ad,e29496b2b2b2f0d0
data/q1/Data/train/PNEUMONIA/PNEUMONIA(1393).jpg,PNEUMONIA,2,train,1528,1376,RGB,31efc0d5dd69763e0a43dbaff77d05cf,619696b2b2b0f0e0
data/q1/Data/train/PNEUMONIA/PNEUMONIA(1394).jpg,PNEUMONIA,2,train,1400,1104,RGB,ab33af9322f70b3e60066330c96ef066,719092b2b0b0f0f0
data/q1/Data/train/PNEUMONIA/PNEUMONIA(1395).jpg,PNEUMONIA,2,train,1205,800,RGB,05f5a2113ff9ea575828339b19e1049b,f496b2b0b0f0f0f0
data/q1/Data/train/PNEUMONIA/PNEUMONIA(1396).jpg,PNEUMONIA,2,train,1352,928,RGB,5dc0381b7bb34a1823baed70812fabad,fcf8d2d8f8f0d0d0
data/q1/Data/train/PNEUMONIA/PNEUMONIA(1397).jpg,PNEUMONIA,2,train,1156,848,RGB,cda6c2be63fcfce7905c6612d43a7915,f8d2dab8b8f8d0d8
data/q1/Data/train/PNEUMONIA/PNEUMONIA(1398).jpg,PNEUMONIA,2,train,1248,712,RGB,7554cefc6bab112a4b8a1db460e9b888,e8d4d2b2b2b0d0d0
data/q1/Data/train/PNEUMONIA/PNEUMONIA(1399).jpg,PNEUMONIA,2,train,1030,600,RGB,d50f16bdd4eac8850090110bc971140d,e0f490b2b0b8f8f8
data/q1/Data/train/PNEUMONIA/PNEUMONIA(14).jpg,PNEUMONIA,2,train,1576,1328,RGB,363ee9963017cbcf3cb87ce897c1deb6,f0b2f0e0e0f0f4e4
data/q1/Data/train/PNEUMONIA/PNEUMONIA(1400).jpg,PNEUMONIA,2,train,1219,888,RGB,b51acf7c3d8ee3893ddcfa9ae36edf92,e8d0d2d2f8f8f8fc
data/q1/Data/train/PNEUMONIA/PNEUMONIA(1402).jpg,PNEUMONIA,2,train,1280,1016,RGB,9d0099fdd36c6a0d42c60bcf687cd0e6,f8f0b4b0b0f0f0f4
data/q1/Data/train/PNEUMONIA/PNEUMONIA(1403).jpg,PNEUMONIA,2,train,1440,992,RGB,e62da814c27394e52c1fb9639e7b7274,e8d2d2d2d0d0d0d4
data/q1/Data/train/PNEUMONIA/PNEUMONIA(1404).jpg,PNEUMONIA,2,train,1528,1080,RGB,5e6a49906e1b9077503fc48103cd8029,b8d0d6d0f0f0d0d0
data/q1/Data/train/PNEUMONIA/PNEUMONIA(1406).jpg,PNEUMONIA,2,train,1296,944,RGB,084a917154c96316ab5156e8267e2583,f892b2b2b2b2f0b0
data/q1/Data/train/PNEUMONIA/PNEUMONIA(1407).jpg,PNEUMONIA,2,train,1536,1176,RGB,f0cd5953748e92a7cb28f0f7478d214f,78f1b4b0f0f0f0d0
data/q1/Data/train/PNEUMONIA/PNEUMONIA(1409).jpg,PNEUMONIA,2,train,891,440,RGB,886e9a9da43dbc18ba8882f62ffc94d6,f0d4f2b2b2b0f0f0
data/q1/Data/train/PNEUMONIA/PNEUMONIA(141).jpg,PNEUMONIA,2,train,978,626,RGB,fe356ad0b4e772806a5d415896e28a2e,d2b2b2f8f0f0f0d0
data/q1/Data/train/PNEUMONIA/PNEUMONIA(1412).jpg,PNEUMONIA,2,train,1008,728,RGB,7094fe101099848a3a463b35c7ad2828,b1d0f0f0b0b0f1f9
data/q1/Data/train/PNEUMONIA/PNEUMONIA(1413).jpg,PNEUMONIA,2,train,1232,792,RGB,2db38d262c9f8c30a5819eecc213a16f,f1e1f1f1f0f0f054
data/q1/Data/train/PNEUMONIA/PNEUMONIA(1414).jpg,PNEUMONIA,2,train,1152,832,RGB,c27699a4a9c6d41afc085f502b018328,e4b4b0b0b0b0f0c4
data/q1/Data/train/PNEUMONIA/PNEUMONIA(1416).jpg,PNEUMONIA,2,train,1569,1024,RGB,3168f109be692e80e333fa50e906008c,f0b4b6b2b2b2b2f2
data/q1/Data/train/PNEUMONIA/PNEUMONIA(1417).jpg,PNEUMONIA,2,train,1024,592,RGB,1fd5789243f83487454cb3d34d59eb1c,f054d2d2d0f2f8c8
data/q1/Data/train/PNEUMONIA/PNEUMONIA(1419).jpg,PNEUMONIA,2,train,1304,1024,RGB,b081a768a686f1db288679d4eb0dbb98,f0f4f0f0b0f0c0c0
data/q1/Data/train/PNEUMONIA/PNEUMONIA(142).jpg,PNEUMONIA,2,train,1016,680,RGB,f1355d48af86bacaf1e505ce50c8f33d,f0b2b2b2b2b2b0f0
data/q1/Data/train/PNEUMONIA/PNEUMONIA(1420).jpg,PNEUMONIA,2,train,1248,1064,RGB,051ad140ff2ff66b7e46b56d28f023ee,f0f052f2b0f0f0f0
data/q1/Data/train/PNEUMONIA/PNEUMONIA(1421).jpg,PNEUMONIA,2,train,1144,736,RGB,2493f1be73df0428e336877106bea9df,e0e0f0b0b0b030f0
data/q1/Data/train/PNEUMONIA/PNEUMONIA(1422).jpg,PNEUMONIA,2,train,1240,696,RGB,85ff0a270f7178e435a7bcda8ba10d59,e1e1e4b0b0b0b0f0
data/q1/Data/train/PNEUMONIA/PNEUMONIA(1423).jpg,PNEUMONIA,2,train,1352,864,RGB,f3af02d093cb9d4768be9871d751f94d,f0e4d4d0d0d0f0e0
data/q1/Data/train/PNEUMONIA/PNEUMONIA(1425).jpg,PNEUMONIA,2,train,1093,640,RGB,53a1bacbb84c3a171fb659846b2c9a92,f0f4f0f0f0f0f0f4
data/q1/Data/train/PNEUMONIA/PNEUMONIA(1426).jpg,PNEUMONIA,2,train,1059,656,RGB,05f54768aa529cbaf7e1b90680f903de,68f8d8f8f0f0f0c0
data/q1/Data/train/PNEUMONIA/PNEUMONIA(1427).jpg,PNEUMONIA,2,train,1192,696,RGB,b399e43a45982e9c920c0e6646a7ba5c,70f4b4b2b2b0f0f0
data/q1/Data/train/PNEUMONIA/PNEUMONIA(1428).jpg,PNEUMONIA,2,train,1336,808,RGB,b6afc008f30e27a6db300e3914f3b915,60e490b0b8b8f8d0
data/q1/Data/train/PNEUMONIA/PNEUMONIA(1429).jpg,PNEUMONIA,2,train,1128,752,RGB,c2f04d41f2482a8681cfe88c68695439,d8d2b2b2b0b0f0b0
data/q1/Data/train/PNEUMONIA/PNEUMONIA(143).jpg,PNEUMONIA,2,train,1152,736,RGB,9ffe84d02e4b44f0180fb5aef3f0bffe,f0d0d0d0f0f0f0e4
data/q1/Data/train/PNEUMONIA/PNEUMONIA(1431).jpg,PNEUMONIA,2,train,1136,712,RGB,062a53ccdfcf4ba492919dc2f9f96604,e094d0d0d0f0f4d4
data/q1/Data/train/PNEUMONIA/PNEUMONIA(1432).jpg,PNEUMONIA,2,train,1032,840,RGB,7a894f890740a24ea16f0ad05eabd03c,31f0d4f0b0b0f0f0
data/q1/Data/train/PNEUMONIA/PNEUMONIA(1433).jpg,PNEUMONIA,2,train,1168,800,RGB,2a0b7c42d07c292e6f7ed7ad373c0753,71f4b4b6b2b2f0d0
data/q1/Data/train/PNEUMONIA/PNEUMONIA(1435).jpg,PNEUMONIA,2,train,992,784,RGB,a324f0ec4f065055fd0578a2f8be7459,715093b3b0b0f0d0
data/q1/Data/train/PNEUMONIA/PNEUMONIA(1436).jpg,PNEUMONIA,2,train,968,656,RGB,e7f838fa0e7c47c81041d29f00f63623,e1b4b0f0b0f0f0f0
data/q1/Data/train/PNEUMONIA/PNEUMONIA(1437).jpg,PNEUMONIA,2,train,1346,913,RGB,c0ea1e70cd2a7b409a51511567dc0630,b2f8d4d0f0f0f0f0
data/q1/Data/train/PNEUMONIA/PNEUMONIA(1439).jpg,PNEUMONIA,2,train,1960,1992,RGB,c9a2deed3b288b6b977c35f2950859a4,793233b3b2b0f0f0
data/q1/Data/train/PNEUMONIA/PNEUMONIA(1440).jpg,PNEUMONIA,2,train,2000,1896,RGB,37df85e4478c8c2b8254744a7d1dd94e,131333b3b3b0f0d4
data/q1/Data/train/PNEUMONIA/PNEUMONIA(1441).jpg,PNEUMONIA,2,train,1984,1840,RGB,491d4ecc540017c9abd9a1ac89172928,25b632b2b2b2f2d0
data/q1/Data/train/PNEUMONIA/PNEUMONIA(1442).jpg,PNEUMONIA,2,train,1280,856,RGB,a40fcaa0c16425d675cd2d8871592588,e5b4b0b2b0f8f8f8
data/q1/Data/train/PNEUMONIA/PNEUMONIA(1443).jpg,PNEUMONIA,2,train,1065,664,RGB,79ee77f3cf055b7edb7cc3ce0887d7a6,f094b6b2b2f2d0c0
data/q1/Data/train/PNEUMONIA/PNEUMONIA(1444).jpg,PNEUMONIA,2,train,1720,1240,RGB,f543704aff2f907216bde48b1bb79095,71d092b0b0b0f0d0
data/q1/Data/train/PNEUMONIA/PNEUMONIA(1445).jpg,PNEUMONIA,2,train,931,736,RGB,27e699316753ce0cb7edcde4dfefdb20,fcd8d2b2b0f0f0f0
data/q1/Data/train/PNEUMONIA/PNEUMONIA(1446).jpg,PNEUMONIA,2,train,1056,760,RGB,9352d294dfac69b19fb5dec296d11c09,e8d6b2b2b2f1f0f0
data/q1/Data/train/PNEUMONIA/PNEUMONIA(1448).jpg,PNEUMONIA,2,train,1204,848,RGB,9a7b60a9aee7f790017c01a9a9088959,d9d2b2b2b0f0f0f0
data/q1/Data/train/PNEUMONIA/PNEUMONIA(145).jpg,PNEUMONIA,2,train,992,520,RGB,b0def28c506a7661727a701e7184fa0f,e4f4b4b0b0b0b0b0
data/q1/Data/train/PNEUMONIA/PNEUMONIA(1451).jpg,PNEUMONIA,2,train,1285,832,RGB,3a9315e83ac176bba13d25ecc9d55c32,e4d4b2b2b0b0f0f8
data/q1/Data/train/PNEUMONIA/PNEUMONIA(1452).jpg,PNEUMONIA,2,train,1696,1224,RGB,28cc5d88f159a59a3e93014cbd8d42bf,329696b2b2b0b0f0
data/q1/Data/train/PNEUMONIA/PNEUMONIA(1453).jpg,PNEUMONIA,2,train,1768,1488,RGB,045397c96cf1e9949cf7041b5a64323b,b9d496b2b2b2b094
data/q1/Data/train/PNEUMONIA/PNEUMONIA(1454).jpg,PNEUMONIA,2,train,1856,1536,RGB,09a11694393b90872ee9ac9d581f2932,eab4b6b2b0f0f0c4
data/q1/Data/train/PNEUMONIA/PNEUMONIA(1455).jpg,PNEUMONIA,2,train,1824,1776,RGB,549544857a24e2e9d02385585945bd5d,b09496b2b2b0c0b4
data/q1/Data/train/PNEUMONIA/PNEUMONIA(1457).jpg,PNEUMONIA,2,train,1544,1336,RGB,b4d0b3cf3c943aa9965fcb51a04b4a34,b8949292b2b2b0a0
data/q1/Data/train/PNEUMONIA/PNEUMONIA(1459).jpg,PNEUMONIA,2,train,1736,1368,RGB,8a087219593759157bd162ab6e3f376f,38169292b2b2b484
data/q1/Data/train/PNEUMONIA/PNEUMONIA(146).jpg,PNEUMONIA,2,train,1551,1267,RGB,a4267fb0792a23aa2d7bb1c791dc7f63,bfd9dad2b0b0d0f0
data/q1/Data/train/PNEUMONIA/PNEUMONIA(1460).jpg,PNEUMONIA,2,train,1768,1560,RGB,c4fc9ff545d11881f39b75c1739f5aef,b09096b6b2b2f2d0
data/q1/Data/train/PNEUMONIA/PNEUMONIA(1461).jpg,PNEUMONIA,2,train,1213,824,RGB,33ef6da3f5f2a3207c87b331e65fc573,b0f4d2f2f0f0f0e8
data/q1/Data/train/PNEUMONIA/PNEUMONIA(1462).jpg,PNEUMONIA,2,train,1264,920,RGB,9da00f5fe9d4d9df788a851b0fd1a4f2,f0d496b2b2f0d0d4
data/q1/Data/train/PNEUMONIA/PNEUMONIA(1465).jpg,PNEUMONIA,2,train,1520,1152,RGB,84dba6af0cd447c44e34b4798644a9c9,f0d494b4b1f1d0d4
data/q1/Data/train/PNEUMONIA/PNEUMONIA(1467).jpg,PNEUMONIA,2,train,1111,832,RGB,2cb08d94a6611a6e05add8d74a9ea51e,e0d0f0f0f0f0f0f0
data/q1/Data/train/PNEUMONIA/PNEUMONIA(1469).jpg,PNEUMONIA,2,train,1144,704,RGB,ce2ea10e8cf6075d4252464a65d54a6a,71d4b0b0b0f0f0f0
data/q1/Data/train/PNEUMONIA/PNEUMONIA(147).jpg,PNEUMONIA,2,train,1291,867,RGB,1b12497eefac6a72effe685d7464b6a2,e0f4b0b4b4b0f4f4
data/q1/Data/train/PNEUMONIA/PNEUMONIA(1470).jpg,PNEUMONIA,2,train,1279,751,RGB,d9a7ea329d489aa96c51269aaab467aa,70f0d0d8f0f8f8f0
data/q1/Data/train/PNEUMONIA/PNEUMONIA(1471).jpg,PNEUMONIA,2,train,1303,1145,RGB,09d0ca1caf3d6fec92ced874c1ca3c2e,b0d2b2b2b1b0f0f0
data/q1/Data/train/PNEUMONIA/PNEUMONIA(1472).jpg,PNEUMONIA,2,train,1848,1488,RGB,4288d886084d84faba30791882a7e435,92a4b6b2b0e0e0f0
data/q1/Data/train/PNEUMONIA/PNEUMONIA(1473).jpg,PNEUMONIA,2,train,1219,832,RGB,e4b4f30a6ffa3e2af388d4f24c1cb4f9,e8d492bab0b0f0f4
data/q1/Data/train/PNEUMONIA/PNEUMONIA(1475).jpg,PNEUMONIA,2,train,1400,880,RGB,f1fdb272e846d252960569acb72bcd38,f0e4a4e4e4e0f0d4
data/q1/Data/train/PNEUMONIA/PNEUMONIA(1476).jpg,PNEUMONIA,2,train,1568,992,RGB,00442148166a6c6fa224cbbf72de6709,74b4b0b0b0b0f0d0
data/q1/Data/train/PNEUMONIA/PNEUMONIA(1477).jpg,PNEUMONIA,2,train,1216,880,RGB,ea3b2592a384836c6769f4cb278d27b7,71f1b4b2b2b0b0d0
data/q1/Data/train/PNEUMONIA/PNEUMONIA(1478).jpg,PNEUMONIA,2,train,1495,1232,RGB,104a44539891b469010523cbdd9db70f,f0d496b2b2b0f0e4
data/q1/Data/train/PNEUMONIA/PNEUMONIA(148).jpg,PNEUMONIA,2,train,1048,640,RGB,05a430c97b9f7dbda0df46492e8e7296,71d5f2b2b0b0b0d4
data/q1/Data/train/PNEUMONIA/PNEUMONIA(1481).jpg,PNEUMONIA,2,train,1064,624,RGB,869fa2afd0ab530e3a25b23b4be20fc4,70f0f4f4b4b0f0f0
data/q1/Data/train/PNEUMONIA/PNEUMONIA(1482).jpg,PNEUMONIA,2,train,830,568,RGB,a02750548ae8d9932a65a983cbbb86e8,f0b6b2b2b0f0f0f0
data/q1/Data/train/PNEUMONIA/PNEUMONIA(1483).jpg,PNEUMONIA,2,train,1125,640,RGB,838805a312120715ac2ce6f6b778632b,f0f4d2b2b2b0b9f9
data/q1/Data/train/PNEUMONIA/PNEUMONIA(1484).jpg,PNEUMONIA,2,train,1072,800,RGB,9c82b6b10723d0a2c0175b923cc14a30,e0b4b6b6b2b2f0d0
data/q1/Data/train/PNEUMONIA/PNEUMONIA(1485).jpg,PNEUMONIA,2,train,1312,824,RGB,5bff08911183102dd41787b31202012c,e4e4b4b4f8f0e0d0
data/q1/Data/train/PNEUMONIA/PNEUMONIA(1486).jpg,PNEUMONIA,2,train,1560,1160,RGB,8c35958c128666fa101991f33853ee23,30f1d4f0f8e8e0c4
data/q1/Data/train/PNEUMONIA/PNEUMONIA(1487).jpg,PNEUMONIA,2,train,1480,1008,RGB,fc427bd7fb39ca30c395ea857afb6f56,33f0d0d0f0f8f0f0
data/q1/Data/train/PNEUMONIA/PNEUMONIA(1488).jpg,PNEUMONIA,2,train,1273,824,RGB,74b7e8fe7f561e9adcd0f2acb25a1174,f0d292b8b8b8f8d0
data/q1/Data/train/PNEUMONIA/PNEUMONIA(1491).jpg,PNEUMONIA,2,train,1072,736,RGB,f29777518c1e0c73036bab4f88f250da,f8d4d4f2b0f0f0f0
data/q1/Data/train/PNEUMONIA/PNEUMONIA(1492).jpg,PNEUMONIA,2,train,1120,880,RGB,eb70b570ff862b6d8527955b30ec1442,e1d1d5b0b0f0c4dc
data/q1/Data/train/PNEUMONIA/PNEUMONIA(1493).jpg,PNEUMONIA,2,train,1144,632,RGB,ae78a63259754cd1cb5aacaf5e912ab0,e0f4d6d2d0d8d8d8
data/q1/Data/train/PNEUMONIA/PNEUMONIA(1496).jpg,PNEUMONIA,2,train,1376,800,RGB,6697f476ee20bf22f02951c70921e3cc,71f4d4f0f0f0f0d4
data/q1/Data/train/PNEUMONIA/PNEUMONIA(1497).jpg,PNEUMONIA,2,train,1070,600,RGB,2b833aa3581295c29dcc87cc11f8a627,f496b2b2b2b0f0d0
data/q1/Data/train/PNEUMONIA/PNEUMONIA(1499).jpg,PNEUMONIA,2,train,1216,936,RGB,942aa2159d7acea76251fa7fb83937a7,e4b6b2b23071f0c0
data/q1/Data/train/PNEUMONIA/PNEUMONIA(150).jpg,PNEUMONIA,2,train,1072,840,RGB,37e8fdfbb44fb722af790eb646c03839,f0d2f2f0f0f0f0f4
data/q1/Data/train/PNEUMONIA/PNEUMONIA(1501).jpg,PNEUMONIA,2,train,1281,1048,RGB,ffbf083f24784773db7281ea9dc32060,c0d4b4b2f2b2f2e0
data/q1/Data/train/PNEUMONIA/PNEUMONIA(1503).jpg,PNEUMONIA,2,train,1221,920,RGB,0243cc6094c7b4701496f8da272da833,e8d4d292b0b8b8f0
data/q1/Data/train/PNEUMONIA/PNEUMONIA(1504).jpg,PNEUMONIA,2,train,816,456,RGB,68ee41d077658952782bb89ddf181cf4,e594b0b0b4b0e0e4
data/q1/Data/train/PNEUMONIA/PNEUMONIA(1505).jpg,PNEUMONIA,2,train,944,440,RGB,b0c03dcdb1bbed7c46d2ab1ffed3cbbb,69611030b0b0f4f4
data/q1/Data/train/PNEUMONIA/PNEUMONIA(1506).jpg,PNEUMONIA,2,train,864,528,RGB,adc15bab1d63341db582b88015da72a7,f0f4b898b0b0fcf4
data/q1/Data/train/PNEUMONIA/PNEUMONIA(1509).jpg,PNEUMONIA,2,train,1400,1040,RGB,eda6400009f8d41313791728571e6076,f9f0d0f0b4e0e0b0
data/q1/Data/train/PNEUMONIA/PNEUMONIA(1511).jpg,PNEUMONIA,2,train,1352,968,RGB,b8b04911496805b2a0d495d9d2d73014,70d0d090b0b8f0d0
data/q1/Data/train/PNEUMONIA/PNEUMONIA(1512).jpg,PNEUMONIA,2,train,1512,1272,RGB,a7e22b11276553950f547a252f388085,f0f0d1d4d4b4e494
data/q1/Data/train/PNEUMONIA/PNEUMONIA(1514).jpg,PNEUMONIA,2,train,1392,888,RGB,ea93a101064fff1fd0476ee3ef2e459c,f1d594b0b8b8b0f2
data/q1/Data/train/PNEUMONIA/PNEUMONIA(1515).jpg,PNEUMONIA,2,train,1352,880,RGB,154a5999b1f799d6db896727bc10ffaa,f0d0d0d8f8f8f8f2
data/q1/Data/train/PNEUMONIA/PNEUMONIA(1517).jpg,PNEUMONIA,2,train,1304,816,RGB,70f91a9799bf3842e57123c5aca72b1c,e0d496b2b2b0f8d8
data/q1/Data/train/PNEUMONIA/PNEUMONIA(1518).jpg,PNEUMONIA,2,train,856,696,RGB,5147b62ac17d4145ae464467b60ed30e,ecd2dab0b0f4f0f0
data/q1/Data/train/PNEUMONIA/PNEUMONIA(1519).jpg,PNEUMONIA,2,train,856,480,RGB,fee7d35c244c5119e2064ba17ad58cdd,f0d2f0b0b0f4f4f4
data/q1/Data/train/PNEUMONIA/PNEUMONIA(152).jpg,PNEUMONIA,2,train,1248,832,RGB,63fee0e3c6cd1f32d3a9900d699c485c,b8f878f8f8f0f0f0
data/q1/Data/train/PNEUMONIA/PNEUMONIA(1520).jpg,PNEUMONIA,2,train,1095,801,RGB,591d4c0be1afdd8a90fd38913f6a7f58,f8d8d2b0b0f0f0b4
data/q1/Data/train/PNEUMONIA/PNEUMONIA(1521).jpg,PNEUMONIA,2,train,1264,904,RGB,c85938b7b30b45e95038e984694ee5ad,f1d4b4b0b0b0f0f0
data/q1/Data/train/PNEUMONIA/PNEUMONIA(1523).jpg,PNEUMONIA,2,train,1020,736,RGB,13c02a2c9b30906e2fc402733eecb776,e8d292b2b0b0f0f0
data/q1/Data/train/PNEUMONIA/PNEUMONIA(1524).jpg,PNEUMONIA,2,train,1123,648,RGB,b5ca48a2d48645dc3a70ea7b323306aa,e4b4b0b0b0f0d0f0
data/q1/Data/train/PNEUMONIA/PNEUMONIA(1526).jpg,PNEUMONIA,2,train,1040,824,RGB,bb104fa813203b225c39d19c789136f8,e0e4b4b0b0d0949c
data/q1/Data/train/PNEUMONIA/PNEUMONIA(1527).jpg,PNEUMONIA,2,train,1084,704,RGB,12db1415230545f0f6bcc4cbff3eff1c,e0d0d2b2b2b0f0f0
data/q1/Data/train/PNEUMONIA/PNEUMONIA(1529).jpg,PNEUMONIA,2,train,1344,968,RGB,0622f88c7e1ddcffdd0ac2bc78a24890,70b6b2b2b0b0f0f0
data/q1/Data/train/PNEUMONIA/PNEUMONIA(153).jpg,PNEUMONIA,2,train,1568,1152,RGB,92a947dde2d4931c66b6391a5ce978c0,e0f0d0d0f0f0d4d0
data/q1/Data/train/PNEUMONIA/PNEUMONIA(1530).jpg,PNEUMONIA,2,train,1000,448,RGB,09e29741f7bfa102f860c486ddce4c4a,7070f0d0f0f0f0f0
data/q1/Data/train/PNEUMONIA/PNEUMONIA(1531).jpg,PNEUMONIA,2,train,1144,896,RGB,92390177a043d5582a22ba1a5dad809e,7054d6b2b2b2d094
data/q1/Data/train/PNEUMONIA/PNEUMONIA(1532).jpg,PNEUMONIA,2,train,1328,1000,RGB,b4a05ea053f9e986b37e9f6dbe4901b5,e0e8b4b0b0f0f0f0
data/q1/Data/train/PNEUMONIA/PNEUMONIA(1534).jpg,PNEUMONIA,2,train,1280,848,RGB,03d827124bd52b8c55039d1e4a4e2d85,f0f494b4b0b0f0e0
data/q1/Data/train/PNEUMONIA/PNEUMONIA(1535).jpg,PNEUMONIA,2,train,1304,968,RGB,cf390e5e305bc1a22f68c233c1bcde8f,f2f4b0b0f0f0c0c4
data/q1/Data/train/PNEUMONIA/PNEUMONIA(1538).jpg,PNEUMONIA,2,train,982,472,RGB,0e10822551d59aa207c6b475c8b905d4,d4d2b2b0b8f0d2d2
data/q1/Data/train/PNEUMONIA/PNEUMONIA(1539).jpg,PNEUMONIA,2,train,1792,1216,RGB,bfb848a388880798e6945f471cdd9c29,62f034b4b2b2b0f0
data/q1/Data/train/PNEUMONIA/PNEUMONIA(1540).jpg,PNEUMONIA,2,train,1072,616,RGB,27f8fad7277c4eff8cd38a42d11c7603,e1e5f4f0f0f0f0d0
data/q1/Data/train/PNEUMONIA/PNEUMONIA(1543).jpg,PNEUMONIA,2,train,1424,1224,RGB,cce7e2c8b98ac4df147e584750ec567c,fcd892b2b0f0a4b4
data/q1/Data/train/PNEUMONIA/PNEUMONIA(1545).jpg,PNEUMONIA,2,train,1552,1096,RGB,845cfc9d8137bab4b16950803b29dce2,72b6b4b2b2b2b0d4
data/q1/Data/train/PNEUMONIA/PNEUMONIA(1546).jpg,PNEUMONIA,2,train,1792,1232,RGB,7b1a8e1cd2103c7d9401e70cee2b915d,b0f6b6b2b2b0d0d4
data/q1/Data/train/PNEUMONIA/PNEUMONIA(1548).jpg,PNEUMONIA,2,train,1592,1000,RGB,2dce4640e394eecd1b556395ef15c1cc,f094b0b0b0b0f0d0
data/q1/Data/train/PNEUMONIA/PNEUMONIA(1549).jpg,PNEUMONIA,2,train,960,528,RGB,60540420dc3cd8e44df6f577d96fc5f5,f096b2bab8b0f0d4
data/q1/Data/train/PNEUMONIA/PNEUMONIA(155).jpg,PNEUMONIA,2,train,1432,800,RGB,0a3a0205074b9bb8a03bed367c668f24,e0f4d4b0f0d0d0d4
data/q1/Data/train/PNEUMONIA/PNEUMONIA(1550).jpg,PNEUMONIA,2,train,1648,1096,RGB,d1405065cfaafc9474ba2d8be9439aa5,70f0b6b2bab0b8f8
data/q1/Data/train/PNEUMONIA/PNEUMONIA(1551).jpg,PNEUMONIA,2,train,1720,1112,RGB,49750c811df307521770b384d2f61c6f,72f8d492b2b2f2d2
data/q1/Data/train/PNEUMONIA/PNEUMONIA(1552).jpg,PNEUMONIA,2,train,1766,976,RGB,602cdf0fe83830e334beef67a230f390,f8d4d2d0f0f8f8d8
data/q1/Data/train/PNEUMONIA/PNEUMONIA(1554).jpg,PNEUMONIA,2,train,1211,848,RGB,80069cce2aefcd6e10794eaf319ebd16,b2f0d4f6b2f2f0f0
data/q1/Data/train/PNEUMONIA/PNEUMONIA(1555).jpg,PNEUMONIA,2,train,1056,840,RGB,b764a9f29899dd987b185f92b59ebb62,39f0f2b0f0f0e0d0
data/q1/Data/train/PNEUMONIA/PNEUMONIA(1556).jpg,PNEUMONIA,2,train,1608,1024,RGB,73e65abaac552fd2c7af3c1a6e2c1dc0,32f0d4d2b2b0f0f0
data/q1/Data/train/PNEUMONIA/PNEUMONIA(1559).jpg,PNEUMONIA,2,train,1021,672,RGB,cca3941c1f2401c4cd08dc56d91c9efc,d0d4b0b0b0f0e0e0
data/q1/Data/train/PNEUMONIA/PNEUMONIA(1560).jpg,PNEUMONIA,2,train,1976,1496,RGB,a9850698ef72546f84a7f5dc9de4802b,b0929490f0f0d0d4
data/q1/Data/train/PNEUMONIA/PNEUMONIA(1561).jpg,PNEUMONIA,2,train,1736,1328,RGB,3362c7055cbc9c4265ae29fded1f4ba1,f0f034b4b0b4b4a4
data/q1/Data/train/PNEUMONIA/PNEUMONIA(1562).jpg,PNEUMONIA,2,train,1656,1088,RGB,fd90765202bbf27c42c1870e55b90b16,f270b0b0b0b0b0f4
data/q1/Data/train/PNEUMONIA/PNEUMONIA(1563).jpg,PNEUMONIA,2,train,832,583,RGB,0a65e497b5b5a83337dcca2416b632ca,96b2b0b0b0f0d092
data/q1/Data/train/PNEUMONIA/PNEUMONIA(1565).jpg,PNEUMONIA,2,train,781,476,RGB,a694e85afb544b9223cdf4c7b6628f75,9292bab0b8f8e9d8
data/q1/Data/train/PNEUMONIA/PNEUMONIA(1566).jpg,PNEUMONIA,2,train,809,476,RGB,7755c7d2ea52c05886f4424b29213181,d2d29abab8f8f0d0
data/q1/Data/train/PNEUMONIA/PNEUMONIA(1567).jpg,PNEUMONIA,2,train,813,507,RGB,431f471097e184016b537da656ae4b0e,b2b2b0b0f0f0f0f0
data/q1/Data/train/PNEUMONIA/PNEUMONIA(1569).jpg,PNEUMONIA,2,train,1072,648,RGB,100714fd1fc6949025595d67c3c3091b,e0e0d4f0f0d0d0d0
data/q1/Data/train/PNEUMONIA/PNEUMONIA(157).jpg,PNEUMONIA,2,train,944,560,RGB,1b233e518bed669c74d57fa7b4fcc8fd,a5b5b1f1f1f1f1f1
data/q1/Data/train/PNEUMONIA/PNEUMONIA(1571).jpg,PNEUMONIA,2,train,724,286,RGB,dccced305cb3ff1ea71d1734d8b8f6a9,d2d2b2b2b0b0f0f0
data/q1/Data/train/PNEUMONIA/PNEUMONIA(1572).jpg,PNEUMONIA,2,train,698,413,RGB,4a57193319a861f12771a23761513c24,69d9d9b9b8f0d1d0
data/q1/Data/train/PNEUMONIA/PNEUMONIA(1573).jpg,PNEUMONIA,2,train,1251,1000,RGB,ec40baab311d364f127c1498ad9321fe,e4d4b2b0b8b8f8f0
data/q1/Data/train/PNEUMONIA/PNEUMONIA(1575).jpg,PNEUMONIA,2,train,1432,1288,RGB,36747f6186e842f96c72819e5e8564f8,b9db9bbbb0f0f0f0
data/q1/Data/train/PNEUMONIA/PNEUMONIA(1576).jpg,PNEUMONIA,2,train,741,421,RGB,dd5f5c3a16f4ba706aa857d2c1a722b1,b4b0b0b0f0f0f0f0
data/q1/Data/train/PNEUMONIA/PNEUMONIA(1577).jpg,PNEUMONIA,2,train,645,329,RGB,40d6f46bcfcd82570b1a767c2257bef4,d0d0d0d0d0d0d0d0
data/q1/Data/train/PNEUMONIA/PNEUMONIA(1578).jpg,PNEUMONIA,2,train,1040,536,RGB,c3e18f9c35ab314328ff62283bc32b48,f0d4d4d0d0f0f0d0
data/q1/Data/train/PNEUMONIA/PNEUMONIA(1579).jpg,PNEUMONIA,2,train,718,401,RGB,5c3801d7e2b262afda692d4c15f2185b,b4b4b0b2b2f0d0d0
data/q1/Data/train/PNEUMONIA/PNEUMONIA(158).jpg,PNEUMONIA,2,train,913,576,RGB,33086ce940b232c86bfbcb51737207fb,f0d2b2b0b0b0b8f8
data/q1/Data/train/PNEUMONIA/PNEUMONIA(1582).jpg,PNEUMONIA,2,train,1400,1048,RGB,694df78e4567dd3cfed4308b3461d73f,72d494b0b0b0f0d0
data/q1/Data/train/PNEUMONIA/PNEUMONIA(1583).jpg,PNEUMONIA,2,train,1152,664,RGB,d231fc49c5d7ea19236ec16f2c9a9bb3,f0d0d4f0f0f0e4f4
data/q1/Data/train/PNEUMONIA/PNEUMONIA(1585).jpg,PNEUMONIA,2,train,877,712,RGB,b52bd6a9d0abdebd7f2b413de9170d4f,e8d2b2b0f0f0f0e0
data/q1/Data/train/PNEUMONIA/PNEUMONIA(1588).jpg,PNEUMONIA,2,train,955,720,RGB,5063cbdc460dc296474a710f13b10740,d0b2b2b0b070f0f0
data/q1/Data/train/PNEUMONIA/PNEUMONIA(1589).jpg,PNEUMONIA,2,train,1144,656,RGB,e6f8cf8ae85e98f3faf17e66e31617d7,70f4f4f0b0b0f0e0
data/q1/Data/train/PNEUMONIA/PNEUMONIA(159).jpg,PNEUMONIA,2,train,1280,984,RGB,ba15330944c5fa786b21a98d0d093ec7,38e0f0f2f2f0f0f0
data/q1/Data/train/PNEUMONIA/PNEUMONIA(1591).jpg,PNEUMONIA,2,train,1040,728,RGB,49b966e3f3a0568523d2f2184ae83a4b,71f4d4d0f0f0f0f0
data/q1/Data/train/PNEUMONIA/PNEUMONIA(1592).jpg,PNEUMONIA,2,train,1032,888,RGB,45fd457911de55615adf275478acc33c,38f850d0f0f0e8e0
data/q1/Data/train/PNEUMONIA/PNEUMONIA(1593).jpg,PNEUMONIA,2,train,1152,832,RGB,1e3ae1d6b44f3181417670926f63123f,b0d4d4d5f0d0d4d4
data/q1/Data/train/PNEUMONIA/PNEUMONIA(1595).jpg,PNEUMONIA,2,train,1120,784,RGB,ff1b170aa708f1f8573f8d2de496da48,63a4a4a4f0f2f0c0
data/q1/Data/train/PNEUMONIA/PNEUMONIA(1596).jpg,PNEUMONIA,2,train,1120,680,RGB,169d2ee002eeba1a007c8eb9d927bce2,60f4f4f0f0f0f0e2
data/q1/Data/train/PNEUMONIA/PNEUMONIA(1598).jpg,PNEUMONIA,2,train,882,464,RGB,3c5a546249b2c96b2612a123c3024baa,f0f2b2b2b8f0f0d8
data/q1/Data/train/PNEUMONIA/PNEUMONIA(16).jpg,PNEUMONIA,2,train,1105,762,RGB,21b2c7c4ad582fe3f22e06cbaa3dd3ba,e8d090b0b0b8d4d4
data/q1/Data/train/PNEUMONIA/PNEUMONIA(160).jpg,PNEUMONIA,2,train,1133,688,RGB,9de9d2effc3a86c21e851b1907635725,f094b4b0b0f0f0d4
data/q1/Data/train/PNEUMONIA/PNEUMONIA(1601).jpg,PNEUMONIA,2,train,1093,760,RGB,6bfeee4434f6c456be1d9257477c6a8a,e0d4d0f0b0f0f0d2
data/q1/Data/train/PNEUMONIA/PNEUMONIA(1602).jpg,PNEUMONIA,2,train,1544,1264,RGB,dd3d6bedc46007aff0a56e8a3119044b,f8da92b2b0b0f0d0
data/q1/Data/train/PNEUMONIA/PNEUMONIA(1603).jpg,PNEUMONIA,2,train,1155,960,RGB,d8088f2166468c72b6b28bf8d098373c,f0d292b2b0f0f0d0
data/q1/Data/train/PNEUMONIA/PNEUMONIA(1604).jpg,PNEUMONIA,2,train,1552,1120,RGB,ad89eec66c8069bf8d71a5110bfc2ae2,70d496b2b2f2f0f0
data/q1/Data/train/PNEUMONIA/PNEUMONIA(1605).jpg,PNEUMONIA,2,train,1456,1160,RGB,dac6fa8159a43bb2cecad0686e9eff42,70d0b2b2b0f8d0d4
data/q1/Data/train/PNEUMONIA/PNEUMONIA(1606).jpg,PNEUMONIA,2,train,1504,1200,RGB,e362233978853f399c9155f4a302152c,b0d096b2b2b890a6
data/q1/Data/train/PNEUMONIA/PNEUMONIA(1607).jpg,PNEUMONIA,2,train,1624,1288,RGB,67b68b231f5b4fae7cb422ccb172149a,e0b4b6f2f2f0f0e0
data/q1/Data/train/PNEUMONIA/PNEUMONIA(1608).jpg,PNEUMONIA,2,train,1680,1168,RGB,a9d311c32b679c61d00a19f64b45de7f,60f4b2b2b0f0d0a2
data/q1/Data/train/PNEUMONIA/PNEUMONIA(1609).jpg,PNEUMONIA,2,train,1153,744,RGB,2494bca32d110f8c9c59dba0ff9bb6af,e4f492b8b8b8f8f8
data/q1/Data/train/PNEUMONIA/PNEUMONIA(161).jpg,PNEUMONIA,2,train,1104,752,RGB,a9f66df18b53ffdaea801deeb4fb8de6,d8dadadaf2d0f0d0
data/q1/Data/train/PNEUMONIA/PNEUMONIA(1611).jpg,PNEUMONIA,2,train,999,568,RGB,7dd853fddef1b1438076bf4687bc8b27,f0d4b4b0b0f2f0b4
data/q1/Data/train/PNEUMONIA/PNEUMONIA(1612).jpg,PNEUMONIA,2,train,607,347,RGB,481521a7e8092a966a4330f86f25093a,dadadad8d8d8d8d8
data/q1/Data/train/PNEUMONIA/PNEUMONIA(1613).jpg,PNEUMONIA,2,train,1600,992,RGB,16c102766eb108ddfb15c668bb1803c8,e0d4d0f0f0f0f0f0
data/q1/Data/train/PNEUMONIA/PNEUMONIA(1616).jpg,PNEUMONIA,2,train,1416,864,RGB,fb40ccde39ed21d2da5d932c813fffa0,70e4e4f0f0f0d0d0
data/q1/Data/train/PNEUMONIA/PNEUMONIA(1617).jpg,PNEUMONIA,2,train,1272,952,RGB,3d18d1d0dc28bb542fc670aaafab9700,61e4e4f0f0f0f0f0
data/q1/Data/train/PNEUMONIA/PNEUMONIA(1618).jpg,PNEUMONIA,2,train,944,528,RGB,548568882196775e8a319820d2dba627,e0e4a4b43032f0f0
data/q1/Data/train/PNEUMONIA/PNEUMONIA(1619).jpg,PNEUMONIA,2,train,1194,984,RGB,30bdff0dd0ab94de15ed159ad2b31e0c,f0d6d2b8b8b8f0f8
data/q1/Data/train/PNEUMONIA/PNEUMONIA(1621).jpg,PNEUMONIA,2,train,1432,1024,RGB,654b33769cbe33a7a570e18c05aee961,d8d292b2b0f0f0d0
data/q1/Data/train/PNEUMONIA/PNEUMONIA(1622).jpg,PNEUMONIA,2,train,1824,1040,RGB,053cc454e0afe08402e7174353a397fe,b0f4d4b0b0b0f0d0
data/q1/Data/train/PNEUMONIA/PNEUMONIA(1624).jpg,PNEUMONIA,2,train,1144,752,RGB,585fce376672c21c0a89aea90eea9be5,78d4b4b4b0f2c4d4
data/q1/Data/train/PNEUMONIA/PNEUMONIA(1625).jpg,PNEUMONIA,2,train,941,664,RGB,5c13eae58f7ef0230a2300018b00d863,e0b4b4b0b0f0f0f0
data/q1/Data/train/PNEUMONIA/PNEUMONIA(1626).jpg,PNEUMONIA,2,train,571,310,RGB,926231ebf8c953a287724d28fd205924,b4b0b0b0b0b0a0f0
data/q1/Data/train/PNEUMONIA/PNEUMONIA(1627).jpg,PNEUMONIA,2,train,469,270,RGB,b6fa4a87bb04854c0611d6adce4c4a18,b2b2b0b0b0949090
data/q1/Data/train/PNEUMONIA/PNEUMONIA(1629).jpg,PNEUMONIA,2,train,482,163,RGB,bde58823ea20b13f7a78a14242be6a40,d2f2b2b0b0b8f0f0
data/q1/Data/train/PNEUMONIA/PNEUMONIA(163).jpg,PNEUMONIA,2,train,1096,776,RGB,771db2bbb40fe2a8b67edbf8c530f142,b0b4b2b0b0b0f4d0
data/q1/Data/train/PNEUMONIA/PNEUMONIA(1630).jpg,PNEUMONIA,2,train,920,696,RGB,93c7f82ee085ad91a7dcf150bc786545,e6e8dadaf8dac094
data/q1/Data/train/PNEUMONIA/PNEUMONIA(1632).jpg,PNEUMONIA,2,train,1288,736,RGB,ad9aa0be9a0a26147d6b620ee3a42d1d,f4d492b2b2b0f0f8
data/q1/Data/train/PNEUMONIA/PNEUMONIA(1633).jpg,PNEUMONIA,2,train,1248,728,RGB,8fa3b69ef465db29a26b49906bf595a7,7094b4b2b2b0b0f0
data/q1/Data/train/PNEUMONIA/PNEUMONIA(1635).jpg,PNEUMONIA,2,train,444,262,RGB,7f5a9b988e2c9c9e4fd08a7ef81dd4af,b3b1f0f0f0f0d0d0
data/q1/Data/train/PNEUMONIA/PNEUMONIA(1636).jpg,PNEUMONIA,2,train,1488,1088,RGB,aaef6f1c63d3d8248f9ba5c1c17c8f07,38d0d2d2f0f8d0d4
data/q1/Data/train/PNEUMONIA/PNEUMONIA(1637).jpg,PNEUMONIA,2,train,1352,816,RGB,28e1dbabadc57e02a573c739dc863520,f4b4b2b2b2f0f0d0
data/q1/Data/train/PNEUMONIA/PNEUMONIA(1638).jpg,PNEUMONIA,2,train,1288,976,RGB,3a3b4e47a11c7257a02cbdce321af23b,7094b6b2b2b090b2
data/q1/Data/train/PNEUMONIA/PNEUMONIA(1639).jpg,PNEUMONIA,2,train,1464,1104,RGB,542b1a6dbf1be9a16890d311d94891d5,38f0d2d2f2f8d0d0
data/q1/Data/train/PNEUMONIA/PNEUMONIA(1642).jpg,PNEUMONIA,2,train,1528,1024,RGB,3d168d727a47d8ab6dd4473db219f850,62f4b4b2b2b2f0f4
data/q1/Data/train/PNEUMONIA/PNEUMONIA(1643).jpg,PNEUMONIA,2,train,1299,888,RGB,1286a2eca6808293011b5f81509ff240,e0d4d2b8b0b8f8f0
data/q1/Data/train/PNEUMONIA/PNEUMONIA(1644).jpg,PNEUMONIA,2,train,1456,1080,RGB,5bc34667e1b090b6db5e2043528d2876,b0d292b2b0b0f0f0
data/q1/Data/train/PNEUMONIA/PNEUMONIA(1645).jpg,PNEUMONIA,2,train,896,624,RGB,435c2738798b53cbcc28db58422c4e8d,f8f4b4b0b0c0c0d2
data/q1/Data/train/PNEUMONIA/PNEUMONIA(1647).jpg,PNEUMONIA,2,train,1118,936,RGB,5aa0486f3f0ee8799240b72734fd98d0,f8f0f0d4b0f0d4d4
data/q1/Data/train/PNEUMONIA/PNEUMONIA(1648).jpg,PNEUMONIA,2,train,1960,1416,RGB,0dcbab0da01b49fc68702e1bf1efe03c,f0f0d494b2b2b2e0
data/q1/Data/train/PNEUMONIA/PNEUMONIA(165).jpg,PNEUMONIA,2,train,1080,752,RGB,5d0175d21ba08984fd07fa6774438fc2,65b1b1b0b0f0f0f2
data/q1/Data/train/PNEUMONIA/PNEUMONIA(1650).jpg,PNEUMONIA,2,train,407,178,RGB,637dadd3468a7af79fbe7859329eac4d,3430303032b230f6
data/q1/Data/train/PNEUMONIA/PNEUMONIA(1651).jpg,PNEUMONIA,2,train,1624,1104,RGB,ce28e6438d8eb1984482ef56320c5d6b,d5b6b6b2b2b0f0f0
data/q1/Data/train/PNEUMONIA/PNEUMONIA(1652).jpg,PNEUMONIA,2,train,499,261,RGB,ce609d5dde091c19ea5618a8f359835b,a4e4e6f2f2f2f090
data/q1/Data/train/PNEUMONIA/PNEUMONIA(1653).jpg,PNEUMONIA,2,train,500,198,RGB,c708d21a636fa477746e8ff2ecefe860,b4b4b0b0b0b0b0b2
data/q1/Data/train/PNEUMONIA/PNEUMONIA(1654).jpg,PNEUMONIA,2,train,1135,928,RGB,73260cfd4606580f76d6b67ed917270a,f8d892b2b2f0d0f0
data/q1/Data/train/PNEUMONIA/PNEUMONIA(1655).jpg,PNEUMONIA,2,train,1284,840,RGB,c2d973d7a67e3ca9573b022c81a33ab9,f0d0d2d8b8f0f0d0
data/q1/Data/train/PNEUMONIA/PNEUMONIA(1656).jpg,PNEUMONIA,2,train,480,167,RGB,1da0e49455ff0b420d7601e84fb58673,b0b0b0b0f0d0f0f2
data/q1/Data/train/PNEUMONIA/PNEUMONIA(1657).jpg,PNEUMONIA,2,train,438,168,RGB,e31e497f40b785ed8760e1e9776ad3df,b0b0b0b0f0f0e0e0
data/q1/Data/train/PNEUMONIA/PNEUMONIA(1658).jpg,PNEUMONIA,2,train,549,229,RGB,a9c6e01cc08d1c64e96a99771ac17870,d2d2f2f0f0e0f0f0
data/q1/Data/train/PNEUMONIA/PNEUMONIA(1659).jpg,PNEUMONIA,2,train,1080,672,RGB,cb1649dd89c92766142e92a718b53744,e0d4b4b0b0b0d0b2
data/q1/Data/train/PNEUMONIA/PNEUMONIA(1660).jpg,PNEUMONIA,2,train,1160,632,RGB,e759c9e775d7b213bef031fdc4b4dbd4,7054d2d0d0b0d0d0
data/q1/Data/train/PNEUMONIA/PNEUMONIA(1662).jpg,PNEUMONIA,2,train,924,544,RGB,c9be85ef3f5f968c9cb9a1a1d5ac42f4,d0d2d2b2b8f8f0e4
data/q1/Data/train/PNEUMONIA/PNEUMONIA(1663).jpg,PNEUMONIA,2,train,1576,968,RGB,7f12de7ce408f2651c52aa53138e574f,b0d4d4d2f2f8f0f0
data/q1/Data/train/PNEUMONIA/PNEUMONIA(1664).jpg,PNEUMONIA,2,train,1026,744,RGB,c4642c20d8cc11a75709564ce08f1976,b0f0f0b0b0f0f0f0
data/q1/Data/train/PNEUMONIA/PNEUMONIA(1665).jpg,PNEUMONIA,2,train,1712,1392,RGB,e50c9c63c0548e54753a692851e0d32b,f8f0b4b2b2f0e4a6
data/q1/Data/train/PNEUMONIA/PNEUMONIA(1666).jpg,PNEUMONIA,2,train,1990,1440,RGB,8a049cd868748178541cf1a3c1ff2e4e,c894b2b27278f8f0
data/q1/Data/train/PNEUMONIA/PNEUMONIA(1667).jpg,PNEUMONIA,2,train,499,188,RGB,ac985e560931dd53eb43fcbbceeb29ff,92b0b0b0b0f1d0f1
data/q1/Data/train/PNEUMONIA/PNEUMONIA(1668).jpg,PNEUMONIA,2,train,478,151,RGB,5e1dd1e9b45f2a2017edd5278afdebd8,f2faf8f8f8b8f8f8
data/q1/Data/train/PNEUMONIA/PNEUMONIA(1670).jpg,PNEUMONIA,2,train,1248,744,RGB,658e34d9ae7a1bee54c39661157c9493,f896b2b2b0f0f0f0
data/q1/Data/train/PNEUMONIA/PNEUMONIA(1671).jpg,PNEUMONIA,2,train,792,560,RGB,8513b33d29b6ae78a5236c0515adc4c6,fafcd4b4b0b4f0e0
data/q1/Data/train/PNEUMONIA/PNEUMONIA(1672).jpg,PNEUMONIA,2,train,503,260,RGB,7d385a0e36ee1af7c86ba0451e549c23,d098b0b0b8f0d0d0
data/q1/Data/train/PNEUMONIA/PNEUMONIA(1675).jpg,PNEUMONIA,2,train,567,258,RGB,561b026b047bc474775a1de4eeea9952,b4b4b6b2b2b0b0f0
data/q1/Data/train/PNEUMONIA/PNEUMONIA(1677).jpg,PNEUMONIA,2,train,1664,1472,RGB,57c0238e600891347b4dad9c465ab826,b1d092b2b2b2d0e0
data/q1/Data/train/PNEUMONIA/PNEUMONIA(1679).jpg,PNEUMONIA,2,train,1320,1016,RGB,bf291107762bbcd0b0e4f0126be2e0e4,39f094b2b2b2f8d2
data/q1/Data/train/PNEUMONIA/PNEUMONIA(168).jpg,PNEUMONIA,2,train,1128,728,RGB,6fa9df1f5ff489ff16fa8db4c32821f7,f0d8d2d2f2f8f0d0
data/q1/Data/train/PNEUMONIA/PNEUMONIA(1680).jpg,PNEUMONIA,2,train,394,164,RGB,a9c2262d3035013a34ce48761221f8fb,bab2b2b2b2b03030
data/q1/Data/train/PNEUMONIA/PNEUMONIA(1683).jpg,PNEUMONIA,2,train,1320,688,RGB,f93335772a7668f06867ee67c3d28e93,f0d4d0d0d0d8f8f0
data/q1/Data/train/PNEUMONIA/PNEUMONIA(1684).jpg,PNEUMONIA,2,train,1152,696,RGB,7559d63deffa631c308f546ca73275e2,61d991b1f0f0f0d0
data/q1/Data/train/PNEUMONIA/PNEUMONIA(1685).jpg,PNEUMONIA,2,train,1276,808,RGB,3b5a2257dc9e6615b557aedb637cd737,f2d0b2b2b0f0f0f0
data/q1/Data/train/PNEUMONIA/PNEUMONIA(1686).jpg,PNEUMONIA,2,train,1442,1033,RGB,5770c7254dab7b308733503582a7c8e3,a4b4b2b2b2f3f0f0
data/q1/Data/train/PNEUMONIA/PNEUMONIA(1687).jpg,PNEUMONIA,2,train,1460,924,RGB,78fa4eafabf0f5a26492b1f257a83a3a,72b4b6b2b2b0b0f0
data/q1/Data/train/PNEUMONIA/PNEUMONIA(1689).jpg,PNEUMONIA,2,train,1575,1333,RGB,265f4075c06520f4cf8ea86e0d275bbb,f0b6b232b2b0f0d4
data/q1/Data/train/PNEUMONIA/PNEUMONIA(1690).jpg,PNEUMONIA,2,train,1168,864,RGB,1d2bcf0eb84f9279295fe54bd5df58e2,b0f8d4d0d0d8f0f0
data/q1/Data/train/PNEUMONIA/PNEUMONIA(1691).jpg,PNEUMONIA,2,train,550,276,RGB,5ca267072871c2786ceb1eec4dd5d2ea,d2d2b2b0b8b89094
data/q1/Data/train/PNEUMONIA/PNEUMONIA(1692).jpg,PNEUMONIA,2,train,1343,864,RGB,51add2fe17140ad012406e013d3900d6,f0d4b0b2b8b8f8f0
data/q1/Data/train/PNEUMONIA/PNEUMONIA(1693).jpg,PNEUMONIA,2,train,438,179,RGB,5f5e452d3f50dac9f73c0b7383b0dad4,b2b2b2b0b0b031f0
data/q1/Data/train/PNEUMONIA/PNEUMONIA(1694).jpg,PNEUMONIA,2,train,1048,816,RGB,e06580ac7fcc7a2774b9a8bfaa292043,f0f0f0f0b0f0e4e4
data/q1/Data/train/PNEUMONIA/PNEUMONIA(1695).jpg,PNEUMONIA,2,train,1064,648,RGB,582e8ab8717f0a9c675644173ab03ba0,d094b4b4b0b0a0a0
data/q1/Data/train/PNEUMONIA/PNEUMONIA(1696).jpg,PNEUMONIA,2,train,968,656,RGB,220abd04f6c991931ee2b57adb6c84d7,78d2d2b2b2b0f0d0
data/q1/Data/train/PNEUMONIA/PNEUMONIA(1697).jpg,PNEUMONIA,2,train,1064,776,RGB,5e009659083c388065af9e00c905d2cc,71e1a4e4b4b0b0f0
data/q1/Data/train/PNEUMONIA/PNEUMONIA(170).jpg,PNEUMONIA,2,train,904,472,RGB,352226459057dfed6179444f4f54ce74,151492b2b0b0b0f0
data/q1/Data/train/PNEUMONIA/PNEUMONIA(1700).jpg,PNEUMONIA,2,train,507,269,RGB,f530ecb780a3100d079f7b698f7d9275,d2b2b0b0b0f0f0f0
data/q1/Data/train/PNEUMONIA/PNEUMONIA(1701).jpg,PNEUMONIA,2,train,1616,1328,RGB,2c19b66e8dc028cca1873c100973f34b,31d092b2b2b2f0f0
data/q1/Data/train/PNEUMONIA/PNEUMONIA(1702).jpg,PNEUMONIA,2,train,1288,848,RGB,f8144a5ff1039cc839b7291fb0bbd3f6,64e4e4b2b2b0b0f0
data/q1/Data/train/PNEUMONIA/PNEUMONIA(1703).jpg,PNEUMONIA,2,train,441,255,RGB,bd757e823c11726b8334b75f871c4bf7,a6b272723071d0a4
data/q1/Data/train/PNEUMONIA/PNEUMONIA(1704).jpg,PNEUMONIA,2,train,1168,1016,RGB,fe5893fd0736c2c189052277a222d346,f0b6b2b2b0b0d4b6
data/q1/Data/train/PNEUMONIA/PNEUMONIA(1705).jpg,PNEUMONIA,2,train,968,584,RGB,36e3ed7e55f8919dbfb60fc89de8d7b3,70d0d0f0b0b0e0e0
data/q1/Data/train/PNEUMONIA/PNEUMONIA(1708).jpg,PNEUMONIA,2,train,1328,1064,RGB,ed6d10603eb4de62fcdc2e58e38cf9e8,f070f0d0f0f0f0f0
data/q1/Data/train/PNEUMONIA/PNEUMONIA(1709).jpg,PNEUMONIA,2,train,1104,744,RGB,861c2a810a7a30278e138a38e0af1986,e1d692b2b3b1f0f0
data/q1/Data/train/PNEUMONIA/PNEUMONIA(171).jpg,PNEUMONIA,2,train,1000,824,RGB,9c3fa2f5d78be74a409c9f586d5228d1,7112323230f0d0f0
data/q1/Data/train/PNEUMONIA/PNEUMONIA(1711).jpg,PNEUMONIA,2,train,555,194,RGB,cde73e626bbdfafb140ec66d34969d46,d2d2f0f8f8f8f8f0
data/q1/Data/train/PNEUMONIA/PNEUMONIA(1712).jpg,PNEUMONIA,2,train,1184,816,RGB,386edddf3383f0b214d7df60940ed1b5,f8d2d2b8b8f0d4d2
data/q1/Data/train/PNEUMONIA/PNEUMONIA(1714).jpg,PNEUMONIA,2,train,1664,1248,RGB,794825c168908a3cc7b945d76bcf2119,54b2b2b2b0f0d0e0
data/q1/Data/train/PNEUMONIA/PNEUMONIA(1715).jpg,PNEUMONIA,2,train,1800,1256,RGB,6a53744c9a406a521139cf8184a237bf,e5b737b2b2b0d0d0
data/q1/Data/train/PNEUMONIA/PNEUMONIA(1716).jpg,PNEUMONIA,2,train,557,177,RGB,106888ebf8a614445fb0867eb079e972,a4a4f0f0b0b0b0b0
data/q1/Data/train/PNEUMONIA/PNEUMONIA(1717).jpg,PNEUMONIA,2,train,481,234,RGB,495ef76266b1bc18f18c9bea264c6a42,d2d0f0f0f0f0f0f0
data/q1/Data/train/PNEUMONIA/PNEUMONIA(1718).jpg,PNEUMONIA,2,train,462,200,RGB,8f617ab46e492ad7f35dfd4987e2911d,b6b6b2f2f2f0f0f0
data/q1/Data/train/PNEUMONIA/PNEUMONIA(172).jpg,PNEUMONIA,2,train,2080,1736,RGB,dfa14c03bf38f00068f58cb4c07253d4,b39492b2b2b290e0
data/q1/Data/train/PNEUMONIA/PNEUMONIA(1720).jpg,PNEUMONIA,2,train,1080,648,RGB,cff0b9ce4c5fd955f5348873b2ab0394,f4d0d292b8b8f0f0
data/q1/Data/train/PNEUMONIA/PNEUMONIA(1721).jpg,PNEUMONIA,2,train,1160,816,RGB,0ba2b63d59d8991ae634a06d9734b812,70e0b4b0b0f0f0f0
data/q1/Data/train/PNEUMONIA/PNEUMONIA(1722).jpg,PNEUMONIA,2,train,415,354,RGB,769f5eca34a1a97827d9209f18ee6b04,babab232f2d6b2b6
data/q1/Data/train/PNEUMONIA/PNEUMONIA(1723).jpg,PNEUMONIA,2,train,457,295,RGB,cee748773b18fc905fe92453f412cf50,bcb4b4b6b6f6e6e4
data/q1/Data/train/PNEUMONIA/PNEUMONIA(1724).jpg,PNEUMONIA,2,train,1160,736,RGB,700229b27187624f8bd410d52534f243,f0b4b6b2b0b0f0d0
data/q1/Data/train/PNEUMONIA/PNEUMONIA(1725).jpg,PNEUMONIA,2,train,514,275,RGB,41ecb16e41da99130aed374c8f796ff8,b0b2bababa9a9a9a
data/q1/Data/train/PNEUMONIA/PNEUMONIA(1726).jpg,PNEUMONIA,2,train,450,250,RGB,ee3f9e35d04f4ff86b284b1d706f8e9f,d292b0b0f0f0f0f0
data/q1/Data/train/PNEUMONIA/PNEUMONIA(1727).jpg,PNEUMONIA,2,train,1136,792,RGB,08f00aa8fb6f7788bae1cfdd779fcd04,f4b6b2b0b0f4fcf8
data/q1/Data/train/PNEUMONIA/PNEUMONIA(1729).jpg,PNEUMONIA,2,train,455,178,RGB,e548b595b3a1d30bffb3491db091e087,d0d292b0b8b8b898
data/q1/Data/train/PNEUMONIA/PNEUMONIA(173).jpg,PNEUMONIA,2,train,1136,688,RGB,4ff8b511ce5c662432c878516f908d21,e0f0f1f1f0f0f0f0
data/q1/Data/train/PNEUMONIA/PNEUMONIA(1730).jpg,PNEUMONIA,2,train,1168,728,RGB,5b6e004f042baea94b7986f3079d6651,70f4b2b2b0b0f0d0
data/q1/Data/train/PNEUMONIA/PNEUMONIA(1732).jpg,PNEUMONIA,2,train,1402,990,RGB,109a646f4910f52ebaebf71758480e05,f0d4b2b2f0f0f0f0
data/q1/Data/train/PNEUMONIA/PNEUMONIA(1735).jpg,PNEUMONIA,2,train,1184,704,RGB,c2001756234cac84b32f18f650cf22cc,e0e4b4b0b0f0f0f0
data/q1/Data/train/PNEUMONIA/PNEUMONIA(1736).jpg,PNEUMONIA,2,train,492,156,RGB,e906197c0843bb9f455c67c96e6d0027,d2d2d2f2f2f8f8d8
data/q1/Data/train/PNEUMONIA/PNEUMONIA(1737).jpg,PNEUMONIA,2,train,912,456,RGB,31cca51d47a781f1edc3b1aa396d90b2,f374f4d4f0f0f0f0
data/q1/Data/train/PNEUMONIA/PNEUMONIA(1738).jpg,PNEUMONIA,2,train,1656,1048,RGB,a9fb7dc277aea933dfa0cc6dbf81127b,f0d4d4f4f4d0d0d4
data/q1/Data/train/PNEUMONIA/PNEUMONIA(1739).jpg,PNEUMONIA,2,train,2072,1768,RGB,4a5913198abc9e0d385c23f609754cf0,32e2b4b4b0b0808c
data/q1/Data/train/PNEUMONIA/PNEUMONIA(1741).jpg,PNEUMONIA,2,train,1192,992,RGB,a64b49e93948b25fb6f383dd50d177d6,b0d0b2b2b0f0e0f0
data/q1/Data/train/PNEUMONIA/PNEUMONIA(1744).jpg,PNEUMONIA,2,train,1720,1328,RGB,a0e2d327671deecbdad6758c09a62710,b1d4b2b230f496b6
data/q1/Data/train/PNEUMONIA/PNEUMONIA(1745).jpg,PNEUMONIA,2,train,1416,1208,RGB,5bc62f1a3bef47d050fad70445dd2e34,38f8d0b0f4f0c0d4
data/q1/Data/train/PNEUMONIA/PNEUMONIA(1746).jpg,PNEUMONIA,2,train,1792,1280,RGB,1dba4b8537d8d3c109e0f58920b0fb6f,73d5b7b2b2d2d0d4
data/q1/Data/train/PNEUMONIA/PNEUMONIA(1747).jpg,PNEUMONIA,2,train,2072,1440,RGB,b8e3a3b41cd2bc17354125fbb651e16b,b196b2b2b0f2d292
data/q1/Data/train/PNEUMONIA/PNEUMONIA(1748).jpg,PNEUMONIA,2,train,1841,1744,RGB,e27e9682d872bccca156c10c07a048af,f2b6b2b2f2f0f0e0
data/q1/Data/train/PNEUMONIA/PNEUMONIA(1749).jpg,PNEUMONIA,2,train,493,289,RGB,76c56eb005357704aa824687f3827548,30707070f4d69090
data/q1/Data/train/PNEUMONIA/PNEUMONIA(1750).jpg,PNEUMONIA,2,train,1359,1118,RGB,566067c2ad6c13619dfadc4e32506155,7092b2b1b0f0f0f0
data/q1/Data/train/PNEUMONIA/PNEUMONIA(1751).jpg,PNEUMONIA,2,train,462,241,RGB,cc7df8266da435c90ad62ac06a2659da,9bb9b1b1b171f191
data/q1/Data/train/PNEUMONIA/PNEUMONIA(1752).jpg,PNEUMONIA,2,train,1480,680,RGB,100ee396943d7b30b556152ea7dcc4a5,b4c4d4d5f0d0f0d4
data/q1/Data/train/PNEUMONIA/PNEUMONIA(1753).jpg,PNEUMONIA,2,train,1424,1128,RGB,ec7b6d0592a0c0d052fce9934479d3ce,71d0d4f0b0d0c4b4
data/q1/Data/train/PNEUMONIA/PNEUMONIA(1754).jpg,PNEUMONIA,2,train,920,664,RGB,95b3e55d87f13fdd2a4419f5231f8c66,f0d0d0d0b0f0d0f0
data/q1/Data/train/PNEUMONIA/PNEUMONIA(1755).jpg,PNEUMONIA,2,train,1728,1392,RGB,4e0fb1f4cd61efdeb8e9374a71e9fe05,e2c0243630a0a4b4
data/q1/Data/train/PNEUMONIA/PNEUMONIA(1757).jpg,PNEUMONIA,2,train,1184,960,RGB,bf526262838988880fcccc109294bd1c,f2f0f4b0f0b0f0f0
data/q1/Data/train/PNEUMONIA/PNEUMONIA(1759).jpg,PNEUMONIA,2,train,952,632,RGB,beaf3b932bcb887f3166a30800615d61,f0f1f4b0b0f8f8d8
data/q1/Data/train/PNEUMONIA/PNEUMONIA(176).jpg,PNEUMONIA,2,train,1184,1032,RGB,3a4b8d30fc03f03c37f83edce477a2b6,78da92b0b2b2f090
data/q1/Data/train/PNEUMONIA/PNEUMONIA(1760).jpg,PNEUMONIA,2,train,451,217,RGB,6edbab474985f17370c7fcfd34e72d88,b2b2b2b2b0b0f0d0
data/q1/Data/train/PNEUMONIA/PNEUMONIA(1762).jpg,PNEUMONIA,2,train,946,632,RGB,13f170aa5dbc39e1ac7f67f9f894ad8a,e1a4f4f0f0f0f0f0
data/q1/Data/train/PNEUMONIA/PNEUMONIA(1763).jpg,PNEUMONIA,2,train,1256,856,RGB,929d4333f4363781906cf70a682fc0fb,e1d5b5b2b2b4dac2
data/q1/Data/train/PNEUMONIA/PNEUMONIA(1764).jpg,PNEUMONIA,2,train,984,608,RGB,40d46b04dc61d02bf5dae9bafa01cd80,f0f0b0f0d0d4d4d2
data/q1/Data/train/PNEUMONIA/PNEUMONIA(1765).jpg,PNEUMONIA,2,train,468,229,RGB,600fdfa64e19d7e0f839f2bd3092498c,f2f2f2b2b0f0d0f2
data/q1/Data/train/PNEUMONIA/PNEUMONIA(1767).jpg,PNEUMONIA,2,train,952,584,RGB,56715b42794d460d2a886235bb0bb6a6,b8e172d2d0f0f0f0
data/q1/Data/train/PNEUMONIA/PNEUMONIA(1768).jpg,PNEUMONIA,2,train,984,544,RGB,d30f655581d70fe0bb9ae14c30737eea,e4c4f4b0b0b0f0d4
data/q1/Data/train/PNEUMONIA/PNEUMONIA(1769).jpg,PNEUMONIA,2,train,888,632,RGB,bcfd2d24224c3038fb3fcd979879bbc6,78f1f0f0f0d8f0f0
data/q1/Data/train/PNEUMONIA/PNEUMONIA(177).jpg,PNEUMONIA,2,train,1176,1032,RGB,04a0da7efb3959c1cca2d5ead1d9a454,a5b4b0b0f0b0f0d4
data/q1/Data/train/PNEUMONIA/PNEUMONIA(1770).jpg,PNEUMONIA,2,train,984,520,RGB,406da22ab3d48e71a6b928ef43f0937d,f4d4d0f0f8f8f0e2
data/q1/Data/train/PNEUMONIA/PNEUMONIA(1771).jpg,PNEUMONIA,2,train,1016,624,RGB,212fd4c0a5e8d4d0b8bf127159848ec5,f1b5b5b5b0f0f4c4
data/q1/Data/train/PNEUMONIA/PNEUMONIA(1772).jpg,PNEUMONIA,2,train,1080,712,RGB,463dd794a1985678a5924bae6c4583ac,70f0e4b0b0b0f0d0
data/q1/Data/train/PNEUMONIA/PNEUMONIA(1773).jpg,PNEUMONIA,2,train,1192,520,RGB,de7766510e61a7d037e320499291c39a,f0d4d4f0b0b0b0f0
data/q1/Data/train/PNEUMONIA/PNEUMONIA(1774).jpg,PNEUMONIA,2,train,1149,932,RGB,630eb89c5fc701f48616ddbda671bf21,d8b2b2b0b0f0f0f0
data/q1/Data/train/PNEUMONIA/PNEUMONIA(1775).jpg,PNEUMONIA,2,train,1224,856,RGB,374d761349ee0c0773a1cd025c030343,f0a4b4b6b2b2f0e4
data/q1/Data/train/PNEUMONIA/PNEUMONIA(1776).jpg,PNEUMONIA,2,train,1056,672,RGB,32a86c901d5a917cbf03482b684fd845,f0d494d0f0b0e4d4
data/q1/Data/train/PNEUMONIA/PNEUMONIA(1777).jpg,PNEUMONIA,2,train,976,672,RGB,1e2a0797cc8a209f53612e6adfe24ef9,e0f4b4b0b0b0f4d4
data/q1/Data/train/PNEUMONIA/PNEUMONIA(1779).jpg,PNEUMONIA,2,train,976,560,RGB,cd55a92d9308ce442c31f808f28081e3,d4f6b632727292d0
data/q1/Data/train/PNEUMONIA/PNEUMONIA(1780).jpg,PNEUMONIA,2,train,912,576,RGB,f7a4e0c83a43202f52769fc37175794a,f0e0f0f4f4f4b0b4
data/q1/Data/train/PNEUMONIA/PNEUMONIA(1781).jpg,PNEUMONIA,2,train,1272,592,RGB,5dccde43a814e537b3e710b22da37848,d4d4d0d0d0d1d4d4
data/q1/Data/train/PNEUMONIA/PNEUMONIA(1783).jpg,PNEUMONIA,2,train,1107,792,RGB,fa55aecd9c141f88cfa563dd5da8125b,e0b2b2f0f0f0f0f0
data/q1/Data/train/PNEUMONIA/PNEUMONIA(1784).jpg,PNEUMONIA,2,train,1320,768,RGB,40da0149fd6c942c4ea26539da983a8c,e0f0f0f0b0f0f0f0
data/q1/Data/train/PNEUMONIA/PNEUMONIA(1786).jpg,PNEUMONIA,2,train,1080,784,RGB,fa5479011fe01b9d035d604d98e59d9c,f9d0d2b2b2b2b280
data/q1/Data/train/PNEUMONIA/PNEUMONIA(1787).jpg,PNEUMONIA,2,train,1422,1104,RGB,1a5e19bdf45db797d31c819acb02974c,f2f094b2b2f0e0f0
data/q1/Data/train/PNEUMONIA/PNEUMONIA(179).jpg,PNEUMONIA,2,train,2064,1632,RGB,6ba950553734a272deb21b23275f4b68,70b0b6b23034b092
data/q1/Data/train/PNEUMONIA/PNEUMONIA(1790).jpg,PNEUMONIA,2,train,1056,736,RGB,093629d077c13c7cda1b6b8552b9e655,79d1d5f5f0f0d0c4
data/q1/Data/train/PNEUMONIA/PNEUMONIA(1791).jpg,PNEUMONIA,2,train,1216,1040,RGB,a119ad0be7d1a89ac3912c17c5609325,e4e6b2b0b0f0c0c0
data/q1/Data/train/PNEUMONIA/PNEUMONIA(1792).jpg,PNEUMONIA,2,train,888,784,RGB,15033a6feed96cf6453561c2365b144a,6160d4b0b0b0f0f0
data/q1/Data/train/PNEUMONIA/PNEUMONIA(1795).jpg,PNEUMONIA,2,train,880,520,RGB,de6796865d63726959ae327053b1f38b,b0b0b1f0f0f8f0f0
data/q1/Data/train/PNEUMONIA/PNEUMONIA(1799).jpg,PNEUMONIA,2,train,995,544,RGB,377ad3a7dc72f96e76cde1f6aaf40b5a,d494b0b0b0b0f0f0
data/q1/Data/train/PNEUMONIA/PNEUMONIA(18).jpg,PNEUMONIA,2,train,1128,624,RGB,2efc95ddecc702acd0daba639b7a7d13,7971515151d1f1d0
data/q1/Data/train/PNEUMONIA/PNEUMONIA(180).jpg,PNEUMONIA,2,train,2048,1448,RGB,aed73fc4934732f071641b3f73132bc8,329092b2b8b0f0f0
data/q1/Data/train/PNEUMONIA/PNEUMONIA(1802).jpg,PNEUMONIA,2,train,1112,640,RGB,fe11f0a5cdca2cb0bef0433ab0894d1b,e0f4b2b0f1d8c8dc
data/q1/Data/train/PNEUMONIA/PNEUMONIA(1803).jpg,PNEUMONIA,2,train,1072,720,RGB,05e3af43f7a905f2ea33bb5f7a962ed3,c8b4b2b2b0f2d0d4
data/q1/Data/train/PNEUMONIA/PNEUMONIA(1805).jpg,PNEUMONIA,2,train,1592,1488,RGB,891584418bb8efa73dd6c61a41ffd87e,d9b0b0f0f0f0f0f0
data/q1/Data/train/PNEUMONIA/PNEUMONIA(1806).jpg,PNEUMONIA,2,train,1824,1384,RGB,6c111a982c2f8da73c39c9074e962c83,f0d8dad8f8f8f8d0
data/q1/Data/train/PNEUMONIA/PNEUMONIA(1807).jpg,PNEUMONIA,2,train,1864,1648,RGB,b2e5ffd6e39d85d74c10b15765e5159f,30d3d0b0b0f0f0f0
data/q1/Data/train/PNEUMONIA/PNEUMONIA(1808).jpg,PNEUMONIA,2,train,1592,1352,RGB,5ef6e768f7cc38fcbc0135d2acda6796,31d2b2b2b0f0f0f0
data/q1/Data/train/PNEUMONIA/PNEUMONIA(1809).jpg,PNEUMONIA,2,train,912,456,RGB,86614b5a02aabfd57f1feceb065fdfb3,f1d0f0b0b0f0f0f0
data/q1/Data/train/PNEUMONIA/PNEUMONIA(181).jpg,PNEUMONIA,2,train,1968,1688,RGB,3c1498e8e8682824631147af3fd8cc82,30b7b7367272f0a0
data/q1/Data/train/PNEUMONIA/PNEUMONIA(1810).jpg,PNEUMONIA,2,train,1095,808,RGB,e0b51c7c3f954be2898735c7e899b2fb,e0d0d2fab8b8f8f8
data/q1/Data/train/PNEUMONIA/PNEUMONIA(1811).jpg,PNEUMONIA,2,train,1704,1616,RGB,12344db7fa2c2da4cc45d06fbd148ded,70f0f8b0b2b292b2
data/q1/Data/train/PNEUMONIA/PNEUMONIA(1812).jpg,PNEUMONIA,2,train,1848,1392,RGB,6529e3b186c639a929c4985585c03483,3298909ababab2b2
data/q1/Data/train/PNEUMONIA/PNEUMONIA(1814).jpg,PNEUMONIA,2,train,1176,720,RGB,4d10c392248f430c48c5b2e78eded37d,f492b0f0b0f0f0f0
data/q1/Data/train/PNEUMONIA/PNEUMONIA(1816).jpg,PNEUMONIA,2,train,1312,848,RGB,f9b81395660be9afceba02c1ab13f0e1,f8f4f2f0f0f0f0e0
data/q1/Data/train/PNEUMONIA/PNEUMONIA(1819).jpg,PNEUMONIA,2,train,1904,1560,RGB,666cf60d36829b497d9b6ce41f365726,f1d2dadad8d8d2d2
data/q1/Data/train/PNEUMONIA/PNEUMONIA(182).jpg,PNEUMONIA,2,train,1136,656,RGB,4ab3c86b651e250a6bc7f1e8ad195168,f8d4d6d2dad8d8f8
data/q1/Data/train/PNEUMONIA/PNEUMONIA(1820).jpg,PNEUMONIA,2,train,1040,648,RGB,546b0f6f615acfe4f914700749e3916d,f1b4b6323232f0d4
data/q1/Data/train/PNEUMONIA/PNEUMONIA(1821).jpg,PNEUMONIA,2,train,1106,832,RGB,5b4985b57f56845e4c7ed4f95c86243f,d0f4b4f272f0d0f0
data/q1/Data/train/PNEUMONIA/PNEUMONIA(1822).jpg,PNEUMONIA,2,train,1368,944,RGB,a50e731d9add3a083ac6576703fc5861,f0b4b0b0b0f8f8f0
data/q1/Data/train/PNEUMONIA/PNEUMONIA(1823).jpg,PNEUMONIA,2,train,1568,1272,RGB,5a4a3451b48213098dcb805aae7d6f48,6274b2b2b0b0f2d2
data/q1/Data/train/PNEUMONIA/PNEUMONIA(1825).jpg,PNEUMONIA,2,train,1184,808,RGB,f0f34ffb88d73fbcb06a1e04cd52f3b4,e0e4b4b0b0b0b4b2
data/q1/Data/train/PNEUMONIA/PNEUMONIA(1826).jpg,PNEUMONIA,2,train,1192,728,RGB,6ef5065bc1f352415a449330fa5aa87d,e4a4b0b0b0b8d8e4
data/q1/Data/train/PNEUMONIA/PNEUMONIA(1828).jpg,PNEUMONIA,2,train,1198,654,RGB,c6c6e0c1489a211cc9ebd63517c47306,a9d2d2d2f0b0f0f4
data/q1/Data/train/PNEUMONIA/PNEUMONIA(1829).jpg,PNEUMONIA,2,train,896,568,RGB,7400f2f686b7f1aa1a4af1d4339fc5c3,f0f2d2b0f8f8f0f0
data/q1/Data/train/PNEUMONIA/PNEUMONIA(183).jpg,PNEUMONIA,2,train,1112,784,RGB,4560607bce9eaca051b4d17946015ba1,b1f0f0b0b0b0f0f0
data/q1/Data/train/PNEUMONIA/PNEUMONIA(1830).jpg,PNEUMONIA,2,train,1437,936,RGB,d0464221f6f9fd58c025bc4f17c939c0,f0f092b2b0b0f8d8
data/q1/Data/train/PNEUMONIA/PNEUMONIA(1831).jpg,PNEUMONIA,2,train,1024,560,RGB,7518991e5405423649f6dcd7277c0714,a854d0d2d0f0f0f0
data/q1/Data/train/PNEUMONIA/PNEUMONIA(1832).jpg,PNEUMONIA,2,train,1512,1192,RGB,8d68100943baccb10099f3d25572c946,30f09692b0b0d0e0
data/q1/Data/train/PNEUMONIA/PNEUMONIA(1833).jpg,PNEUMONIA,2,train,1201,680,RGB,4cfae1e5d057fdd07759e97be0719d48,f492b2b2b0b0f0f0
data/q1/Data/train/PNEUMONIA/PNEUMONIA(1834).jpg,PNEUMONIA,2,train,984,656,RGB,8ffa3ef02dd20e842d68a1fce5f9eb9a,fcf0f0f0f0f0e0e0
data/q1/Data/train/PNEUMONIA/PNEUMONIA(1836).jpg,PNEUMONIA,2,train,914,520,RGB,bebb3c3ba6409cf9e758df53ffd19a03,f4f4f2b0b0f0e4e4
data/q1/Data/train/PNEUMONIA/PNEUMONIA(1840).jpg,PNEUMONIA,2,train,1480,872,RGB,0a264972ec002336aa2403bf3413a9e7,e0a4b4b0b0b2f0d0
data/q1/Data/train/PNEUMONIA/PNEUMONIA(1841).jpg,PNEUMONIA,2,train,1360,856,RGB,30e297ee6df374fef6719b3335187be0,e894b6b2b2b0f0f0
data/q1/Data/train/PNEUMONIA/PNEUMONIA(1842).jpg,PNEUMONIA,2,train,1364,1024,RGB,d701de0b93143c406afcdd4131dc09a8,e49492b2b0b0b0f0
data/q1/Data/train/PNEUMONIA/PNEUMONIA(1843).jpg,PNEUMONIA,2,train,1101,776,RGB,238756af326478ac274f462331ece523,e8d0b6b2b2f0f0b0
data/q1/Data/train/PNEUMONIA/PNEUMONIA(1844).jpg,PNEUMONIA,2,train,1160,800,RGB,56db78656ae7674d5c79dc5609175b07,f8f4f6b2b2f2c0c4
data/q1/Data/train/PNEUMONIA/PNEUMONIA(1846).jpg,PNEUMONIA,2,train,1160,920,RGB,6086ad42ad3d208eca06a9273602bcdc,70f0d4b2b2b0c084
data/q1/Data/train/PNEUMONIA/PNEUMONIA(1848).jpg,PNEUMONIA,2,train,1057,784,RGB,397f2805e079f1ecaf75d5b4317bbacf,c4d4b2b0b8f0e0e0
data/q1/Data/train/PNEUMONIA/PNEUMONIA(1849).jpg,PNEUMONIA,2,train,1416,912,RGB,75df0c8be6230b4a2fdec08f7627392e,f0f4d4f0b0b0d0d0
data/q1/Data/train/PNEUMONIA/PNEUMONIA(185).jpg,PNEUMONIA,2,train,1216,760,RGB,d4e0ee3983a38dd73737aba527c957b3,f1f0d2d0f0f0f0d4
data/q1/Data/train/PNEUMONIA/PNEUMONIA(1852).jpg,PNEUMONIA,2,train,1072,720,RGB,7b663ce6060e95c4adc129ed3ef0c4d8,d0d6b2b2b2f2e0c4
data/q1/Data/train/PNEUMONIA/PNEUMONIA(1853).jpg,PNEUMONIA,2,train,1382,848,RGB,21bd2b64589e5e06b9021084f7accd5e,f0d4d2dad8d8f8f8
data/q1/Data/train/PNEUMONIA/PNEUMONIA(1855).jpg,PNEUMONIA,2,train,1728,1224,RGB,ac9204d3cd33c72b74f70ef65f5e9a86,7ae4b4b0b0f0f0f0
data/q1/Data/train/PNEUMONIA/PNEUMONIA(1856).jpg,PNEUMONIA,2,train,1552,1200,RGB,d2a04e01eb0aa2579a85373515a20236,30f0f0b0b0f0e0f4
data/q1/Data/train/PNEUMONIA/PNEUMONIA(1857).jpg,PNEUMONIA,2,train,1464,1216,RGB,fbf0cb2208f070fe7e8bc982e79c9b6b,b0f0f4f0b0b0d0d4
data/q1/Data/train/PNEUMONIA/PNEUMONIA(1859).jpg,PNEUMONIA,2,train,1504,1152,RGB,7a1296e7eb0c0a79c29c2c8c180baea9,b0f0f4f0f0d0d2d2
data/q1/Data/train/PNEUMONIA/PNEUMONIA(186).jpg,PNEUMONIA,2,train,1300,960,RGB,215d9feb77911435dded2361c913d21c,f8d0b6b2f2f0e0e0
data/q1/Data/train/PNEUMONIA/PNEUMONIA(1860).jpg,PNEUMONIA,2,train,1581,1280,RGB,59bb132a15d9332474f9a3ee716d7a89,b8f8f2f2f8f0f0f0
data/q1/Data/train/PNEUMONIA/PNEUMONIA(1861).jpg,PNEUMONIA,2,train,1064,552,RGB,15023cec02b2ba05ab08d14378c96aba,f0d4d0f0b0b0f0c0
data/q1/Data/train/PNEUMONIA/PNEUMONIA(1863).jpg,PNEUMONIA,2,train,1392,912,RGB,d58988bf42110bbae8aa90cc7ced2a83,60f4f2f0f0f0f0f0
data/q1/Data/train/PNEUMONIA/PNEUMONIA(1864).jpg,PNEUMONIA,2,train,1328,936,RGB,8807b1f0540206d58d08f5514224b606,e0c4d2f2f0f0f0f0
data/q1/Data/train/PNEUMONIA/PNEUMONIA(1865).jpg,PNEUMONIA,2,train,1560,1056,RGB,8b0ff6c9b91688c408ec087df5963029,e0e4e4d4b2f0d0d4
data/q1/Data/train/PNEUMONIA/PNEUMONIA(1866).jpg,PNEUMONIA,2,train,1416,984,RGB,dfa6822d4259efadd95a41fbccb83ff1,70e4d6d2b2b0e0e0
data/q1/Data/train/PNEUMONIA/PNEUMONIA(1868).jpg,PNEUMONIA,2,train,1192,928,RGB,5ffe4421600635ae120cbd06328d35b3,f8d0d4f0f0f1a4a4
data/q1/Data/train/PNEUMONIA/PNEUMONIA(1869).jpg,PNEUMONIA,2,train,1008,512,RGB,c898e403981383e5cee177864f85261a,f0f4f4b0f0f8f8d8
data/q1/Data/train/PNEUMONIA/PNEUMONIA(187).jpg,PNEUMONIA,2,train,1208,856,RGB,02b5268ece8aacba0db2a3d777ebde59,f8d892b2b2b0f0a4
data/q1/Data/train/PNEUMONIA/PNEUMONIA(1871).jpg,PNEUMONIA,2,train,1336,840,RGB,20c35d29ed5d0e4a0bac02955b0b1903,f0e8e8f4f0f0f4d4
data/q1/Data/train/PNEUMONIA/PNEUMONIA(1873).jpg,PNEUMONIA,2,train,1072,712,RGB,04aedf5514aeecc66bc490fc18cd64f5,c0f4b5f0f0f0f0f0
data/q1/Data/train/PNEUMONIA/PNEUMONIA(1877).jpg,PNEUMONIA,2,train,1016,656,RGB,89429e7196134234fc66e229e6dc3372,c0e0b4b4b4b4f4f4
data/q1/Data/train/PNEUMONIA/PNEUMONIA(1878).jpg,PNEUMONIA,2,train,1192,952,RGB,3502eb37b1c814bf7f6be8d790b8eb58,f8d4d696b2b0b0ac
data/q1/Data/train/PNEUMONIA/PNEUMONIA(1879).jpg,PNEUMONIA,2,train,1438,1128,RGB,5ce461721ad943c644a6688a7de1c3c5,b2f4d2f2f0f0f0f0
data/q1/Data/train/PNEUMONIA/PNEUMONIA(1880).jpg,PNEUMONIA,2,train,840,456,RGB,209ab8c92ac1143aea71ce2e68d9ba26,74b490b0b0b0f8f8
data/q1/Data/train/PNEUMONIA/PNEUMONIA(1881).jpg,PNEUMONIA,2,train,1024,736,RGB,bea2ba4d62fbe3cba5c15c7dba70b5b2,3130585250505074
data/q1/Data/train/PNEUMONIA/PNEUMONIA(1882).jpg,PNEUMONIA,2,train,856,632,RGB,773c6ff1b2db1a77aab99188c5f9d507,e0f0d4b4b0b0d090
data/q1/Data/train/PNEUMONIA/PNEUMONIA(1883).jpg,PNEUMONIA,2,train,832,504,RGB,b2821859c4f0412564c4a95616e05d67,54d292b2b8b8f8c8
data/q1/Data/train/PNEUMONIA/PNEUMONIA(1884).jpg,PNEUMONIA,2,train,952,560,RGB,5995ad34c95181399fb957cc6f154fba,f1f1b5b5b5b0f0c4
data/q1/Data/train/PNEUMONIA/PNEUMONIA(1885).jpg,PNEUMONIA,2,train,1063,627,RGB,a222891037778b08aba9a995d159422b,f0d0f4f0b0f0f0f0
data/q1/Data/train/PNEUMONIA/PNEUMONIA(1886).jpg,PNEUMONIA,2,train,1402,1010,RGB,625bded48cae6701a95a31aa3b3524f6,f4d492b2b8b8b8f8
data/q1/Data/train/PNEUMONIA/PNEUMONIA(1887).jpg,PNEUMONIA,2,train,712,439,RGB,4f5735d5d564a4b91d37af8339226822,f2b2b2b0f0d0d0d0
data/q1/Data/train/PNEUMONIA/PNEUMONIA(1888).jpg,PNEUMONIA,2,train,1240,840,RGB,4e1c894d6474327c76f557e7d5bd16ad,f1d2d2b2b2b0d0d2
data/q1/Data/train/PNEUMONIA/PNEUMONIA(1890).jpg,PNEUMONIA,2,train,1080,624,RGB,4e08b837eee81734e7fdee14aace86cf,7565b1f0b0f0e0c0
data/q1/Data/train/PNEUMONIA/PNEUMONIA(1892).jpg,PNEUMONIA,2,train,944,640,RGB,bf78eaf22f63b8aa25618fc4c3462f26,7870f4d0f0f0f0f0
data/q1/Data/train/PNEUMONIA/PNEUMONIA(1893).jpg,PNEUMONIA,2,train,1000,544,RGB,0457fec40dd3d82eb4a8dd8b8c90fba2,e1e5b4f4f4f0f0c4
data/q1/Data/train/PNEUMONIA/PNEUMONIA(1894).jpg,PNEUMONIA,2,train,960,544,RGB,bbfb22152b39227e212359047b8936f2,f054d0f0f0b0f0c8
data/q1/Data/train/PNEUMONIA/PNEUMONIA(1897).jpg,PNEUMONIA,2,train,1048,736,RGB,9983b74944b03df6ca1091abdf29a0bc,6070517170f0d0d0
data/q1/Data/train/PNEUMONIA/PNEUMONIA(1898).jpg,PNEUMONIA,2,train,1032,528,RGB,c98ea4d8dff51e0ca6780dd77d6fc847,6170f1f1f1f0f0f0
data/q1/Data/train/PNEUMONIA/PNEUMONIA(19).jpg,PNEUMONIA,2,train,904,552,RGB,5648375c5f0e1a51f599f8b862916f1b,e0f4b0b0b0b0f0d8
data/q1/Data/train/PNEUMONIA/PNEUMONIA(190).jpg,PNEUMONIA,2,train,1088,672,RGB,f41d9e37840a1c8ad78c057a9528c11a,70f0b4b0b0f0f0f0
data/q1/Data/train/PNEUMONIA/PNEUMONIA(1900).jpg,PNEUMONIA,2,train,880,464,RGB,694e63e421f834991072662620092796,f4d4d4f0f0f0f0f0
data/q1/Data/train/PNEUMONIA/PNEUMONIA(1901).jpg,PNEUMONIA,2,train,1320,1208,RGB,ab93e09282e747c3c6899af6425bf970,33b6b2b2b2b0f080
data/q1/Data/train/PNEUMONIA/PNEUMONIA(1902).jpg,PNEUMONIA,2,train,1848,1632,RGB,489aad78ef742e1bf68be0be83d559ce,b2b297b2b2b2f0c4
data/q1/Data/train/PNEUMONIA/PNEUMONIA(1903).jpg,PNEUMONIA,2,train,1881,1608,RGB,4dc135d51b5cef7c847cfeaa0b82191a,b1d192b3b131f0d0
data/q1/Data/train/PNEUMONIA/PNEUMONIA(1904).jpg,PNEUMONIA,2,train,1952,1296,RGB,c7913ecb4a2c36c6d59879330dfac12a,e8b4b2b2b0b0f0f0
data/q1/Data/train/PNEUMONIA/PNEUMONIA(1905).jpg,PNEUMONIA,2,train,2000,1456,RGB,535468a849dc64065bf5814bf734104a,e294b6b2b0b0d0f0
data/q1/Data/train/PNEUMONIA/PNEUMONIA(1906).jpg,PNEUMONIA,2,train,1232,968,RGB,27ac5f884080349bcdc37da476d769ac,605450f0f4f0f0d0
data/q1/Data/train/PNEUMONIA/PNEUMONIA(1907).jpg,PNEUMONIA,2,train,1128,1040,RGB,10a34c24331b482bc7c081f0220c214e,e0f4b4f0f0f0f0d4
data/q1/Data/train/PNEUMONIA/PNEUMONIA(1908).jpg,PNEUMONIA,2,train,1168,1072,RGB,f3cd6cae235f1c780778e0e12d1ba72f,31d8d8f0f0f0f0d4
data/q1/Data/train/PNEUMONIA/PNEUMONIA(1912).jpg,PNEUMONIA,2,train,1120,880,RGB,82759025877dda8b147f1f27942a51d5,e1f0d4b0b0b0f0c4
data/q1/Data/train/PNEUMONIA/PNEUMONIA(1913).jpg,PNEUMONIA,2,train,1152,688,RGB,218b62dbab4f40416c3f7241f791ff10,71f1f4f4b4b4b0e0
data/q1/Data/train/PNEUMONIA/PNEUMONIA(1914).jpg,PNEUMONIA,2,train,1152,784,RGB,bc6091ed0a8b81f2c3347ce0752a3d75,64e4f4b4b4b0b0c0
data/q1/Data/train/PNEUMONIA/PNEUMONIA(1915).jpg,PNEUMONIA,2,train,1256,728,RGB,94c3c7e4e74d4b28d34c01f82e54f812,69f1f4f0f0b0f0e4
data/q1/Data/train/PNEUMONIA/PNEUMONIA(1916).jpg,PNEUMONIA,2,train,1136,792,RGB,93aa62af7d13b4bcc5f6164aa1867f8d,e8f4f0d0f0b0f0e4
data/q1/Data/train/PNEUMONIA/PNEUMONIA(1917).jpg,PNEUMONIA,2,train,1000,656,RGB,0315e1cb36869d4ee45c04629428ef3b,e1f1b0b0b0b0b0f0
data/q1/Data/train/PNEUMONIA/PNEUMONIA(1918).jpg,PNEUMONIA,2,train,1224,720,RGB,9b2a521e19c9da6c400731e86680df1f,7171f1f0f0b0f0e4
data/q1/Data/train/PNEUMONIA/PNEUMONIA(1919).jpg,PNEUMONIA,2,train,1120,640,RGB,0a46cb4690a0c4a53a49cabd74de304c,f0d0f0f0b0b0f0e4
data/q1/Data/train/PNEUMONIA/PNEUMONIA(192).jpg,PNEUMONIA,2,train,936,792,RGB,ad1aa80112a2bcf207bd66147b40d439,38fadaf0b0f0f0f0
data/q1/Data/train/PNEUMONIA/PNEUMONIA(1920).jpg,PNEUMONIA,2,train,1200,680,RGB,1678d4bd521ef9f5877c9ccdd15beb7f,f1f0b0f0b0b0f0e0
data/q1/Data/train/PNEUMONIA/PNEUMONIA(1921).jpg,PNEUMONIA,2,train,1264,1072,RGB,31e641dc510116428ce9a29ee37aa54b,72d4d4b0b0b4c4e0
data/q1/Data/train/PNEUMONIA/PNEUMONIA(1922).jpg,PNEUMONIA,2,train,1056,656,RGB,1643a0b4532274aa6fb44c39b818086d,5052d0b0b0b0f0e4
data/q1/Data/train/PNEUMONIA/PNEUMONIA(1923).jpg,PNEUMONIA,2,train,1272,896,RGB,41ee524910e7f0ab8ac16c05dc9630e0,70f0b0b0b0f8f0e4
data/q1/Data/train/PNEUMONIA/PNEUMONIA(1924).jpg,PNEUMONIA,2,train,1016,824,RGB,2ad0f2bcf8ca4a4a775f173979772ae6,7050d0d0b0f4e0e2
data/q1/Data/train/PNEUMONIA/PNEUMONIA(1925).jpg,PNEUMONIA,2,train,1136,824,RGB,babbfea05983235e4c810f4686eca2e6,e0e0d0d0f0b0f0f0
data/q1/Data/train/PNEUMONIA/PNEUMONIA(1926).jpg,PNEUMONIA,2,train,1024,656,RGB,905ec89e19d2cecb926931f1255431a3,70f4f0b0b0b0f4e0
data/q1/Data/train/PNEUMONIA/PNEUMONIA(1927).jpg,PNEUMONIA,2,train,1144,856,RGB,c5baa760e3aa9c1f0ce3a926822232ec,f17050d0b0b0e0e4
data/q1/Data/train/PNEUMONIA/PNEUMONIA(1928).jpg,PNEUMONIA,2,train,1272,736,RGB,63704faf181ec8bff3be5a7256a22c3a,70f0505050f0f0d4
data/q1/Data/train/PNEUMONIA/PNEUMONIA(1929).jpg,PNEUMONIA,2,train,986,634,RGB,58d4cf569f9a9d9a448cc740bdce3c0b,f1b1b0b0b030f0e0
data/q1/Data/train/PNEUMONIA/PNEUMONIA(1930).jpg,PNEUMONIA,2,train,944,632,RGB,9b7efaf7bc4ac796e47518194e9b0bb0,d496b2b2b0b0b4e4
data/q1/Data/train/PNEUMONIA/PNEUMONIA(1931).jpg,PNEUMONIA,2,train,1160,736,RGB,eb2719e70cf55ddd53a838f4bcd1ab5b,f0f0f0b4b0b0f0e4
data/q1/Data/train/PNEUMONIA/PNEUMONIA(1932).jpg,PNEUMONIA,2,train,1008,640,RGB,7dd0421d1b65f1688bbbcac3ad1410fa,f0b0b0b0b030f4e4
data/q1/Data/train/PNEUMONIA/PNEUMONIA(1933).jpg,PNEUMONIA,2,train,1080,712,RGB,2de21d960d9f4b3ec9b3aa1a0d0ed625,70f4f4f4b0b0f0e4
data/q1/Data/train/PNEUMONIA/PNEUMONIA(1934).jpg,PNEUMONIA,2,train,1017,632,RGB,ba9c0135aa786021397eed1c9f83073b,f0f0b4b0b0b0b0e4
data/q1/Data/train/PNEUMONIA/PNEUMONIA(1937).jpg,PNEUMONIA,2,train,1072,848,RGB,7d1f6bf0a97bb8ed28856fbec161912f,f8d890b0b0f0e0e4
data/q1/Data/train/PNEUMONIA/PNEUMONIA(1938).jpg,PNEUMONIA,2,train,1064,760,RGB,017e85fe6d00bffd64ce3b408476db18,f370d090b0b8b4e4
data/q1/Data/train/PNEUMONIA/PNEUMONIA(1939).jpg,PNEUMONIA,2,train,1152,736,RGB,70a416e7c1e1df82ce4f209294f912e5,70f4b4b4b4b4e0e8
data/q1/Data/train/PNEUMONIA/PNEUMONIA(194).jpg,PNEUMONIA,2,train,1480,1137,RGB,c8f0da5549f6ab1b2059841c209bb334,d9d8dad8b8f0f0f0
data/q1/Data/train/PNEUMONIA/PNEUMONIA(1940).jpg,PNEUMONIA,2,train,1152,816,RGB,caa19159e81e9b088f0b430494c28485,b8f0f0f0b0b0e0e8
data/q1/Data/train/PNEUMONIA/PNEUMONIA(1942).jpg,PNEUMONIA,2,train,1184,792,RGB,c1d2b9e8a2192c7fca0731fb9824407a,719292b2b2b0b0f0
data/q1/Data/train/PNEUMONIA/PNEUMONIA(1943).jpg,PNEUMONIA,2,train,1304,872,RGB,96237db39bec69d97434e60800bf7d76,f1f594f0f0f0f0d0
data/q1/Data/train/PNEUMONIA/PNEUMONIA(1944).jpg,PNEUMONIA,2,train,1056,680,RGB,83ba1730fdd8e961a23ba64665ae56bb,70b2b2b2f0f0f0f0
data/q1/Data/train/PNEUMONIA/PNEUMONIA(1945).jpg,PNEUMONIA,2,train,1048,856,RGB,3d4c2618f12ca2cac7e0e3e8ed0dce27,71b0b2b2f0f0f0f0
data/q1/Data/train/PNEUMONIA/PNEUMONIA(1948).jpg,PNEUMONIA,2,train,920,544,RGB,7a87d97607f2f374d99cba661d877423,71d5d490f0b0b0f0
data/q1/Data/train/PNEUMONIA/PNEUMONIA(195).jpg,PNEUMONIA,2,train,954,488,RGB,d174c4b664f484ffbc6b4a6473ee1877,f4f4b0b0f0b0f0f0
data/q1/Data/train/PNEUMONIA/PNEUMONIA(1950).jpg,PNEUMONIA,2,train,936,552,RGB,79097033709e0d4f90c2f8bf8a63f0e0,d0d6d8d0b4b4f0f4
data/q1/Data/train/PNEUMONIA/PNEUMONIA(1952).jpg,PNEUMONIA,2,train,856,544,RGB,5386285ccad76d19195fec8f26d236c1,f194b0b4b0b0f0f0
data/q1/Data/train/PNEUMONIA/PNEUMONIA(1954).jpg,PNEUMONIA,2,train,888,552,RGB,ad3b7cf0cbf7af63bbd83c46b5c5463f,d492b2b0b070d0e0
data/q1/Data/train/PNEUMONIA/PNEUMONIA(1955).jpg,PNEUMONIA,2,train,952,632,RGB,90ee28911e0838bb98dcbfc7a455a95c,7095b5b0b0f0f0c0
data/q1/Data/train/PNEUMONIA/PNEUMONIA(1956).jpg,PNEUMONIA,2,train,920,544,RGB,0ca8182a7e6aa247fe9333e5839d24a9,70e4f4b0b0b0f0f0
data/q1/Data/train/PNEUMONIA/PNEUMONIA(1957).jpg,PNEUMONIA,2,train,1096,560,RGB,19e64aea1d0722ec6ac8eb861ec80730,70d4d4d0d0f0f0d4
data/q1/Data/train/PNEUMONIA/PNEUMONIA(1958).jpg,PNEUMONIA,2,train,1088,616,RGB,370086ec29612d06961bb739553c1d1d,f0d494b2b0b0f0e0
data/q1/Data/train/PNEUMONIA/PNEUMONIA(1959).jpg,PNEUMONIA,2,train,1056,632,RGB,72366927c350c03e80585192be7c251a,f8d0d2b2b0b8f0e0
data/q1/Data/train/PNEUMONIA/PNEUMONIA(196).jpg,PNEUMONIA,2,train,1662,1099,RGB,e2205488416f117ec817a767325a030c,b1e0d2f2f2f2f0f0
data/q1/Data/train/PNEUMONIA/PNEUMONIA(1960).jpg,PNEUMONIA,2,train,1256,792,RGB,3103213000b3284d639da9ee7be26ace,f1f0f4b0b0b1f1e0
data/q1/Data/train/PNEUMONIA/PNEUMONIA(1961).jpg,PNEUMONIA,2,train,907,712,RGB,39e4261c54ebe20dd2638f3afe8a6efa,f8f8d8d8f8f0c0c0
data/q1/Data/train/PNEUMONIA/PNEUMONIA(1963).jpg,PNEUMONIA,2,train,1544,1288,RGB,137016fec80f201291e01d72095367c4,fcca5a5070446464
data/q1/Data/train/PNEUMONIA/PNEUMONIA(1964).jpg,PNEUMONIA,2,train,992,592,RGB,995041841702725d0a32b360c687da32,a1a1a5e0e0f0f0f0
data/q1/Data/train/PNEUMONIA/PNEUMONIA(1965).jpg,PNEUMONIA,2,train,896,560,RGB,fa443b0daacecd1c767224bd775cdc1b,f4f4f4f0b0b0f0f0
data/q1/Data/train/PNEUMONIA/PNEUMONIA(1966).jpg,PNEUMONIA,2,train,1008,720,RGB,0323788bdf77f034f9ee565df5fa3467,3874547070b0f0d0
data/q1/Data/train/PNEUMONIA/PNEUMONIA(1968).jpg,PNEUMONIA,2,train,928,656,RGB,dd027ff42b6415a64915d0817beb8245,285056b2b0b0f2f0
data/q1/Data/train/PNEUMONIA/PNEUMONIA(197).jpg,PNEUMONIA,2,train,759,504,RGB,9a82a61f0c4e16b7d236a3ce8eee01c4,9292b2b6b0f09692
data/q1/Data/train/PNEUMONIA/PNEUMONIA(1970).jpg,PNEUMONIA,2,train,992,760,RGB,018f8435df60d76252213dc0c8e4ac8f,7054d4f0f0b0f0d0
data/q1/Data/train/PNEUMONIA/PNEUMONIA(1971).jpg,PNEUMONIA,2,train,928,608,RGB,e85e1e7e6e113215659dd08a47204da0,79d4b4b2b0b0f2f0
data/q1/Data/train/PNEUMONIA/PNEUMONIA(1972).jpg,PNEUMONIA,2,train,1360,952,RGB,74a86514722adb6a6bfb89ba8179f983,f9d8d2b2b2b0b090
data/q1/Data/train/PNEUMONIA/PNEUMONIA(1973).jpg,PNEUMONIA,2,train,1200,1008,RGB,f846c9c7426833577e7dc2f0d308ddea,38505250f0f0f2f0
data/q1/Data/train/PNEUMONIA/PNEUMONIA(1974).jpg,PNEUMONIA,2,train,1072,928,RGB,3ecc57877876be94e3f0b242618ec38e,f0d6f4f0f2f0f0b0
data/q1/Data/train/PNEUMONIA/PNEUMONIA(1975).jpg,PNEUMONIA,2,train,1056,856,RGB,605aa687386037df59141ec2c4b44cf4,7052d2f2f2f0f1f0
data/q1/Data/train/PNEUMONIA/PNEUMONIA(1978).jpg,PNEUMONIA,2,train,1056,776,RGB,3736107477675debbbeed0f68aed9a87,f0d2d2f0b0f0f2f0
data/q1/Data/train/PNEUMONIA/PNEUMONIA(1979).jpg,PNEUMONIA,2,train,1216,872,RGB,26c2d78afdb58c1ebaf130a09196d214,71f5f1f0f0f0f0f4
data/q1/Data/train/PNEUMONIA/PNEUMONIA(198).jpg,PNEUMONIA,2,train,1256,808,RGB,6cfff5e0d325dc6b89b2364784fa937d,616921717171f0d4
data/q1/Data/train/PNEUMONIA/PNEUMONIA(1980).jpg,PNEUMONIA,2,train,1088,840,RGB,ab0bfedba407ca4052dc36cfca95393f,78dbfbf0b0f0f0f4
data/q1/Data/train/PNEUMONIA/PNEUMONIA(1981).jpg,PNEUMONIA,2,train,1072,800,RGB,d8393ca2c5d1c5d0302b787902b4553d,78d4f0b0b0b0f2f0
data/q1/Data/train/PNEUMONIA/PNEUMONIA(1982).jpg,PNEUMONIA,2,train,1202,882,RGB,9dfa6ae4d369741dda33fcde441ff28c,e4d6b2b0b0b0b1f4
data/q1/Data/train/PNEUMONIA/PNEUMONIA(1984).jpg,PNEUMONIA,2,train,936,496,RGB,e26d35313af4c47e1249f123b9995e62,f8f0d0d0f0f0b0f0
data/q1/Data/train/PNEUMONIA/PNEUMONIA(1985).jpg,PNEUMONIA,2,train,864,672,RGB,f8a87534eac2e6a85166692bea9e8e22,7050d0f0b0f0f0f0
data/q1/Data/train/PNEUMONIA/PNEUMONIA(1986).jpg,PNEUMONIA,2,train,760,488,RGB,a00b005cfe7b1b8f0e4c57bd10fa71cf,d0d0b0b0b0f0f0f0
data/q1/Data/train/PNEUMONIA/PNEUMONIA(1988).jpg,PNEUMONIA,2,train,1024,712,RGB,f1c01d9d4009c62290e3802675931a73,f0b2b2b0b0b0f0f0
data/q1/Data/train/PNEUMONIA/PNEUMONIA(1989).jpg,PNEUMONIA,2,train,1040,664,RGB,4618f7240a9e3ca7de4e64d32ee4cae7,e4e4b2f0b0b0f0f0
data/q1/Data/train/PNEUMONIA/PNEUMONIA(199).jpg,PNEUMONIA,2,train,976,696,RGB,48e73cc15f26627c8f507bbbee67e6a5,70d2d2b2b2f8d0d0
data/q1/Data/train/PNEUMONIA/PNEUMONIA(1990).jpg,PNEUMONIA,2,train,1112,856,RGB,f4855174536fd0207c07df8e29632cce,6154f2f0b0f0f090
data/q1/Data/train/PNEUMONIA/PNEUMONIA(1991).jpg,PNEUMONIA,2,train,1224,1000,RGB,2fca944521d4f6c87f6b71179e4cf91b,7060f4f0f0f1c1d4
data/q1/Data/train/PNEUMONIA/PNEUMONIA(1992).jpg,PNEUMONIA,2,train,1184,832,RGB,0dfe83c6f9a6e990d23d261d92f74c73,3170f2f2b0b0f0f0
data/q1/Data/train/PNEUMONIA/PNEUMONIA(1993).jpg,PNEUMONIA,2,train,1136,856,RGB,b7707de81e76a8f32667ce0a595d90f4,7175f1f1b1b0f0f4
data/q1/Data/train/PNEUMONIA/PNEUMONIA(1994).jpg,PNEUMONIA,2,train,928,608,RGB,689bef879ea1b9e474a536bba5b31510,e4b6b2f2f8f0f0d0
data/q1/Data/train/PNEUMONIA/PNEUMONIA(1995).jpg,PNEUMONIA,2,train,1152,760,RGB,51fb379b6fdac8c2b111127555ac9f60,e1f5b4b0b0b0f0c0
data/q1/Data/train/PNEUMONIA/PNEUMONIA(1996).jpg,PNEUMONIA,2,train,1209,948,RGB,5a3f275eb978a7a8099aad3e55787763,e8d2b2b8b0f0f0f0
data/q1/Data/train/PNEUMONIA/PNEUMONIA(1998).jpg,PNEUMONIA,2,train,1048,872,RGB,9c1d4d2748223d6e8dd67bd320174b81,6070f0b0e0f0f0d0
data/q1/Data/train/PNEUMONIA/PNEUMONIA(1999).jpg,PNEUMONIA,2,train,1056,808,RGB,22b82b1dfc2281bfd9ab3331822c503f,41d0f0f0f0f0d0d0
data/q1/Data/train/PNEUMONIA/PNEUMONIA(2).jpg,PNEUMONIA,2,train,1244,863,RGB,c337b46fe5d906c224ac5bec46bb9c4e,e4d2d29ab0b8b0f0
data/q1/Data/train/PNEUMONIA/PNEUMONIA(200).jpg,PNEUMONIA,2,train,1024,752,RGB,076a21c1aafa179a3cb2c3d32630a093,f4d6f2f2b2b0f0d0
data/q1/Data/train/PNEUMONIA/PNEUMONIA(2000).jpg,PNEUMONIA,2,train,1072,760,RGB,ac3b6b746d2e700b61f837e1369c75ea,63f1b1f1f1f1f1f1
data/q1/Data/train/PNEUMONIA/PNEUMONIA(2002).jpg,PNEUMONIA,2,train,1044,585,RGB,7d8eb3f24bf795c992d50aa4bfc422c8,f0d4b4b2b0b0f0e2
data/q1/Data/train/PNEUMONIA/PNEUMONIA(2003).jpg,PNEUMONIA,2,train,1192,568,RGB,91813e6d21fbfb96cf04e21dbadc3e8f,e8a9b1b1f0f0f0d4
data/q1/Data/train/PNEUMONIA/PNEUMONIA(2004).jpg,PNEUMONIA,2,train,1144,840,RGB,3dfa8f9afc3296a2905d868553297d4c,e0f4d2b0b0b0b0fa
data/q1/Data/train/PNEUMONIA/PNEUMONIA(2005).jpg,PNEUMONIA,2,train,1416,1288,RGB,a6af87f3a0aa382d452d9967fded73d1,70b13030327070f4
data/q1/Data/train/PNEUMONIA/PNEUMONIA(2006).jpg,PNEUMONIA,2,train,1712,1256,RGB,055fe1478c1a325b01a397628a9423cc,b1f1d0d0f0b0f0f0
data/q1/Data/train/PNEUMONIA/PNEUMONIA(2008).jpg,PNEUMONIA,2,train,1130,768,RGB,fd2e123fca3425fb63e57e8dc67a5267,f8d292b2b2b0f0d0
data/q1/Data/train/PNEUMONIA/PNEUMONIA(201).jpg,PNEUMONIA,2,train,1080,776,RGB,dd1711dff520d79b4100553480acd5bb,d0d6d2f2b2b2f2c2
data/q1/Data/train/PNEUMONIA/PNEUMONIA(2010).jpg,PNEUMONIA,2,train,1088,712,RGB,a75a8d6ee65ddf343cea922cebb7ea27,71f0b2b0b0b0f0f0
data/q1/Data/train/PNEUMONIA/PNEUMONIA(2011).jpg,PNEUMONIA,2,train,1248,688,RGB,4ef0aca981ad6e586f62b19d1fa51081,78517070f0f0d0d0
data/q1/Data/train/PNEUMONIA/PNEUMONIA(2013).jpg,PNEUMONIA,2,train,1240,784,RGB,5c83b7548631fc3a9b3c570584b84af2,73717470f0f0f0d0
data/q1/Data/train/PNEUMONIA/PNEUMONIA(2014).jpg,PNEUMONIA,2,train,1064,696,RGB,c7980775daab0689adbc35c2462002f5,73f1b1b3b0b0f0f0
data/q1/Data/train/PNEUMONIA/PNEUMONIA(2015).jpg,PNEUMONIA,2,train,1213,1069,RGB,4fb3b7237b887031c5f92500579a6f70,b9d0b2b1f0f0f0f0
data/q1/Data/train/PNEUMONIA/PNEUMONIA(2017).jpg,PNEUMONIA,2,train,1128,728,RGB,51a79c5ba118e71adf8554e65caa1fdd,f3e5b5b1b1b0f0f0
data/q1/Data/train/PNEUMONIA/PNEUMONIA(2018).jpg,PNEUMONIA,2,train,1243,825,RGB,12af4a1bae48a2aa28fc021beae104d6,e0d492b2b2b2f2f0
data/q1/Data/train/PNEUMONIA/PNEUMONIA(202).jpg,PNEUMONIA,2,train,1112,736,RGB,9d98083c8cc5f11a2c8e1026fd4b17db,64d6d2d2f2fab8f8
data/q1/Data/train/PNEUMONIA/PNEUMONIA(2022).jpg,PNEUMONIA,2,train,992,664,RGB,a7b20ce7286bf09f65b6eecf3c9ed20c,75f5b2b0f0f0f0e0
data/q1/Data/train/PNEUMONIA/PNEUMONIA(2024).jpg,PNEUMONIA,2,train,1072,720,RGB,6d19494c9b4f87305a3cca8924cf306f,b07252d2f0f0f0f0
data/q1/Data/train/PNEUMONIA/PNEUMONIA(2025).jpg,PNEUMONIA,2,train,1008,728,RGB,666cb79afcc6e47b5aa130e3bfcaa82c,b1f0d2f2f0f0f0d0
data/q1/Data/train/PNEUMONIA/PNEUMONIA(2027).jpg,PNEUMONIA,2,train,1080,680,RGB,53a37770012ea6484b9a0bb868a030c4,f0d4d2f0f0f0d0d0
data/q1/Data/train/PNEUMONIA/PNEUMONIA(2028).jpg,PNEUMONIA,2,train,1024,600,RGB,91d3f072519b6c6c7ac93493132d6f22,68e4b4b0b0b0b0f0
data/q1/Data/train/PNEUMONIA/PNEUMONIA(2029).jpg,PNEUMONIA,2,train,1008,600,RGB,a3539255b0b58005e10bb3db5e672550,71f0b0b0b0f0f2d0
data/q1/Data/train/PNEUMONIA/PNEUMONIA(203).jpg,PNEUMONIA,2,train,952,640,RGB,455a1ba1c7fe080d1455ca75b9f2e49b,f090b0b2b2f0f0d0
data/q1/Data/train/PNEUMONIA/PNEUMONIA(2032).jpg,PNEUMONIA,2,train,1280,1016,RGB,f0ecbe3fcc4145361ade57a995ca700e,39d2d2f0f0f0e8ec
data/q1/Data/train/PNEUMONIA/PNEUMONIA(2034).jpg,PNEUMONIA,2,train,1299,890,RGB,3c25f427ca9b033b6778de04b04db9e2,78f2b2b0b0b0f0f0
data/q1/Data/train/PNEUMONIA/PNEUMONIA(2035).jpg,PNEUMONIA,2,train,1260,971,RGB,cf161b2916157cc3746171f222177afe,71f2b232b0b0f0f0
data/q1/Data/train/PNEUMONIA/PNEUMONIA(2037).jpg,PNEUMONIA,2,train,1129,736,RGB,29d1401a856e4604347496218f6328f8,f0b6b2b2f0b0f0f0
data/q1/Data/train/PNEUMONIA/PNEUMONIA(2039).jpg,PNEUMONIA,2,train,1200,552,RGB,644f83169346e701aafcab079cdd01dc,70d4d0d0747070e4
data/q1/Data/train/PNEUMONIA/PNEUMONIA(2041).jpg,PNEUMONIA,2,train,1136,872,RGB,696f151db972e642424a945fd12cb816,e1c1f1f17170f0f4
data/q1/Data/train/PNEUMONIA/PNEUMONIA(2042).jpg,PNEUMONIA,2,train,1024,704,RGB,2a612e1bbd1aad775b4561dd7d25289a,62f6f5f1f0f0f0d4
data/q1/Data/train/PNEUMONIA/PNEUMONIA(2043).jpg,PNEUMONIA,2,train,880,584,RGB,7a867be17223de559695aab412cc90c0,70f0f0b0b0b0f0f4
data/q1/Data/train/PNEUMONIA/PNEUMONIA(2044).jpg,PNEUMONIA,2,train,960,648,RGB,51b44561d9c989896929d900c8bb7bc7,e0f0f0b0f0f0f0d4
data/q1/Data/train/PNEUMONIA/PNEUMONIA(2045).jpg,PNEUMONIA,2,train,952,624,RGB,4669bf0bb3a38de2b945d5765e45c930,f0f0f0f0f0f0f0f0
data/q1/Data/train/PNEUMONIA/PNEUMONIA(2046).jpg,PNEUMONIA,2,train,968,512,RGB,275bd1ec08caf9f02ecbe4dbe43d953f,f1f0f0b0b0b0f0f0
data/q1/Data/train/PNEUMONIA/PNEUMONIA(2048).jpg,PNEUMONIA,2,train,1072,632,RGB,c6da34a5c5065036679a3ea51913c8c7,377371303071f1f0
data/q1/Data/train/PNEUMONIA/PNEUMONIA(205).jpg,PNEUMONIA,2,train,968,536,RGB,07325872b31b9dee93cf2176229d92a8,717570f0f0f0f0f0
data/q1/Data/train/PNEUMONIA/PNEUMONIA(2050).jpg,PNEUMONIA,2,train,1126,720,RGB,a3de74b779ae90ca79d480841ae55cf3,f0d0b2b2f2b0f0e0
data/q1/Data/train/PNEUMONIA/PNEUMONIA(2051).jpg,PNEUMONIA,2,train,1580,1264,RGB,717cf6a3d1711f26237825e1904b2aac,f094b4b2b0b0f0e0
data/q1/Data/train/PNEUMONIA/PNEUMONIA(2053).jpg,PNEUMONIA,2,train,1704,1256,RGB,28b284be22fad8599ee5f08fd73f11f5,98dad292b290e0f2
data/q1/Data/train/PNEUMONIA/PNEUMONIA(2054).jpg,PNEUMONIA,2,train,1238,994,RGB,2d0be1cc9acbe94b0edc78c3ba2fba46,e4f4b2b2b0b0f1f0
data/q1/Data/train/PNEUMONIA/PNEUMONIA(2055).jpg,PNEUMONIA,2,train,1223,951,RGB,9daa3ae8f8176d452d74b8840455e14d,f0b4b2b0f070f2c2
data/q1/Data/train/PNEUMONIA/PNEUMONIA(2056).jpg,PNEUMONIA,2,train,1280,1088,RGB,8fc220ac110aa0bc23cc5cbdc570b405,62e0b4b4b0b0f0f0
data/q1/Data/train/PNEUMONIA/PNEUMONIA(2057).jpg,PNEUMONIA,2,train,1344,1072,RGB,32578409c22eb72c6055b6d0cdb6d68c,71f4b4b0b0b0a0a4
data/q1/Data/train/PNEUMONIA/PNEUMONIA(2059).jpg,PNEUMONIA,2,train,468,242,RGB,6513cce9716588694d5adddba2814b66,b6b2303072f0f0f2
data/q1/Data/train/PNEUMONIA/PNEUMONIA(206).jpg,PNEUMONIA,2,train,1004,736,RGB,015a32a775ae9e498670706a1df9b4df,f4b2b0b0f0f0d0f0
data/q1/Data/train/PNEUMONIA/PNEUMONIA(2060).jpg,PNEUMONIA,2,train,1395,1099,RGB,1b5de260247c0721c2fc80ca4640e95b,c064b4b0b0b0b0f2
data/q1/Data/train/PNEUMONIA/PNEUMONIA(2061).jpg,PNEUMONIA,2,train,1136,920,RGB,38840008b7169fbc897c8133893cc080,70d0d2b2f0f0b0f0
data/q1/Data/train/PNEUMONIA/PNEUMONIA(2062).jpg,PNEUMONIA,2,train,1291,1076,RGB,cbd1f88d8b1c9a969a691ad9e805f8c7,737492b2b0b0f0f0
data/q1/Data/train/PNEUMONIA/PNEUMONIA(2063).jpg,PNEUMONIA,2,train,1740,1377,RGB,1ff56c41d1aa424a3e1a8afd1aff7c3b,cc9692b2b2f0d0f4
data/q1/Data/train/PNEUMONIA/PNEUMONIA(2064).jpg,PNEUMONIA,2,train,848,600,RGB,ad1abd29462a332b84e158991d25d39f,5050d0f0f0f0f0f0
data/q1/Data/train/PNEUMONIA/PNEUMONIA(2065).jpg,PNEUMONIA,2,train,944,584,RGB,9e9484382f6eb8e569f17c5160a235c2,f1e1b1b1b1f1e1e1
data/q1/Data/train/PNEUMONIA/PNEUMONIA(2067).jpg,PNEUMONIA,2,train,872,536,RGB,07dfaabd5a61f5db4a4bc6992a5c0801,7951d1b0b0f0f0f0
data/q1/Data/train/PNEUMONIA/PNEUMONIA(2069).jpg,PNEUMONIA,2,train,546,219,RGB,54e3979596fe9234f065c256e80880e5,94b0b0b0b0b8b0f0
data/q1/Data/train/PNEUMONIA/PNEUMONIA(2071).jpg,PNEUMONIA,2,train,1000,496,RGB,47a0de38cc2c3aa4286a2f5d73bf9508,d09496b2b0b0b0b0
data/q1/Data/train/PNEUMONIA/PNEUMONIA(2072).jpg,PNEUMONIA,2,train,1008,576,RGB,21d0da5aa58f6e86e143b6e06c108d8a,f295b1b0b0b0f0f4
data/q1/Data/train/PNEUMONIA/PNEUMONIA(2074).jpg,PNEUMONIA,2,train,896,576,RGB,d9ac077a83043ea7a539b7a8cc2efc5d,d8d8b2b0b0b0d0d0
data/q1/Data/train/PNEUMONIA/PNEUMONIA(2075).jpg,PNEUMONIA,2,train,1224,688,RGB,9976df30c27a571c0303555414dbd069,f1f0585858d8f0e0
data/q1/Data/train/PNEUMONIA/PNEUMONIA(2076).jpg,PNEUMONIA,2,train,896,528,RGB,c1df238bcdbe8fcce23b1c007a64b82e,d0b6b2b2b2b0f0f0
data/q1/Data/train/PNEUMONIA/PNEUMONIA(2077).jpg,PNEUMONIA,2,train,1024,624,RGB,4f013e2492960662419226eb2e15c233,78545470f0f0f0f0
data/q1/Data/train/PNEUMONIA/PNEUMONIA(2078).jpg,PNEUMONIA,2,train,2079,1731,RGB,ed1149757f6a9def5a74bd332e55a062,bcd292b2b2b0f0f4
data/q1/Data/train/PNEUMONIA/PNEUMONIA(2079).jpg,PNEUMONIA,2,train,1174,812,RGB,e72ac6044d441a6dc4c9b52bb509a1ad,e8d4bcb4b0f4f4f0
data/q1/Data/train/PNEUMONIA/PNEUMONIA(208).jpg,PNEUMONIA,2,train,1028,650,RGB,3b1639e365fb437e3b9f7701e3baeab8,f0e4b4b4b2b2f0e0
data/q1/Data/train/PNEUMONIA/PNEUMONIA(2081).jpg,PNEUMONIA,2,train,1096,624,RGB,e027d7cd2b70f1086dfde7ef266c6161,e0d0d0f4b4b4d0f4
data/q1/Data/train/PNEUMONIA/PNEUMONIA(2083).jpg,PNEUMONIA,2,train,1448,1040,RGB,2f535ff6e34e2c25a60745fba54bbf70,b194b0b0b0b0b0f0
data/q1/Data/train/PNEUMONIA/PNEUMONIA(2084).jpg,PNEUMONIA,2,train,1296,1072,RGB,64306374e243d920491e333fdbced5c5,f8d0d0f4f0f6f4f4
data/q1/Data/train/PNEUMONIA/PNEUMONIA(2085).jpg,PNEUMONIA,2,train,1208,1104,RGB,8e7eaecf3c9670227f3bd087da35e291,319290b8b0b0f0f0
data/q1/Data/train/PNEUMONIA/PNEUMONIA(2086).jpg,PNEUMONIA,2,train,1384,1016,RGB,366a8d7cb9530963d682aecc6abeed4a,b0f8f4f4f4f4f4d4
data/q1/Data/train/PNEUMONIA/PNEUMONIA(2087).jpg,PNEUMONIA,2,train,2771,2098,RGB,ebcf0d558766d562fd2454c380776490,f69692bbbbb9d0f4
data/q1/Data/train/PNEUMONIA/PNEUMONIA(2088).jpg,PNEUMONIA,2,train,2628,1905,RGB,3ec62807889affe62e0fe365a14f9dc1,f0d2939393b2b0d2
data/q1/Data/train/PNEUMONIA/PNEUMONIA(209).jpg,PNEUMONIA,2,train,1488,1136,RGB,7ac7c67a5f0a39edb1b0f2c577a55b9b,6090b2b2b2b2f090
data/q1/Data/train/PNEUMONIA/PNEUMONIA(2090).jpg,PNEUMONIA,2,train,1088,656,RGB,20f98cfb1ff2f7bdb792c8a4f2891e0c,f170f0f0f0f0f0f0
data/q1/Data/train/PNEUMONIA/PNEUMONIA(2091).jpg,PNEUMONIA,2,train,1088,560,RGB,13a6a19e60fe86a2276c570096892be0,3171717171f0f0f0
data/q1/Data/train/PNEUMONIA/PNEUMONIA(2092).jpg,PNEUMONIA,2,train,840,544,RGB,ca08c5ee4ff2d67e14fa92db7a9e0b64,f4b4b0f0f070f0d0
data/q1/Data/train/PNEUMONIA/PNEUMONIA(2093).jpg,PNEUMONIA,2,train,1020,647,RGB,ce9b44b202439805e1707e57fb50d964,d9d4b2b2b0b0f4f4
data/q1/Data/train/PNEUMONIA/PNEUMONIA(2094).jpg,PNEUMONIA,2,train,1229,840,RGB,41e592d20b32fd86c1e6231118e4139f,d096b2b2b1b1f1f0
data/q1/Data/train/PNEUMONIA/PNEUMONIA(2095).jpg,PNEUMONIA,2,train,1048,856,RGB,53f5e6b7bba5acbe4f9052cf2f7b07ca,f8d0d2b2b2f2f0b4
data/q1/Data/train/PNEUMONIA/PNEUMONIA(2097).jpg,PNEUMONIA,2,train,1255,936,RGB,ad105c2c18bfa2fd276f36cbad3114c9,f0d4b2b2b1b1f1f0
data/q1/Data/train/PNEUMONIA/PNEUMONIA(2098).jpg,PNEUMONIA,2,train,1707,1400,RGB,573dbceccde3755b2cebf08052dcabaa,b8d292b2b2b2d0f0
data/q1/Data/train/PNEUMONIA/PNEUMONIA(21).jpg,PNEUMONIA,2,train,952,624,RGB,10f888a020e87efa35a4fc558f0fa81c,7150f0b0f0b0f0f8
data/q1/Data/train/PNEUMONIA/PNEUMONIA(2100).jpg,PNEUMONIA,2,train,928,664,RGB,851ca888d0fa512737b74dbb056a20e7,f0d0f2b0b0f0e0e0
data/q1/Data/train/PNEUMONIA/PNEUMONIA(2102).jpg,PNEUMONIA,2,train,936,616,RGB,804edd16cb6942a0f68baea4f483a451,e1f0f0b0b0b0f0e0
data/q1/Data/train/PNEUMONIA/PNEUMONIA(2103).jpg,PNEUMONIA,2,train,904,648,RGB,809c2c03502411aea19357b1a844d806,e0f2f2b2b0b0f0f0
data/q1/Data/train/PNEUMONIA/PNEUMONIA(2104).jpg,PNEUMONIA,2,train,920,720,RGB,036a4e4cd47cbac70ef6a4b652ebbd4c,e1d2b2b2b2b0f0d0
data/q1/Data/train/PNEUMONIA/PNEUMONIA(2105).jpg,PNEUMONIA,2,train,976,600,RGB,72ecf74a3f9501a4791f4ce2f162b955,e1d4f4b0b0f0f0d0
data/q1/Data/train/PNEUMONIA/PNEUMONIA(2107).jpg,PNEUMONIA,2,train,1000,680,RGB,77f60be4342ea0e53bacd07b21847328,6161b5b5b1b1f1e1
data/q1/Data/train/PNEUMONIA/PNEUMONIA(2108).jpg,PNEUMONIA,2,train,992,616,RGB,91e6664fa3a5501ca4a9617e2f9147ac,60d4b4b0b0b0f0f0
data/q1/Data/train/PNEUMONIA/PNEUMONIA(2109).jpg,PNEUMONIA,2,train,1016,728,RGB,315b7a09ed45e159b471be77cc33d3b5,e8d0d2b0b0f0c0c0
data/q1/Data/train/PNEUMONIA/PNEUMONIA(211).jpg,PNEUMONIA,2,train,1152,616,RGB,7ab31ce2a230d102ede53ac8f5d818a0,f0f6d2d2d0d0d0f0
data/q1/Data/train/PNEUMONIA/PNEUMONIA(2110).jpg,PNEUMONIA,2,train,500,250,RGB,b4f4f62046155f0d64d8bae919f173c6,9292b2b0b031f1f0
data/q1/Data/train/PNEUMONIA/PNEUMONIA(2111).jpg,PNEUMONIA,2,train,428,256,RGB,100161619fb3959654d74a6bb3cd1a36,b2b2303030f0d492
data/q1/Data/train/PNEUMONIA/PNEUMONIA(2112).jpg,PNEUMONIA,2,train,1290,809,RGB,0dd063c38352ce716a22700455224a98,e8d6b2b2b2b0b1f0
data/q1/Data/train/PNEUMONIA/PNEUMONIA(2113).jpg,PNEUMONIA,2,train,1337,1079,RGB,a04d79634074133fee4f388c745b2616,f894b6b2f2f0f0f0
data/q1/Data/train/PNEUMONIA/PNEUMONIA(2114).jpg,PNEUMONIA,2,train,1120,616,RGB,911940ca8184fcbaa5da51d85b14d731,70505070f0f0f0f0
data/q1/Data/train/PNEUMONIA/PNEUMONIA(2117).jpg,PNEUMONIA,2,train,904,560,RGB,1b4a2195dd3e25b0e30ec53fc1cc4fa8,f0f4b4b4b0f0d0d0
data/q1/Data/train/PNEUMONIA/PNEUMONIA(2118).jpg,PNEUMONIA,2,train,1303,789,RGB,c9f52850de9a43a82e3a148e7c3517e8,79d4d4b2b0b0f0e2
data/q1/Data/train/PNEUMONIA/PNEUMONIA(2119).jpg,PNEUMONIA,2,train,976,648,RGB,95481284cc0df8e6f75eeea0bee47694,3970d3f2f2f0f0f0
data/q1/Data/train/PNEUMONIA/PNEUMONIA(2120).jpg,PNEUMONIA,2,train,848,544,RGB,a58d4fc2b829d18f10364e4489134edc,f0d4b6f2f0f0f0f0
data/q1/Data/train/PNEUMONIA/PNEUMONIA(2121).jpg,PNEUMONIA,2,train,1024,576,RGB,9dffc149c94f21a5d7dc60b79e420e68,2074747070f0f0d0
data/q1/Data/train/PNEUMONIA/PNEUMONIA(2123).jpg,PNEUMONIA,2,train,1216,872,RGB,02d7f04eca297d30175f30ecbc872c63,79d0d2b2b2b0f0f0
data/q1/Data/train/PNEUMONIA/PNEUMONIA(2124).jpg,PNEUMONIA,2,train,1159,864,RGB,4e1f1d84812107fa5c184a403b0b81ec,c0f4b6b2b270f0f4
data/q1/Data/train/PNEUMONIA/PNEUMONIA(2125).jpg,PNEUMONIA,2,train,1008,512,RGB,ddcc79fcc3d63202be2c01d92795ba97,94b4b4b2b232f2d0
data/q1/Data/train/PNEUMONIA/PNEUMONIA(2126).jpg,PNEUMONIA,2,train,1768,1712,RGB,134703d0bdd60dfeba1b388610ce37c1,b2f0b0b0b0b0f0f0
data/q1/Data/train/PNEUMONIA/PNEUMONIA(2127).jpg,PNEUMONIA,2,train,1200,960,RGB,d3ca1923970789354fec40cd529e39a3,f4b6b2b2b0b0b0d0
data/q1/Data/train/PNEUMONIA/PNEUMONIA(2128).jpg,PNEUMONIA,2,train,1264,936,RGB,65e409860c802a5674ca9d1fb7d19957,38d0d2b2b8b0f0f4
data/q1/Data/train/PNEUMONIA/PNEUMONIA(2130).jpg,PNEUMONIA,2,train,525,282,RGB,c9016b38ee42efa2e1c4d773a6505058,d9f8b8f8f0f0f0f0
data/q1/Data/train/PNEUMONIA/PNEUMONIA(2131).jpg,PNEUMONIA,2,train,1176,616,RGB,99937b41772bcb8e009d77263959ef39,f2f0f1f0f0f0f0e0
data/q1/Data/train/PNEUMONIA/PNEUMONIA(2132).jpg,PNEUMONIA,2,train,1512,1216,RGB,08d306968d5bea139353408d491696d5,70b4b6b2b0b0f0f0
data/q1/Data/train/PNEUMONIA/PNEUMONIA(2133).jpg,PNEUMONIA,2,train,1456,1232,RGB,aeb880cf73deb9d1e7545d7545536645,b8d0b2b2b0b0f0f4
data/q1/Data/train/PNEUMONIA/PNEUMONIA(2134).jpg,PNEUMONIA,2,train,1520,1192,RGB,1ca15db96575249641c64349f09ebe03,f1f0b2b2b0b0b090
data/q1/Data/train/PNEUMONIA/PNEUMONIA(2135).jpg,PNEUMONIA,2,train,1440,1104,RGB,8724771f18c4bdec54ef87b6aed80c16,60b2b2b2b0b0f092
data/q1/Data/train/PNEUMONIA/PNEUMONIA(2136).jpg,PNEUMONIA,2,train,1504,1336,RGB,3551ab8e6ba765af76b4b5cde91d442a,31b1b2b2b0b0f0d0
data/q1/Data/train/PNEUMONIA/PNEUMONIA(2137).jpg,PNEUMONIA,2,train,1769,1306,RGB,ff6f521ea980860d2aea95f9dd51b910,71b292b2b2b0f0e4
data/q1/Data/train/PNEUMONIA/PNEUMONIA(2138).jpg,PNEUMONIA,2,train,570,305,RGB,146493e8c8e5970ac2deeacc4f7c5aa6,d4b4b0b0b0f0f0d8
data/q1/Data/train/PNEUMONIA/PNEUMONIA(2139).jpg,PNEUMONIA,2,train,1216,744,RGB,ccf2de9c749527ee9fd0020188936165,f0d4d4d1d1f1f0f0
data/q1/Data/train/PNEUMONIA/PNEUMONIA(2140).jpg,PNEUMONIA,2,train,1000,680,RGB,0075669ed5e4274d437f96a0ba630f33,70f4b0b0b0b0f0c4
data/q1/Data/train/PNEUMONIA/PNEUMONIA(2141).jpg,PNEUMONIA,2,train,1336,768,RGB,e9aa38e76c373e819e614e748bbc7db8,7175d159f9f9f0f0
data/q1/Data/train/PNEUMONIA/PNEUMONIA(2142).jpg,PNEUMONIA,2,train,984,696,RGB,5b3509cf852942c7bb0f2d36ada60c7d,7054d290b0f8f0d0
data/q1/Data/train/PNEUMONIA/PNEUMONIA(2143).jpg,PNEUMONIA,2,train,1224,816,RGB,9b86be9a5196382ad66c1523ab400524,70f0d1d0d0f8e0c0
data/q1/Data/train/PNEUMONIA/PNEUMONIA(2144).jpg,PNEUMONIA,2,train,1024,688,RGB,ae1a88404e38974e30ff6e71cd935ae8,715414b0f0b0f0c2
data/q1/Data/train/PNEUMONIA/PNEUMONIA(2145).jpg,PNEUMONIA,2,train,992,664,RGB,fe5393b3557a15764a56cc2a6e6d2275,7270f0b0b0b8f8f2
data/q1/Data/train/PNEUMONIA/PNEUMONIA(2146).jpg,PNEUMONIA,2,train,1306,821,RGB,4396ed8632c55e9153e299f26a8238b6,e1d0d4d0b0b8f0d6
data/q1/Data/train/PNEUMONIA/PNEUMONIA(2147).jpg,PNEUMONIA,2,train,1233,778,RGB,22f28cf30033576b308883d2a3a1d193,e9a5b4b0b0b0b0f2
data/q1/Data/train/PNEUMONIA/PNEUMONIA(2149).jpg,PNEUMONIA,2,train,920,600,RGB,4ca3ee8e2fda791b88aa64e77200d2f4,f0f5b4b0b0b0f0f0
data/q1/Data/train/PNEUMONIA/PNEUMONIA(215).jpg,PNEUMONIA,2,train,1336,848,RGB,c5028f2ddcc4f1a894329dce1ffb5652,e0d490f0b0f0d4d4
data/q1/Data/train/PNEUMONIA/PNEUMONIA(2152).jpg,PNEUMONIA,2,train,1353,759,RGB,0a6023fd097a2c411a20002d258e5088,f194b6b2b0b0f0f0
data/q1/Data/train/PNEUMONIA/PNEUMONIA(2153).jpg,PNEUMONIA,2,train,1545,1230,RGB,b26cc83e7ede23a3f4d21efcd911ec74,7294b6b2b2b0f0f2
data/q1/Data/train/PNEUMONIA/PNEUMONIA(2155).jpg,PNEUMONIA,2,train,1256,840,RGB,dd804c22c8a39e549592dc269a8dc968,b1d0f0f0f0f0f0f0
data/q1/Data/train/PNEUMONIA/PNEUMONIA(2156).jpg,PNEUMONIA,2,train,1272,792,RGB,82db2c67e186d44b9a17d02965741362,61e1f1f1b1b1e1f4
data/q1/Data/train/PNEUMONIA/PNEUMONIA(2157).jpg,PNEUMONIA,2,train,1088,704,RGB,2b29455d6a012230cd97709d83e3b241,63e0e4b0b0b0f0f0
data/q1/Data/train/PNEUMONIA/PNEUMONIA(2158).jpg,PNEUMONIA,2,train,1200,840,RGB,48a4e8fb106713080d46340ed4657949,63f5b1b0b0b0f0f0
data/q1/Data/train/PNEUMONIA/PNEUMONIA(2159).jpg,PNEUMONIA,2,train,1112,648,RGB,15257fd27cb0835f0eaf4874f4cd4f6f,d0f0b0b0a0b0f0d0
data/q1/Data/train/PNEUMONIA/PNEUMONIA(216).jpg,PNEUMONIA,2,train,1361,872,RGB,79d51bae625d00e8f1c18a6f7e81f4bd,e8f4d2d2f8f8f8f8
data/q1/Data/train/PNEUMONIA/PNEUMONIA(2161).jpg,PNEUMONIA,2,train,456,280,RGB,5f261d17448cadd0045fbccdbd5c704f,92bab8b0f8f0f0f0
data/q1/Data/train/PNEUMONIA/PNEUMONIA(2162).jpg,PNEUMONIA,2,train,1104,736,RGB,be9c5f2fae22f4aa1594f6d31a25c5ab,7070787878787072
data/q1/Data/train/PNEUMONIA/PNEUMONIA(2163).jpg,PNEUMONIA,2,train,736,432,RGB,30348e3645c0d01cf3bd06477458e19a,f5f4b0b0b0f0f0f0
data/q1/Data/train/PNEUMONIA/PNEUMONIA(2164).jpg,PNEUMONIA,2,train,1911,1419,RGB,0836b0a9fe56e2218ce5b70376e05fb5,b3cab4b0b2f0f0e0
data/q1/Data/train/PNEUMONIA/PNEUMONIA(2165).jpg,PNEUMONIA,2,train,1216,856,RGB,4d48358a1116ef8b14241a9481fda576,f1f094b4b4b0f0e0
data/q1/Data/train/PNEUMONIA/PNEUMONIA(2167).jpg,PNEUMONIA,2,train,1184,856,RGB,536b750e26b0689ca2b6ae822d45b09b,71f1b1b5b1f1e1a4
data/q1/Data/train/PNEUMONIA/PNEUMONIA(2168).jpg,PNEUMONIA,2,train,1064,696,RGB,4be06e94ddd81106c739a0e8163d59bb,70f0f0b2b2b0b0f0
data/q1/Data/train/PNEUMONIA/PNEUMONIA(2169).jpg,PNEUMONIA,2,train,1192,736,RGB,11d67a8189c74ad16eeeebb02940b806,7154d692b2b0b0d0
data/q1/Data/train/PNEUMONIA/PNEUMONIA(217).jpg,PNEUMONIA,2,train,846,522,RGB,e6c478d2828e2bd0a30340e9ae0f9bc4,d0dab8f8f8f0f0d8
data/q1/Data/train/PNEUMONIA/PNEUMONIA(2170).jpg,PNEUMONIA,2,train,1144,774,RGB,5b1737658ecf87099c309c7642dad0f7,78b6b2b2323131f0
data/q1/Data/train/PNEUMONIA/PNEUMONIA(2171).jpg,PNEUMONIA,2,train,1472,1280,RGB,c933063c2732dbd4c9bffd9eb9ba6fc7,71d496b2b0b0f4d0
data/q1/Data/train/PNEUMONIA/PNEUMONIA(2173).jpg,PNEUMONIA,2,train,872,512,RGB,df148655bcd93c7c8e0e157e76d3722e,7054b4b0b0b0f0d0
data/q1/Data/train/PNEUMONIA/PNEUMONIA(2174).jpg,PNEUMONIA,2,train,976,832,RGB,492f93ec7b388e8b6b8fec597faa3fa6,7070f4f0f0f0e4c0
data/q1/Data/train/PNEUMONIA/PNEUMONIA(2175).jpg,PNEUMONIA,2,train,920,568,RGB,a8fdffaadd9b7f337a2fb518f03c495f,b5f5f1f1b0f0f0f4
data/q1/Data/train/PNEUMONIA/PNEUMONIA(2176).jpg,PNEUMONIA,2,train,864,584,RGB,70bb95120c6eb8526184fbb65108f170,f3f1f4f4f0f0f0e4
data/q1/Data/train/PNEUMONIA/PNEUMONIA(2177).jpg,PNEUMONIA,2,train,978,581,RGB,2298ec54e390a97122a4337942e050c6,e8f0d0f0b0b0f2f0
data/q1/Data/train/PNEUMONIA/PNEUMONIA(2178).jpg,PNEUMONIA,2,train,1388,1044,RGB,fe457739f10cbab97774ad0d93055708,f8b4b632707071d0
data/q1/Data/train/PNEUMONIA/PNEUMONIA(218).jpg,PNEUMONIA,2,train,1136,760,RGB,019e289486be28302b76daff07d84eb2,60a5a5b0f0b0f0f0
data/q1/Data/train/PNEUMONIA/PNEUMONIA(2181).jpg,PNEUMONIA,2,train,1448,1056,RGB,9d0296ba774825bbc034945cf16c24aa,31f0d2b2b2f2f0f0
data/q1/Data/train/PNEUMONIA/PNEUMONIA(2182).jpg,PNEUMONIA,2,train,1328,1160,RGB,0112f0472419482587b68bb8f465bdf6,f1b2b2f2f2f0f0f0
data/q1/Data/train/PNEUMONIA/PNEUMONIA(2183).jpg,PNEUMONIA,2,train,1248,832,RGB,66920ed5027c4e795537ee21b3b05835,70743432b0b0f0f0
data/q1/Data/train/PNEUMONIA/PNEUMONIA(2184).jpg,PNEUMONIA,2,train,1528,1152,RGB,4fbe258e7f3a1930c7ec0fc55be67feb,72f1f4d0d8f8f0f0
data/q1/Data/train/PNEUMONIA/PNEUMONIA(2187).jpg,PNEUMONIA,2,train,864,576,RGB,5cd5c1e84f7735a6925d1239cfca558d,a4b4b0f0f070f0f0
data/q1/Data/train/PNEUMONIA/PNEUMONIA(2188).jpg,PNEUMONIA,2,train,968,688,RGB,7fb43ecf4ac0c18be88bf8e87e49013b,e2f0f4f0e0f0d0a4
data/q1/Data/train/PNEUMONIA/PNEUMONIA(2189).jpg,PNEUMONIA,2,train,968,648,RGB,6b7ff15b0f4e8fd6675b4d42087224d0,e2f0f4f0f0f0f0d0
data/q1/Data/train/PNEUMONIA/PNEUMONIA(219).jpg,PNEUMONIA,2,train,1624,1208,RGB,4142663991997336ed2a44c31ba4a3c7,e8b4b2b2b0f0f0f0
data/q1/Data/train/PNEUMONIA/PNEUMONIA(2190).jpg,PNEUMONIA,2,train,1051,651,RGB,a402423e81d0b8c21175ef343f250814,f0d4b2b2b0f070f4
data/q1/Data/train/PNEUMONIA/PNEUMONIA(2192).jpg,PNEUMONIA,2,train,1021,735,RGB,2833b03e18af54006bb7c18a8ba3b631,f4b6b232303070f0
data/q1/Data/train/PNEUMONIA/PNEUMONIA(2194).jpg,PNEUMONIA,2,train,1561,1106,RGB,dd3b99065cda37ba5b4e93270489cb07,9493b3b1313170d4
data/q1/Data/train/PNEUMONIA/PNEUMONIA(2195).jpg,PNEUMONIA,2,train,1999,1619,RGB,dfa63aae2e2f93379664ff96a73ffafa,62f6b2b0f0f0f0f8
data/q1/Data/train/PNEUMONIA/PNEUMONIA(2196).jpg,PNEUMONIA,2,train,1010,768,RGB,a55ba4691afd353f396a5463f37da015,e8b4b2f2f0f0e4c2
data/q1/Data/train/PNEUMONIA/PNEUMONIA(2197).jpg,PNEUMONIA,2,train,1024,480,RGB,ffe6176a56aff8fa64b844029eb9aa14,e4a4b0b0b0b0f0f0
data/q1/Data/train/PNEUMONIA/PNEUMONIA(2199).jpg,PNEUMONIA,2,train,1008,624,RGB,470d6f7a052d766d959b06b930b9bbf6,f0f4b0b0f0d0d0d4
data/q1/Data/train/PNEUMONIA/PNEUMONIA(22).jpg,PNEUMONIA,2,train,1040,696,RGB,6c84ce1ac948a5b9f92f0033d4431f19,6160f0d0d0d0f0f0
data/q1/Data/train/PNEUMONIA/PNEUMONIA(220).jpg,PNEUMONIA,2,train,1359,946,RGB,df69cbbc8fb1bb96e1d9d2d345624b5e,71f0d2daf0f8f0f0
data/q1/Data/train/PNEUMONIA/PNEUMONIA(2200).jpg,PNEUMONIA,2,train,1152,720,RGB,48310456513514f8af8ed712e61c88c6,f4d4b2b2b0b8f0c0
data/q1/Data/train/PNEUMONIA/PNEUMONIA(2201).jpg,PNEUMONIA,2,train,1225,882,RGB,c1bb7572bd31b41643fcc1283f994fbf,70f4d2f0f8f8b8f8
data/q1/Data/train/PNEUMONIA/PNEUMONIA(2202).jpg,PNEUMONIA,2,train,1273,851,RGB,5af05dccee94874926b539272c74ce30,f0d4d2f2f0f8b8f0
data/q1/Data/train/PNEUMONIA/PNEUMONIA(2203).jpg,PNEUMONIA,2,train,443,187,RGB,99f6e83815cc542b03c7c9286af8d1df,b2b0b0f0f0f0c2c2
data/q1/Data/train/PNEUMONIA/PNEUMONIA(2206).jpg,PNEUMONIA,2,train,1029,632,RGB,7eda44f9a35065f993a46ebaf2071859,e8b4b4b2b2b0f0d4
data/q1/Data/train/PNEUMONIA/PNEUMONIA(2207).jpg,PNEUMONIA,2,train,920,672,RGB,1804ec9c4d5d0240e4656e66a58b9d8c,785a73f1b1f1d0f0
data/q1/Data/train/PNEUMONIA/PNEUMONIA(2208).jpg,PNEUMONIA,2,train,1234,771,RGB,3b6d906fa873c28861fe81bf1a3ca793,e8d6b2b2b0b1f0f0
data/q1/Data/train/PNEUMONIA/PNEUMONIA(2210).jpg,PNEUMONIA,2,train,1080,664,RGB,1db9aea2bd67ca1aacc3c32c71454662,60f4d0d0b0b0f0e8
data/q1/Data/train/PNEUMONIA/PNEUMONIA(2211).jpg,PNEUMONIA,2,train,1275,767,RGB,50ac6b6b51e60ef2d3605e1e5b8b3c3e,31d1d692b2b2f2d0
data/q1/Data/train/PNEUMONIA/PNEUMONIA(2212).jpg,PNEUMONIA,2,train,487,196,RGB,cc058141af288d09e7640d1d89c57ea6,b0b0f0f070707070
data/q1/Data/train/PNEUMONIA/PNEUMONIA(2213).jpg,PNEUMONIA,2,train,1128,736,RGB,f170ba140564b7991ccedf0b0c159395,e0d0f0f0f0f0e0e4
data/q1/Data/train/PNEUMONIA/PNEUMONIA(2214).jpg,PNEUMONIA,2,train,936,680,RGB,e1c91f321ed320bd2c2a212a7170eaa0,f0f4b4b0b0b4f4f4
data/q1/Data/train/PNEUMONIA/PNEUMONIA(2215).jpg,PNEUMONIA,2,train,1032,736,RGB,4a00274e5c815176590b51c8442295b6,f8f0d4d4f0b4f4c4
data/q1/Data/train/PNEUMONIA/PNEUMONIA(2216).jpg,PNEUMONIA,2,train,1032,656,RGB,a06fe2ea85c8e9a0c3aa89d9ec80fd01,f1e1f4f4f0f0f0d0
data/q1/Data/train/PNEUMONIA/PNEUMONIA(2217).jpg,PNEUMONIA,2,train,880,600,RGB,1ae176d13153ccede49afc5e749797d4,f0d2b2b0b0f0d0f0
data/q1/Data/train/PNEUMONIA/PNEUMONIA(2219).jpg,PNEUMONIA,2,train,944,624,RGB,d0a29156875ec8e6fea31e3f74463bc2,f1f4d4b0b0b0f0f0
data/q1/Data/train/PNEUMONIA/PNEUMONIA(222).jpg,PNEUMONIA,2,train,1336,832,RGB,6a80bc821a2565d47d48d29228325ca1,f8f0f4f0f0f0d0d4
data/q1/Data/train/PNEUMONIA/PNEUMONIA(2220).jpg,PNEUMONIA,2,train,952,616,RGB,08ebd0ba27bf4dc48f42cc0681e6304c,f0f4f0f0b0b0f4f4
data/q1/Data/train/PNEUMONIA/PNEUMONIA(2221).jpg,PNEUMONIA,2,train,1032,688,RGB,ec6ff76e2f72048d18debfe4e9cdc07e,f0e4f4b0b0b0f0f0
data/q1/Data/train/PNEUMONIA/PNEUMONIA(2224).jpg,PNEUMONIA,2,train,1128,640,RGB,c570287588cc3a454fc275d586654128,f1f1d5f5f0b0f0e0
data/q1/Data/train/PNEUMONIA/PNEUMONIA(2225).jpg,PNEUMONIA,2,train,1096,656,RGB,d91926a1595d586c0830762e6560f7dc,61e5e5b1b0b0b0f0
data/q1/Data/train/PNEUMONIA/PNEUMONIA(2229).jpg,PNEUMONIA,2,train,1264,896,RGB,f28ebe44b0c5f18ed9696e591de76085,79b2b2b2b2b0f0f0
data/q1/Data/train/PNEUMONIA/PNEUMONIA(223).jpg,PNEUMONIA,2,train,1340,1044,RGB,290c3810b6f1e24218b88ee7637b045c,f2f0d2f0f8f8f8f0
data/q1/Data/train/PNEUMONIA/PNEUMONIA(2230).jpg,PNEUMONIA,2,train,1529,1010,RGB,3f0ed1a70e9d275d25acbb2cbed1520c,f8b4b2b2b0b0f0f0
data/q1/Data/train/PNEUMONIA/PNEUMONIA(2231).jpg,PNEUMONIA,2,train,1648,1120,RGB,b8ba7198ad1df2b7e98d6c41e6fd4417,5892b2b2b2b0f0d0
data/q1/Data/train/PNEUMONIA/PNEUMONIA(2232).jpg,PNEUMONIA,2,train,1416,920,RGB,d36ad995788e1d30475d50121c87b42a,58d2f2b2b2f0e0e0
data/q1/Data/train/PNEUMONIA/PNEUMONIA(2233).jpg,PNEUMONIA,2,train,1442,1179,RGB,6ce360fa08d6ba2ec06c92ad79912e9e,e9d292b2b031f1f0
data/q1/Data/train/PNEUMONIA/PNEUMONIA(2234).jpg,PNEUMONIA,2,train,1176,960,RGB,19cb85a09acdc6e2ce489584f1ed2813,f094b6b2b0b0f0d2
data/q1/Data/train/PNEUMONIA/PNEUMONIA(2236).jpg,PNEUMONIA,2,train,1536,1256,RGB,6e8659b63ae6bb860269e415cc01ef92,30d4d6d0f0f4d4d4
data/q1/Data/train/PNEUMONIA/PNEUMONIA(2237).jpg,PNEUMONIA,2,train,1607,1237,RGB,874384ae5929103378ad28ab8f29c352,acda9a98b8b0f0d0
data/q1/Data/train/PNEUMONIA/PNEUMONIA(224).jpg,PNEUMONIA,2,train,869,563,RGB,51aa2baa58038153d487a30e5dfc7d83,96b2b2b0b0f4f4f0
data/q1/Data/train/PNEUMONIA/PNEUMONIA(2240).jpg,PNEUMONIA,2,train,1040,640,RGB,5466d6c3573e59d1afbb398d581d91b9,d8d2d0f0b0f0e0f0
data/q1/Data/train/PNEUMONIA/PNEUMONIA(2241).jpg,PNEUMONIA,2,train,992,520,RGB,c7da791b4904c1a1a8392790fb2ed841,d4f2b0f0b0b8b8f8
data/q1/Data/train/PNEUMONIA/PNEUMONIA(2242).jpg,PNEUMONIA,2,train,1109,755,RGB,348e80a25708058ef22fddff0e5d490a,d4d2b2b0b0b0f1d0
data/q1/Data/train/PNEUMONIA/PNEUMONIA(2244).jpg,PNEUMONIA,2,train,1154,986,RGB,c312461885bf79d490dd266980a0957a,e0b2b0b0f0f0f0f0
data/q1/Data/train/PNEUMONIA/PNEUMONIA(2245).jpg,PNEUMONIA,2,train,1240,1102,RGB,280a9fd51e454760228da2f32f385277,fcd092b0f0f0e0a0
data/q1/Data/train/PNEUMONIA/PNEUMONIA(2246).jpg,PNEUMONIA,2,train,1480,1136,RGB,f4dc8ef3d81063669a7e991d1fcd7c66,f99292b2b2b0f0d0
data/q1/Data/train/PNEUMONIA/PNEUMONIA(2247).jpg,PNEUMONIA,2,train,920,632,RGB,ab072608cfbe1caa7ef30f56d1f2a909,f0d2d0b0b4f0f0f0
data/q1/Data/train/PNEUMONIA/PNEUMONIA(2248).jpg,PNEUMONIA,2,train,960,656,RGB,d293d6f5572ac39baa6a7a489368554f,f0f4d2f2f0f0e0e0
data/q1/Data/train/PNEUMONIA/PNEUMONIA(225).jpg,PNEUMONIA,2,train,1128,752,RGB,b9c6f93f9fd5793f28ac2a831e65d1e6,f0f4f4f0b0b0b0f0
data/q1/Data/train/PNEUMONIA/PNEUMONIA(2252).jpg,PNEUMONIA,2,train,1368,1032,RGB,d432714dd0d0ac032b2baa934e030602,e1b6b2b2b2f0b4f4
data/q1/Data/train/PNEUMONIA/PNEUMONIA(2253).jpg,PNEUMONIA,2,train,1536,1320,RGB,6935fc17763e8a0d97c2aedf112912ad,b999d292b2f0e0e4
data/q1/Data/train/PNEUMONIA/PNEUMONIA(2254).jpg,PNEUMONIA,2,train,496,240,RGB,f1a004cb21ce44ac8090e0f96c28aa56,dab0b0b0b0f0f0e4
data/q1/Data/train/PNEUMONIA/PNEUMONIA(2255).jpg,PNEUMONIA,2,train,1320,904,RGB,7468421bd129f3dc7c09cd89f0523a17,7070b4b0f0f0f0e0
data/q1/Data/train/PNEUMONIA/PNEUMONIA(2256).jpg,PNEUMONIA,2,train,1503,1253,RGB,348de44f4e56a1debe52742d1aec21ee,79d092b2b2f0f0f0
data/q1/Data/train/PNEUMONIA/PNEUMONIA(2257).jpg,PNEUMONIA,2,train,1064,640,RGB,65b064c6be32423238b2f312f99e6d75,b8d8d2d2b2f8d0f0
data/q1/Data/train/PNEUMONIA/PNEUMONIA(2258).jpg,PNEUMONIA,2,train,1518,1149,RGB,e84a6361ffa59fa40139e588dba23fee,f896b2b2f0f0b0f4
data/q1/Data/train/PNEUMONIA/PNEUMONIA(226).jpg,PNEUMONIA,2,train,1160,688,RGB,1cab872e1484ef835309d53e75ec88ae,f171757171f1c0e0
data/q1/Data/train/PNEUMONIA/PNEUMONIA(2261).jpg,PNEUMONIA,2,train,1104,600,RGB,69ccd2b07edd0810251323293785d271,e0e4b4b0b0b0b0f0
data/q1/Data/train/PNEUMONIA/PNEUMONIA(2263).jpg,PNEUMONIA,2,train,952,640,RGB,ef52a5533c21ca00590340a1d21ebbcc,71f1f0f0f0f0f0f0
data/q1/Data/train/PNEUMONIA/PNEUMONIA(2264).jpg,PNEUMONIA,2,train,928,624,RGB,657385f0ffa2c154756d568c56a6498c,e1f4b4b0b0b0b0f0
data/q1/Data/train/PNEUMONIA/PNEUMONIA(2267).jpg,PNEUMONIA,2,train,1256,960,RGB,fcf8f7df97a0c0b98ad0f741207f8adb,a0d4d4f4f0d0c4c4
data/q1/Data/train/PNEUMONIA/PNEUMONIA(2270).jpg,PNEUMONIA,2,train,944,480,RGB,1b1ea21c24d5c4ac89a276079fbe03c3,7171f1f5f0f0f0f0
data/q1/Data/train/PNEUMONIA/PNEUMONIA(2271).jpg,PNEUMONIA,2,train,960,632,RGB,fec2c5825dfba8ced22a7e8a1b6098ab,337151d1f0f0f0f0
data/q1/Data/train/PNEUMONIA/PNEUMONIA(2274).jpg,PNEUMONIA,2,train,462,238,RGB,b9c6e5e779141a7bc6d920a7c7617557,9ab3b2b2b1b535f4
data/q1/Data/train/PNEUMONIA/PNEUMONIA(2275).jpg,PNEUMONIA,2,train,1152,648,RGB,c5e53f43a19c1b1f80484cdbd5bdada2,70d4d4d0f0b0f0d0
data/q1/Data/train/PNEUMONIA/PNEUMONIA(2276).jpg,PNEUMONIA,2,train,1104,728,RGB,96ea03ca526f57f5a5471df51693387a,f0d4d4d0b0b0f2d0
data/q1/Data/train/PNEUMONIA/PNEUMONIA(2277).jpg,PNEUMONIA,2,train,1240,800,RGB,96875a4863c75290a3b1d7ae591a4c3f,705050f0f0f0f0e4
data/q1/Data/train/PNEUMONIA/PNEUMONIA(2278).jpg,PNEUMONIA,2,train,1200,856,RGB,e7d94a106773d14ec36011a5e52f8e66,70d0d4f0b0f0d0e4
data/q1/Data/train/PNEUMONIA/PNEUMONIA(228).jpg,PNEUMONIA,2,train,1192,840,RGB,f3022a9ccbf8fb133e6ce2768cb9ed8d,70f8d2d2f0b0f0d0
data/q1/Data/train/PNEUMONIA/PNEUMONIA(2282).jpg,PNEUMONIA,2,train,1560,1096,RGB,91ef0ffecd14e6916de9413f88fb7320,72b496b2bab8f0f0
data/q1/Data/train/PNEUMONIA/PNEUMONIA(2283).jpg,PNEUMONIA,2,train,1565,1130,RGB,78b69b25398a2c1a4969d9f6d00937b2,60f4b4b2f2f2f0f8
data/q1/Data/train/PNEUMONIA/PNEUMONIA(2284).jpg,PNEUMONIA,2,train,1176,856,RGB,dee7f95132e25da7c9c8ba9424a22577,b0f094b0b0b0f0e0
data/q1/Data/train/PNEUMONIA/PNEUMONIA(2285).jpg,PNEUMONIA,2,train,1808,1456,RGB,fe31ed9f76fb8337735ab17b087435c1,b29496b2b2b8f8f0
data/q1/Data/train/PNEUMONIA/PNEUMONIA(2287).jpg,PNEUMONIA,2,train,1176,784,RGB,9a649d278d44e6dc97f9219d2b662290,73d1f1f0f0f0f0c4
data/q1/Data/train/PNEUMONIA/PNEUMONIA(2289).jpg,PNEUMONIA,2,train,1168,848,RGB,be4eb5594e79e6e8c72adf80413e9d01,b2f0f1f0f0f0f0f0
data/q1/Data/train/PNEUMONIA/PNEUMONIA(2290).jpg,PNEUMONIA,2,train,1248,712,RGB,ad4a0b37c3a5f8234678f287d7a19725,73f3f3f1f1f1f0f0
data/q1/Data/train/PNEUMONIA/PNEUMONIA(2291).jpg,PNEUMONIA,2,train,1294,779,RGB,c96c2503c2f89ca5078946e684a6723f,f8daf8f0f0f0f0d0
data/q1/Data/train/PNEUMONIA/PNEUMONIA(2292).jpg,PNEUMONIA,2,train,445,140,RGB,92849e7a711e96af2835244e5575b0be,d2d2f2b2b2b0b1b1
data/q1/Data/train/PNEUMONIA/PNEUMONIA(2293).jpg,PNEUMONIA,2,train,400,138,RGB,bda48d8040dc0525cfd6cc62dcb22019,b2b2b2b2b2b2f290
data/q1/Data/train/PNEUMONIA/PNEUMONIA(2295).jpg,PNEUMONIA,2,train,434,190,RGB,c190d081f76ee1d491d96946eaa3f6c4,b2b2b2baf8d0d0c0
data/q1/Data/train/PNEUMONIA/PNEUMONIA(2296).jpg,PNEUMONIA,2,train,498,207,RGB,8050bcd8d8a024354fc5304ebc82c164,b2b2b2b2b2f2d292
data/q1/Data/train/PNEUMONIA/PNEUMONIA(2297).jpg,PNEUMONIA,2,train,1336,1064,RGB,b0e14282c424d1cb50d27a13674a45f7,39d0d2f2b2b0f0a4
data/q1/Data/train/PNEUMONIA/PNEUMONIA(2298).jpg,PNEUMONIA,2,train,1272,1040,RGB,acd598e6aacf7ca2083c3e3361ee5d31,7195b6b2b2b0f0f2
data/q1/Data/train/PNEUMONIA/PNEUMONIA(2299).jpg,PNEUMONIA,2,train,1384,912,RGB,9e92984fff0811f21718f6d6e2fdc11d,72e4a4b4f4f0f0d4
data/q1/Data/train/PNEUMONIA/PNEUMONIA(230).jpg,PNEUMONIA,2,train,1351,835,RGB,545f4b7be846c48f7b6e9148031b6c47,f1dad2daf0f0f8f0
data/q1/Data/train/PNEUMONIA/PNEUMONIA(2300).jpg,PNEUMONIA,2,train,1336,1024,RGB,bd127d8ab564dd8ba2b45a2691b036de,63f4a4b4f0f2d2d4
data/q1/Data/train/PNEUMONIA/PNEUMONIA(2301).jpg,PNEUMONIA,2,train,1272,912,RGB,1a1dc5bc0a839cef4ab9c2c573b6d2f6,7196b6b2b2f2f2f0
data/q1/Data/train/PNEUMONIA/PNEUMONIA(2303).jpg,PNEUMONIA,2,train,1568,896,RGB,3823e162fdf33fbd2ff70ed56ed7352e,e0e4b4b0b0b0f0d8
data/q1/Data/train/PNEUMONIA/PNEUMONIA(2305).jpg,PNEUMONIA,2,train,1488,1168,RGB,ed455fe5e2d8e29b79b3dbbf310b1e65,70d094b0b4f0f0d4
data/q1/Data/train/PNEUMONIA/PNEUMONIA(2306).jpg,PNEUMONIA,2,train,1560,952,RGB,5b2b8c1a3ccfd5a2866419cc61cc3570,00a0b4b0b0f0f0f0
data/q1/Data/train/PNEUMONIA/PNEUMONIA(2307).jpg,PNEUMONIA,2,train,1672,1064,RGB,fdeb8f5d30ac8fa2173d325b76315c0c,f0d4d0f0f0f8c8d4
data/q1/Data/train/PNEUMONIA/PNEUMONIA(2308).jpg,PNEUMONIA,2,train,1472,816,RGB,ba328bcfea8c5434da783becf7a742d6,6896b6b2b0b0f0d4
data/q1/Data/train/PNEUMONIA/PNEUMONIA(2309).jpg,PNEUMONIA,2,train,1304,936,RGB,a7e4cb4e88b010ea04b0df81d99a358b,71f0b2b2b2b0f0f0
data/q1/Data/train/PNEUMONIA/PNEUMONIA(2312).jpg,PNEUMONIA,2,train,1324,1261,RGB,a10ce851d267380cbc7bec07d37ffb85,d492b2b0b0b0f0f0
data/q1/Data/train/PNEUMONIA/PNEUMONIA(2314).jpg,PNEUMONIA,2,train,1184,984,RGB,56449f17f9e5a6970ea88f50097c4218,f0d4b2b2b0b0b0e0
data/q1/Data/train/PNEUMONIA/PNEUMONIA(2315).jpg,PNEUMONIA,2,train,1080,840,RGB,1f8d0eb4a9598254cb4bd4dbee2b300e,e4a23232b0b0b2f0
data/q1/Data/train/PNEUMONIA/PNEUMONIA(2316).jpg,PNEUMONIA,2,train,1200,944,RGB,8d07e2dbf858795f4aa52ca87c29f398,e5b4b0b4b4b4e4d0
data/q1/Data/train/PNEUMONIA/PNEUMONIA(2317).jpg,PNEUMONIA,2,train,1284,1253,RGB,4d468f99b499e1e116baf26eb51b0888,e092b0b0b070f0c0
data/q1/Data/train/PNEUMONIA/PNEUMONIA(2318).jpg,PNEUMONIA,2,train,1431,976,RGB,7778b9389c51ef2def5167ac8e7b4b50,f2d0d4b0b0f0f0f0
data/q1/Data/train/PNEUMONIA/PNEUMONIA(2319).jpg,PNEUMONIA,2,train,795,440,RGB,505a9fe083a6c1debc340fd49007ed40,f094b2b2b0b0f0f2
data/q1/Data/train/PNEUMONIA/PNEUMONIA(2320).jpg,PNEUMONIA,2,train,1648,1592,RGB,5d6007263ca43d27a1df1e8372e24cc2,73b5b6b23272f094
data/q1/Data/train/PNEUMONIA/PNEUMONIA(2321).jpg,PNEUMONIA,2,train,1808,1448,RGB,67db8d12a768647bb0d83d47b0835119,b09592b2b2b2f080
data/q1/Data/train/PNEUMONIA/PNEUMONIA(2322).jpg,PNEUMONIA,2,train,1275,952,RGB,418062e289df0bc8e7d260ed07a53c3a,f2d0d2b2b2b0f0e0
data/q1/Data/train/PNEUMONIA/PNEUMONIA(2327).jpg,PNEUMONIA,2,train,1168,768,RGB,7c7f4fc5439ba6b3428e7589ca91cbf3,70f5f4f0f0f0f0f0
data/q1/Data/train/PNEUMONIA/PNEUMONIA(233).jpg,PNEUMONIA,2,train,1192,752,RGB,22732bf769a457e545842dd2e023a7fd,f09494b6b2b2d286
data/q1/Data/train/PNEUMONIA/PNEUMONIA(2331).jpg,PNEUMONIA,2,train,984,664,RGB,b2d07affce146455f9f0a7d532fe0e70,61f4f4f1f0f0f0d0
data/q1/Data/train/PNEUMONIA/PNEUMONIA(2332).jpg,PNEUMONIA,2,train,1008,704,RGB,568a1814b75bcb6b3bf7cb22f2de784f,6175f5b0b0b0f0f0
data/q1/Data/train/PNEUMONIA/PNEUMONIA(2334).jpg,PNEUMONIA,2,train,1040,656,RGB,89ff82504aa1e6366bc48b77bdde225e,7375f4b0b0b0f0f0
data/q1/Data/train/PNEUMONIA/PNEUMONIA(2335).jpg,PNEUMONIA,2,train,1087,751,RGB,c599b77d9dca6d5293634f18e1df32ab,69d0b2b0b0f0f0d0
data/q1/Data/train/PNEUMONIA/PNEUMONIA(2336).jpg,PNEUMONIA,2,train,1081,693,RGB,35aacb236500a4c97e137253189bb831,d0d2b2b0b0f0d0f0
data/q1/Data/train/PNEUMONIA/PNEUMONIA(2339).jpg,PNEUMONIA,2,train,1503,1180,RGB,eade5821201751e9e04ed823c92a4614,e1d692b2b2f1f0f0
data/q1/Data/train/PNEUMONIA/PNEUMONIA(234).jpg,PNEUMONIA,2,train,1072,664,RGB,2d83521f0bd078cda8510511bcdc8cc4,d0d6b2b2b0f0f0c4
data/q1/Data/train/PNEUMONIA/PNEUMONIA(2341).jpg,PNEUMONIA,2,train,920,528,RGB,0dc8cea2bc93288218f0f59a8ab3c351,b0f0d0f0f0f0f0f0
data/q1/Data/train/PNEUMONIA/PNEUMONIA(2342).jpg,PNEUMONIA,2,train,920,680,RGB,f91f54292934e311a3daecfb3d6b62d2,b8f050f4f0f0f0f0
data/q1/Data/train/PNEUMONIA/PNEUMONIA(2343).jpg,PNEUMONIA,2,train,888,576,RGB,69c1b3b1316760e118f0befabc08019d,f9b1a5e5e5e5e5d1
data/q1/Data/train/PNEUMONIA/PNEUMONIA(2344).jpg,PNEUMONIA,2,train,913,735,RGB,6b3bafa4a2973ad991d189b06901df5b,606990b2b2b2f2f0
data/q1/Data/train/PNEUMONIA/PNEUMONIA(2345).jpg,PNEUMONIA,2,train,550,279,RGB,c869914e222c2d04fdf1c5f86b80ccbf,dadab8b8f8d0d0f0
data/q1/Data/train/PNEUMONIA/PNEUMONIA(2346).jpg,PNEUMONIA,2,train,1344,1128,RGB,41d5d3d36bd7a77e394c5b9b6dc88c24,f0b4b2b0b4b4f4e4
data/q1/Data/train/PNEUMONIA/PNEUMONIA(2347).jpg,PNEUMONIA,2,train,952,720,RGB,c61d36c81ac961905d18545d6c4eae39,f0d4d4b0f0b0f0e8
data/q1/Data/train/PNEUMONIA/PNEUMONIA(2348).jpg,PNEUMONIA,2,train,968,752,RGB,d992192e190a53a25bdd4f6cd67222bf,f0d4d2d0f0b0b0f0
data/q1/Data/train/PNEUMONIA/PNEUMONIA(2351).jpg,PNEUMONIA,2,train,1008,728,RGB,dfa75021c3c53c2289c452d9a5c8cdd8,e3e1e5b0f0b0b4f4
data/q1/Data/train/PNEUMONIA/PNEUMONIA(2352).jpg,PNEUMONIA,2,train,1034,728,RGB,c506db9525813e786b8aaef6cb7d4add,f0f4b4b1a1e1e1c1
data/q1/Data/train/PNEUMONIA/PNEUMONIA(2353).jpg,PNEUMONIA,2,train,1000,712,RGB,cb8ab605fdc78249a3b53adfb1ebc9c5,72e0f1b4f0f0f0f0
data/q1/Data/train/PNEUMONIA/PNEUMONIA(2354).jpg,PNEUMONIA,2,train,976,616,RGB,0db2781b0cd37dc6b5e44b7d8ccd435d,e0f0f0f0b0b0f0f0
data/q1/Data/train/PNEUMONIA/PNEUMONIA(2355).jpg,PNEUMONIA,2,train,976,608,RGB,11fb6b53ef86cc06029fda727d386a2f,f870f4b0b2b2bae8
data/q1/Data/train/PNEUMONIA/PNEUMONIA(2356).jpg,PNEUMONIA,2,train,944,744,RGB,4e260d04d943817d4bb0608357f5c44f,7070f0b0b0b0f8d8
data/q1/Data/train/PNEUMONIA/PNEUMONIA(2357).jpg,PNEUMONIA,2,train,856,592,RGB,043aa9440ef60723daa7b64862815a3b,6070d0f0f0f0f0d8
data/q1/Data/train/PNEUMONIA/PNEUMONIA(2358).jpg,PNEUMONIA,2,train,824,616,RGB,60c07b1c606a1adb1e5942736d3c8131,f0f0b0707070f8d8
data/q1/Data/train/PNEUMONIA/PNEUMONIA(236).jpg,PNEUMONIA,2,train,1347,792,RGB,a0b61ecb674ed6be06723b3147f040da,b0e0d49692b0f0d0
data/q1/Data/train/PNEUMONIA/PNEUMONIA(2360).jpg,PNEUMONIA,2,train,824,640,RGB,6333bc901cb233a22b25e66006f8fbd2,e0f4b0f0f072f0d0
data/q1/Data/train/PNEUMONIA/PNEUMONIA(2361).jpg,PNEUMONIA,2,train,824,688,RGB,66bf1ab011d82d0f522427e27ccf7739,e1e0f4f07072f0d8
data/q1/Data/train/PNEUMONIA/PNEUMONIA(2362).jpg,PNEUMONIA,2,train,856,616,RGB,3231d4876f2225e3cbbcef85e7c18089,7cdafaf0b0f2d0f0
data/q1/Data/train/PNEUMONIA/PNEUMONIA(2363).jpg,PNEUMONIA,2,train,1240,968,RGB,679215db49e1807fff4c23882f0040a2,e1f6d4b2b2b0f0f2
data/q1/Data/train/PNEUMONIA/PNEUMONIA(2365).jpg,PNEUMONIA,2,train,445,232,RGB,de82a283b2efd4b1aca232b9cc3d56a5,bab0b0b8f0d0d4d4
data/q1/Data/train/PNEUMONIA/PNEUMONIA(2366).jpg,PNEUMONIA,2,train,1016,768,RGB,9086265e8a284dae76cfc94c84d8563a,72f0f1f0f0f0f0e0
data/q1/Data/train/PNEUMONIA/PNEUMONIA(237).jpg,PNEUMONIA,2,train,1109,712,RGB,f4dcf070be40d55cc1225167df50b995,e8d0b2b2f0f0f0e0
data/q1/Data/train/PNEUMONIA/PNEUMONIA(2370).jpg,PNEUMONIA,2,train,1197,743,RGB,9d9fa73ca13e3e062966b05593bb5722,f0d6d0f0b0f0f0f0
data/q1/Data/train/PNEUMONIA/PNEUMONIA(2373).jpg,PNEUMONIA,2,train,1072,608,RGB,69b9141e287dcd7568926dfe0e68fc58,e1d5d1d1d1f0f0d4
data/q1/Data/train/PNEUMONIA/PNEUMONIA(2374).jpg,PNEUMONIA,2,train,1247,883,RGB,9036e964d957ce06afafbe6832583c11,b2f4d4d2d0d8f8f8
data/q1/Data/train/PNEUMONIA/PNEUMONIA(2375).jpg,PNEUMONIA,2,train,907,552,RGB,3d7801022c366cc4de346d807c594d2a,ecdad0b0b0f0f0f0
data/q1/Data/train/PNEUMONIA/PNEUMONIA(2376).jpg,PNEUMONIA,2,train,1328,968,RGB,9f248de5117a70a8347247627b419e77,3c78d0b0b0b0f0f2
data/q1/Data/train/PNEUMONIA/PNEUMONIA(2377).jpg,PNEUMONIA,2,train,1760,1432,RGB,2ec1b0cf7219c119e13149b2d7987c26,63d494b2b0d0d0f0
data/q1/Data/train/PNEUMONIA/PNEUMONIA(2378).jpg,PNEUMONIA,2,train,831,529,RGB,a9a4d1b26c676989670708dded2548a7,f2b0f0b0f0f0e0e0
data/q1/Data/train/PNEUMONIA/PNEUMONIA(2379).jpg,PNEUMONIA,2,train,1301,1048,RGB,964dd45076318092c05cd0a656bd2601,b2d0b4b0b2b2f0e0
data/q1/Data/train/PNEUMONIA/PNEUMONIA(238).jpg,PNEUMONIA,2,train,1217,739,RGB,90ae00077e173fd9b8d88881f12ad17a,e0f494b0b0b0b0f0
data/q1/Data/train/PNEUMONIA/PNEUMONIA(2380).jpg,PNEUMONIA,2,train,439,227,RGB,e0fca49d168e936f6fcfcf170e79fa37,b2b1b0b0b0f0d0f4
data/q1/Data/train/PNEUMONIA/PNEUMONIA(2381).jpg,PNEUMONIA,2,train,453,182,RGB,e12aebbb2262ed852ef6305f93527b1e,b4b2b2b2b2b0b0f0
data/q1/Data/train/PNEUMONIA/PNEUMONIA(2382).jpg,PNEUMONIA,2,train,1504,1056,RGB,86ed407fc16147e77e416e9c1de1ff7e,b0d0f6b2b2b2f0d0
data/q1/Data/train/PNEUMONIA/PNEUMONIA(2383).jpg,PNEUMONIA,2,train,1631,1291,RGB,942730ac81cebee2986cfe86cb786ba9,699292b2b2b1f0f0
data/q1/Data/train/PNEUMONIA/PNEUMONIA(2384).jpg,PNEUMONIA,2,train,640,317,RGB,3ab441c090e3de038e3a67f4a7f55790,b4b4b0b0b0b0b0b8
data/q1/Data/train/PNEUMONIA/PNEUMONIA(2385).jpg,PNEUMONIA,2,train,1477,1164,RGB,7c7221e5af269c187beda8da1b894076,f0d4b2b2b9b0f8f0
data/q1/Data/train/PNEUMONIA/PNEUMONIA(2387).jpg,PNEUMONIA,2,train,1136,824,RGB,d11ae7c84db45c9ccde91ff572406bcc,63e1a5a5e4f0f0f0
data/q1/Data/train/PNEUMONIA/PNEUMONIA(2388).jpg,PNEUMONIA,2,train,1166,736,RGB,608ada2d5c4d0c1772966407ea018bae,d496b2b2b0f1f1f0
data/q1/Data/train/PNEUMONIA/PNEUMONIA(2389).jpg,PNEUMONIA,2,train,1296,832,RGB,b6295e188f9032a02ab532ff45e76241,e0d4d292b2b8f0f0
data/q1/Data/train/PNEUMONIA/PNEUMONIA(2390).jpg,PNEUMONIA,2,train,1552,1080,RGB,c6936fedb07d0bd365acf76f54cb3008,71e0b4b2b0b0f0e4
data/q1/Data/train/PNEUMONIA/PNEUMONIA(2392).jpg,PNEUMONIA,2,train,1360,968,RGB,19de6ce355e652a7188fcddc887a5e7d,75f4b2b2b0b0d4e4
data/q1/Data/train/PNEUMONIA/PNEUMONIA(2393).jpg,PNEUMONIA,2,train,967,683,RGB,f3d446f85198ee151487877a3dba08c6,e4b2b030f0f0f0f0
data/q1/Data/train/PNEUMONIA/PNEUMONIA(2395).jpg,PNEUMONIA,2,train,1160,832,RGB,f55b7c1174b83d70361c1e46246f0c18,71b4b0b0b0b0f0e4
data/q1/Data/train/PNEUMONIA/PNEUMONIA(2396).jpg,PNEUMONIA,2,train,1104,896,RGB,ed941d7da854b0c67c82e71f448146c5,38d192b2b0b0f0e0
data/q1/Data/train/PNEUMONIA/PNEUMONIA(2397).jpg,PNEUMONIA,2,train,1265,1006,RGB,1b1accfc398dbb080e780c7d58fcda0d,e8d2b2b0b0b8f8e8
data/q1/Data/train/PNEUMONIA/PNEUMONIA(2398).jpg,PNEUMONIA,2,train,1307,1048,RGB,120fb40ea4b128cf683ecda7190c05a5,f294b6b2b2f2e084
data/q1/Data/train/PNEUMONIA/PNEUMONIA(2399).jpg,PNEUMONIA,2,train,1384,920,RGB,ce7c472912dd076cbcdc5a5073271204,f2f0d4d4f4f4f0c4
data/q1/Data/train/PNEUMONIA/PNEUMONIA(24).jpg,PNEUMONIA,2,train,1328,1368,RGB,65eec3b9535d8c17fba47be3916240c4,b8dadaf8f0f0f0d0
data/q1/Data/train/PNEUMONIA/PNEUMONIA(240).jpg,PNEUMONIA,2,train,1065,520,RGB,219d350a1278949f2761d3384af3a338,f490b2b2b0b0f0f0
data/q1/Data/train/PNEUMONIA/PNEUMONIA(2400).jpg,PNEUMONIA,2,train,742,515,RGB,c0154742fe7a6efae51fc0fb5fc07563,d2d2dab0b0b8f092
data/q1/Data/train/PNEUMONIA/PNEUMONIA(2401).jpg,PNEUMONIA,2,train,1192,1088,RGB,5e8f03a28cc3f85f94f7da9531c1ea71,f0d0d2b2b0b0f0a4
data/q1/Data/train/PNEUMONIA/PNEUMONIA(2402).jpg,PNEUMONIA,2,train,1224,1008,RGB,69e19767020409956e4b45ef73332345,b09292b2b0b0f080
data/q1/Data/train/PNEUMONIA/PNEUMONIA(2403).jpg,PNEUMONIA,2,train,1328,928,RGB,2f189ca214506b772e0611c10958c892,78b8d8d070f0f0f0
data/q1/Data/train/PNEUMONIA/PNEUMONIA(2404).jpg,PNEUMONIA,2,train,1272,1080,RGB,fb338d32f13552f988276ab8d8a08e83,b8d0d4b0b0b0a082
data/q1/Data/train/PNEUMONIA/PNEUMONIA(2405).jpg,PNEUMONIA,2,train,1288,944,RGB,cb12511c70748946cc4f12f0c6a96d04,f8d0d2b2b0908484
data/q1/Data/train/PNEUMONIA/PNEUMONIA(2409).jpg,PNEUMONIA,2,train,1136,824,RGB,55ed17ff53558f0ad60a5878bd4f2b63,60d092b2b0f0f0f0
data/q1/Data/train/PNEUMONIA/PNEUMONIA(2411).jpg,PNEUMONIA,2,train,1233,801,RGB,7cf0f974774782b26dd777187b287fbc,f2e8d4b0f0f0f0e0
data/q1/Data/train/PNEUMONIA/PNEUMONIA(2412).jpg,PNEUMONIA,2,train,1648,1400,RGB,64c6dd37cf4dae0ab0127b2f94f85f05,b896d2d2f0b0f0c4
data/q1/Data/train/PNEUMONIA/PNEUMONIA(2414).jpg,PNEUMONIA,2,train,1041,1041,RGB,9e14124c8b479a1ced2acb885d0af3ca,f8d2b2b1f0f0f0f6
data/q1/Data/train/PNEUMONIA/PNEUMONIA(2415).jpg,PNEUMONIA,2,train,1048,768,RGB,68631e9963885ae70e3b8dbba99a0c31,f5b5b1b1b0f0f0d4
data/q1/Data/train/PNEUMONIA/PNEUMONIA(2417).jpg,PNEUMONIA,2,train,928,824,RGB,83fc291881775f505af329bcd7083de7,7970f2f2f0f0f0f0
data/q1/Data/train/PNEUMONIA/PNEUMONIA(2418).jpg,PNEUMONIA,2,train,952,752,RGB,95f0cc61c8346e19b6f2bd566a544079,58d29ab2b0b0f0f0
data/q1/Data/train/PNEUMONIA/PNEUMONIA(2419).jpg,PNEUMONIA,2,train,896,680,RGB,374acb49371970a7e3a8ff8506b7bca1,715292b2b0f0b0f0
data/q1/Data/train/PNEUMONIA/PNEUMONIA(242).jpg,PNEUMONIA,2,train,1056,960,RGB,c72e0e669359fac291d3e0bd347f9305,e3d5f5f0f0e0a0a0
data/q1/Data/train/PNEUMONIA/PNEUMONIA(2420).jpg,PNEUMONIA,2,train,1016,752,RGB,80987308b7c6ea848ecb7257a6377e8f,f0d2d2b0b0b0f8d8
data/q1/Data/train/PNEUMONIA/PNEUMONIA(2421).jpg,PNEUMONIA,2,train,1038,808,RGB,e0588879456960cb956e60efb67d650c,f8f4b6a2f2f0f0d0
data/q1/Data/train/PNEUMONIA/PNEUMONIA(2422).jpg,PNEUMONIA,2,train,984,592,RGB,03d01f8c656da3833fee4e8c9f4bc8d7,b4d1d4d4f0f0f0e0
data/q1/Data/train/PNEUMONIA/PNEUMONIA(2423).jpg,PNEUMONIA,2,train,752,592,RGB,0200f58a2b37c218e517ba36bd8d78f2,f0d2d292b2b0d0d0
data/q1/Data/train/PNEUMONIA/PNEUMONIA(2424).jpg,PNEUMONIA,2,train,984,688,RGB,e66316c328f8da8cb9aa0ba488dd287a,7c505470f0f0d0e0
data/q1/Data/train/PNEUMONIA/PNEUMONIA(2425).jpg,PNEUMONIA,2,train,1385,1040,RGB,f53686bd5998310376525ab5cfdf3b2a,e2d0b4b2f0f0f0c0
data/q1/Data/train/PNEUMONIA/PNEUMONIA(2426).jpg,PNEUMONIA,2,train,460,157,RGB,6f48ba1ee959d1c13385464f364f186a,b092f0b0b0b0b0f0
data/q1/Data/train/PNEUMONIA/PNEUMONIA(2427).jpg,PNEUMONIA,2,train,738,427,RGB,faab1dcc3bb2c302c163d42035094fa3,a6b2b272333371f0
data/q1/Data/train/PNEUMONIA/PNEUMONIA(2428).jpg,PNEUMONIA,2,train,928,624,RGB,bc16a42d47a3b23c67d0c23ccb4807f9,f8d4d6b6b0b2f2e0
data/q1/Data/train/PNEUMONIA/PNEUMONIA(2429).jpg,PNEUMONIA,2,train,532,255,RGB,e19cd0416a66e0f9ebbaabab8f6f664f,52d2d2b2b2b1f0f2
data/q1/Data/train/PNEUMONIA/PNEUMONIA(243).jpg,PNEUMONIA,2,train,1232,808,RGB,a1f98afc6a98603e70f428755d0eddf4,71f1d496b2b0f0f0
data/q1/Data/train/PNEUMONIA/PNEUMONIA(2431).jpg,PNEUMONIA,2,train,1000,568,RGB,4257f36827a3dda26e0a5e1cbdc3b161,7058587870f8f8e8
data/q1/Data/train/PNEUMONIA/PNEUMONIA(2433).jpg,PNEUMONIA,2,train,486,191,RGB,035f923bdad2685e09d5258aa200b8cb,b0b0b8b8f8d8d8d8
data/q1/Data/train/PNEUMONIA/PNEUMONIA(2436).jpg,PNEUMONIA,2,train,1403,1399,RGB,ffca94b1dda51102f0686f3f36aa6412,f2b43279707070d0
data/q1/Data/train/PNEUMONIA/PNEUMONIA(2437).jpg,PNEUMONIA,2,train,1240,928,RGB,885ec61f6bd3d6da447a8068b6b6f22a,b2b4b2f0f0f0f4d4
data/q1/Data/train/PNEUMONIA/PNEUMONIA(2438).jpg,PNEUMONIA,2,train,1312,1112,RGB,e7bb7e2a6324f520a0bc42368e321c8c,b8d0d0f8f4f4e4f4
data/q1/Data/train/PNEUMONIA/PNEUMONIA(2440).jpg,PNEUMONIA,2,train,1192,888,RGB,5ebd83863a5fd0b8792b9066e6bbcba9,92b2b8b4b4b4f4d2
data/q1/Data/train/PNEUMONIA/PNEUMONIA(2442).jpg,PNEUMONIA,2,train,1283,1102,RGB,d21e2b6bac8cb4ed8587be40b9f614de,f492b0b8f8b0f0f0
data/q1/Data/train/PNEUMONIA/PNEUMONIA(2443).jpg,PNEUMONIA,2,train,1088,992,RGB,4b42d490e9fb9237fe1a2a12ce66b8ab,38da9ab0b8b4f4e0
data/q1/Data/train/PNEUMONIA/PNEUMONIA(2444).jpg,PNEUMONIA,2,train,1072,856,RGB,da93520ef7c4704bb24baad6c04d9102,d292b0b0b474e4b4
data/q1/Data/train/PNEUMONIA/PNEUMONIA(2445).jpg,PNEUMONIA,2,train,1152,856,RGB,b041603d17a85c6cdb75bc4c504441a3,70b0b0b4b4b4e484
data/q1/Data/train/PNEUMONIA/PNEUMONIA(2446).jpg,PNEUMONIA,2,train,1168,800,RGB,4e370bd685cb6a57d201f74550bfa67b,68d8d8f8f8f4d4b4
data/q1/Data/train/PNEUMONIA/PNEUMONIA(2448).jpg,PNEUMONIA,2,train,2035,1627,RGB,1c9c9b7269bdce5bb014314a45607d61,a396b2b2b2f3d0c4
data/q1/Data/train/PNEUMONIA/PNEUMONIA(245).jpg,PNEUMONIA,2,train,976,712,RGB,0615972a2a448bde3099fe6d64a49b59,31f1f1b1f9f9d1c1
data/q1/Data/train/PNEUMONIA/PNEUMONIA(2450).jpg,PNEUMONIA,2,train,1712,1384,RGB,f0999de2c091129207a934c1239e48ec,f0f6b2f2f2f2d094
data/q1/Data/train/PNEUMONIA/PNEUMONIA(2452).jpg,PNEUMONIA,2,train,880,744,RGB,7cb86f2f128eb4ced23e597d18771fb4,58d2b2b2b272f0d0
data/q1/Data/train/PNEUMONIA/PNEUMONIA(2453).jpg,PNEUMONIA,2,train,1176,1024,RGB,a87562b2f70082298eee642df2249253,f0d0b2b2f0f0f0e0
data/q1/Data/train/PNEUMONIA/PNEUMONIA(2454).jpg,PNEUMONIA,2,train,1110,724,RGB,9f694ceec0dc067449ed72a813113099,f8d8dadaf0b0f8d8
data/q1/Data/train/PNEUMONIA/PNEUMONIA(2455).jpg,PNEUMONIA,2,train,1414,888,RGB,b79b176d6652645c9ac94a2871548798,f0f4d0f0f0f8f8da
data/q1/Data/train/PNEUMONIA/PNEUMONIA(2456).jpg,PNEUMONIA,2,train,1584,1072,RGB,571c7201ab923f834dce93f8ebd68537,f9d292b2b0b0d0f2
data/q1/Data/train/PNEUMONIA/PNEUMONIA(2457).jpg,PNEUMONIA,2,train,920,600,RGB,126905c29a1cbeef5ce33f266fb9c07a,70f4b0b0b0f0f0e8
data/q1/Data/train/PNEUMONIA/PNEUMONIA(2459).jpg,PNEUMONIA,2,train,1272,1144,RGB,0aecca07ad0c7074a1b8dc09a71ae897,71b2b2b2b2b0b0c0
data/q1/Data/train/PNEUMONIA/PNEUMONIA(2460).jpg,PNEUMONIA,2,train,1424,1264,RGB,63c7ef5b4cfdec2db5e412d9883acb68,e2d4b2b2b2b0f0f0
data/q1/Data/train/PNEUMONIA/PNEUMONIA(2463).jpg,PNEUMONIA,2,train,1232,864,RGB,9ca834da303afb933e9f45163f807f7e,f0f8d2d2f2f0d0b2
data/q1/Data/train/PNEUMONIA/PNEUMONIA(2464).jpg,PNEUMONIA,2,train,1368,1064,RGB,0d5481d947d8a6cc4bdcce3e485830bb,b0f0f2f2b0f0f0d0
data/q1/Data/train/PNEUMONIA/PNEUMONIA(2465).jpg,PNEUMONIA,2,train,1304,952,RGB,80173af4613e17aa8c8889a9249115bf,e0f4f0f2b0b0f0d0
data/q1/Data/train/PNEUMONIA/PNEUMONIA(2466).jpg,PNEUMONIA,2,train,1160,744,RGB,4f75a613c43fda5676b0a4331f55621b,e4f4f2f2f0f0f0f0
data/q1/Data/train/PNEUMONIA/PNEUMONIA(2468).jpg,PNEUMONIA,2,train,687,425,RGB,b695ffc8eb022a58d9b221e8e81167e5,d2b2b0b0f0d0f0f0
data/q1/Data/train/PNEUMONIA/PNEUMONIA(2469).jpg,PNEUMONIA,2,train,952,624,RGB,5cb33e3912a98c4e097c65e82d0c80a0,fce8acb4b0f0e0e0
data/q1/Data/train/PNEUMONIA/PNEUMONIA(247).jpg,PNEUMONIA,2,train,1008,648,RGB,8ef9e4f70443f9d830111aee847c4ccf,33715570f4f0f0d0
data/q1/Data/train/PNEUMONIA/PNEUMONIA(2471).jpg,PNEUMONIA,2,train,1200,1024,RGB,bf2454dfbb15073e65dc977ba9d47a3d,64f4b0b2e070f0a0
data/q1/Data/train/PNEUMONIA/PNEUMONIA(2472).jpg,PNEUMONIA,2,train,1472,968,RGB,21c22e1ae3213b28d171bd1ced7a61a3,b1d2d2d2b0b0f0f0
data/q1/Data/train/PNEUMONIA/PNEUMONIA(2473).jpg,PNEUMONIA,2,train,916,709,RGB,197e285fb90ae0ef8320333113f691bc,f0d2d2f0b0b0b0f0
data/q1/Data/train/PNEUMONIA/PNEUMONIA(2474).jpg,PNEUMONIA,2,train,832,504,RGB,d68141f09345157833f0978e7cc14ef4,d4d4b0b0b0b0f0f8
data/q1/Data/train/PNEUMONIA/PNEUMONIA(2475).jpg,PNEUMONIA,2,train,840,512,RGB,a6fa8944b667030cfc95b033c6817027,d0b2b2e2f0b2f2d0
data/q1/Data/train/PNEUMONIA/PNEUMONIA(2476).jpg,PNEUMONIA,2,train,912,544,RGB,9a4e8b9b6b71ee0d97f5f81016bfb974,f5b4b0b0b2b2f2f2
data/q1/Data/train/PNEUMONIA/PNEUMONIA(2479).jpg,PNEUMONIA,2,train,888,454,RGB,97215e887d99badf01030939e6df5137,b63233733171f1f0
data/q1/Data/train/PNEUMONIA/PNEUMONIA(2480).jpg,PNEUMONIA,2,train,1251,904,RGB,f1d5867aff0b8e6c28b7609156424325,f0d2d2bab8f8f8f0
data/q1/Data/train/PNEUMONIA/PNEUMONIA(2481).jpg,PNEUMONIA,2,train,992,768,RGB,82bbb601277cca205fe52638bef393ed,c9c9e4a0b0b0b0f8
data/q1/Data/train/PNEUMONIA/PNEUMONIA(2482).jpg,PNEUMONIA,2,train,1104,760,RGB,be47c97e874280dce1b6886176804607,61f4b4b0b0f0f0d0
data/q1/Data/train/PNEUMONIA/PNEUMONIA(2483).jpg,PNEUMONIA,2,train,920,648,RGB,dec841c1afa8a5b51e72e96d29b74c26,d8d2b3b1f0f0d0e0
data/q1/Data/train/PNEUMONIA/PNEUMONIA(2485).jpg,PNEUMONIA,2,train,1138,824,RGB,9ccd0905ac526d5d4bc99d55ef20e977,f8dadaf8f8f8f0f0
data/q1/Data/train/PNEUMONIA/PNEUMONIA(2488).jpg,PNEUMONIA,2,train,1040,736,RGB,36b645d1896bbb9237e0cf015017d21b,f0f2dafaf8f0d090
data/q1/Data/train/PNEUMONIA/PNEUMONIA(2489).jpg,PNEUMONIA,2,train,1080,920,RGB,1b9904525ed74207c724e2b843387e4d,bcf8d8d2f0f0f0a0
data/q1/Data/train/PNEUMONIA/PNEUMONIA(249).jpg,PNEUMONIA,2,train,1520,1376,RGB,1a71867df5d4e8d704d25339f0e33f54,b99292d2b2b0f0e4
data/q1/Data/train/PNEUMONIA/PNEUMONIA(2490).jpg,PNEUMONIA,2,train,1088,912,RGB,0d3c0dd3d23c9af06e1a072ddd37fa18,f070f2f8f0f0f0e0
data/q1/Data/train/PNEUMONIA/PNEUMONIA(2492).jpg,PNEUMONIA,2,train,1607,1296,RGB,83ed0168334c5e968e3785dafa2e65f7,70f0f0f0f0f0f8f8
data/q1/Data/train/PNEUMONIA/PNEUMONIA(2493).jpg,PNEUMONIA,2,train,1584,1184,RGB,08498b39d969b91e2b720160eb5f5d8c,f092b2b2b2f0b484
data/q1/Data/train/PNEUMONIA/PNEUMONIA(2494).jpg,PNEUMONIA,2,train,1080,720,RGB,83dfd490d4af930e83c64dadfa22be0d,f2c0e4b0f1f1f0e0
data/q1/Data/train/PNEUMONIA/PNEUMONIA(2495).jpg,PNEUMONIA,2,train,1064,592,RGB,82c9785f7486542cd93bc0ea691ac2ba,e8e8f1f1f0f0f0fc
data/q1/Data/train/PNEUMONIA/PNEUMONIA(2496).jpg,PNEUMONIA,2,train,984,680,RGB,b31e608c2578d75dc69cdd3ebb4f6914,e0e5e0b0b0b0f0f0
data/q1/Data/train/PNEUMONIA/PNEUMONIA(2497).jpg,PNEUMONIA,2,train,920,640,RGB,874e4163f484060b685bc049e7844e76,7175f0f0f0b0f0f0
data/q1/Data/train/PNEUMONIA/PNEUMONIA(2499).jpg,PNEUMONIA,2,train,864,560,RGB,29325fbe1a88bff9f8d61ea1655dba42,f4f0f0f0b0b0f0d0
data/q1/Data/train/PNEUMONIA/PNEUMONIA(25).jpg,PNEUMONIA,2,train,502,307,RGB,9e4a005af7180451e8f688ac43ec71f4,b2716070f0f0f0f0
data/q1/Data/train/PNEUMONIA/PNEUMONIA(250).jpg,PNEUMONIA,2,train,1568,1504,RGB,b514a0fb1bc8ef11e8a35d809ea245c1,72b4b4b4b2b2f0d4
data/q1/Data/train/PNEUMONIA/PNEUMONIA(2502).jpg,PNEUMONIA,2,train,992,608,RGB,516c33459cff9a70b1ff61ac47642b53,38725070f0f0f2f0
data/q1/Data/train/PNEUMONIA/PNEUMONIA(2503).jpg,PNEUMONIA,2,train,984,560,RGB,d75213a9570172c813ad508a90455bbb,f8d0d2d2f0f0f0e0
data/q1/Data/train/PNEUMONIA/PNEUMONIA(2504).jpg,PNEUMONIA,2,train,1000,568,RGB,646b45d39f07df32ca7424189ed5380d,fcd4d0f0f0b0f0f0
data/q1/Data/train/PNEUMONIA/PNEUMONIA(2506).jpg,PNEUMONIA,2,train,1000,672,RGB,987f8510a8d1ac0e9b0eb6951d1fd0eb,7971d0b0b030f0f0
data/q1/Data/train/PNEUMONIA/PNEUMONIA(2507).jpg,PNEUMONIA,2,train,1512,960,RGB,c0979c0f39fbf8aff800c924d3fbf7ef,32f094b0b2b2b0f0
data/q1/Data/train/PNEUMONIA/PNEUMONIA(2508).jpg,PNEUMONIA,2,train,1216,944,RGB,2ccfb7a4b617eb44fb911ef4cd2c2479,71d094b6b0b2b284
data/q1/Data/train/PNEUMONIA/PNEUMONIA(2509).jpg,PNEUMONIA,2,train,1296,864,RGB,d96db0f34be440364f24dd5f45a5278a,34d494b2b0b0f0f0
data/q1/Data/train/PNEUMONIA/PNEUMONIA(251).jpg,PNEUMONIA,2,train,1691,1456,RGB,b044639ae8e845dca1e7b496c701ef4d,b1d292b2b331f0d0
data/q1/Data/train/PNEUMONIA/PNEUMONIA(2511).jpg,PNEUMONIA,2,train,1240,880,RGB,eb73c02874797ecbfb77cc196ab24f3f,60b4b6b2b232f080
data/q1/Data/train/PNEUMONIA/PNEUMONIA(2512).jpg,PNEUMONIA,2,train,856,472,RGB,a480bfcb933c4bb2dc81441b393ea89a,e1e1f0f0b0b0f0f0
data/q1/Data/train/PNEUMONIA/PNEUMONIA(2513).jpg,PNEUMONIA,2,train,872,600,RGB,7d81388a7814a0323b36f84de937ca02,3c78507030f0f0f0
data/q1/Data/train/PNEUMONIA/PNEUMONIA(2516).jpg,PNEUMONIA,2,train,928,584,RGB,23a294cc98199ba39513622b5bb0404d,31f0d0f0f0f0b0f0
data/q1/Data/train/PNEUMONIA/PNEUMONIA(2517).jpg,PNEUMONIA,2,train,1067,616,RGB,410bbd31e109897921133bb0e2d9c8fa,e0b6b2b2b2f9f9f0
data/q1/Data/train/PNEUMONIA/PNEUMONIA(2518).jpg,PNEUMONIA,2,train,1032,768,RGB,73742394d29162663425ed4dbeefdc28,7170d2b2b2b0f0d0
data/q1/Data/train/PNEUMONIA/PNEUMONIA(2519).jpg,PNEUMONIA,2,train,1176,768,RGB,a9bbb616922f463621ed007938cb4fba,78d8d2f2b2b0f0d0
data/q1/Data/train/PNEUMONIA/PNEUMONIA(252).jpg,PNEUMONIA,2,train,918,536,RGB,a74caaf70d6e8c8036e134c5f857eaed,f0f2b2b0b0f0f0e4
data/q1/Data/train/PNEUMONIA/PNEUMONIA(2521).jpg,PNEUMONIA,2,train,1496,1049,RGB,fff3a7ffe4d4e1d90428cc75e3119dce,f0f4f2f2b0b0f0f4
data/q1/Data/train/PNEUMONIA/PNEUMONIA(2522).jpg,PNEUMONIA,2,train,1416,888,RGB,22228577d032b8bc4cba5d595c635076,f070f0f0f0f0f0d2
data/q1/Data/train/PNEUMONIA/PNEUMONIA(2525).jpg,PNEUMONIA,2,train,956,603,RGB,5a92686b8369a7943333fb42ad252ba0,b4b0b0f0f0f0d4f0
data/q1/Data/train/PNEUMONIA/PNEUMONIA(2526).jpg,PNEUMONIA,2,train,1152,792,RGB,284252f209ad83b255290ac24958bacb,e0f490f0f0f0f0f8
data/q1/Data/train/PNEUMONIA/PNEUMONIA(2527).jpg,PNEUMONIA,2,train,1184,824,RGB,67949b0191607ec3a579dd3a5a409739,e8d0d2b0b8b0f0f0
data/q1/Data/train/PNEUMONIA/PNEUMONIA(2528).jpg,PNEUMONIA,2,train,1128,744,RGB,9ce93dc94059fcc68a1e6b7f536132cd,71d4b2b2b2b0f0f0
data/q1/Data/train/PNEUMONIA/PNEUMONIA(253).jpg,PNEUMONIA,2,train,1320,736,RGB,e69538ef0862251d02f4556fcd0753fa,72f6d2d2dad8d8f8
data/q1/Data/train/PNEUMONIA/PNEUMONIA(2530).jpg,PNEUMONIA,2,train,1160,832,RGB,7e88d1fe8ae214e8fb8e521c08b576b7,bcdcd0b2b2f0b0a4
data/q1/Data/train/PNEUMONIA/PNEUMONIA(2532).jpg,PNEUMONIA,2,train,1080,752,RGB,124d8d038430e12b11ea987cd23a3da2,61d0d2b2b0b0f0f0
data/q1/Data/train/PNEUMONIA/PNEUMONIA(2534).jpg,PNEUMONIA,2,train,976,656,RGB,4a67d0c1115c652879f5b44264cb10b4,e1f5b5b4b2b2f2d4
data/q1/Data/train/PNEUMONIA/PNEUMONIA(2535).jpg,PNEUMONIA,2,train,1080,728,RGB,fc7d3bfb6efd91bece94c72ee3b1902a,f0f0f4f4e4f4f4f4
data/q1/Data/train/PNEUMONIA/PNEUMONIA(2536).jpg,PNEUMONIA,2,train,1152,728,RGB,38fbd560bd89d27b5ce5497ffca96aa6,f1d0d0f0f0f0d0f0
data/q1/Data/train/PNEUMONIA/PNEUMONIA(2537).jpg,PNEUMONIA,2,train,1168,736,RGB,0e3f701b2622ada26d16f7f15f23b7d5,727474b2b2b0f0f0
data/q1/Data/train/PNEUMONIA/PNEUMONIA(2539).jpg,PNEUMONIA,2,train,1152,736,RGB,56e59189172059d2f1d43548d09fbfec,b1f0b0b0f0f0f0f0
data/q1/Data/train/PNEUMONIA/PNEUMONIA(254).jpg,PNEUMONIA,2,train,1664,1153,RGB,0aa801cadf7002cf28c331616a584ddd,ecd4f2f2f2f0f8f8
data/q1/Data/train/PNEUMONIA/PNEUMONIA(2540).jpg,PNEUMONIA,2,train,1168,848,RGB,488649a5c99303750819acd034ab4f8d,9095b0b2b0f0f0f0
data/q1/Data/train/PNEUMONIA/PNEUMONIA(2541).jpg,PNEUMONIA,2,train,1360,1191,RGB,66af660ed0cc1f59da45408da6debd27,b1f0d2f0f0f0f0f0
data/q1/Data/train/PNEUMONIA/PNEUMONIA(2542).jpg,PNEUMONIA,2,train,1264,864,RGB,fb647ab29067b63ddb808af052ff9a5b,b0f0d2f0f0f0c0c4
data/q1/Data/train/PNEUMONIA/PNEUMONIA(2543).jpg,PNEUMONIA,2,train,1176,760,RGB,24c3a7a8912374b7236a760ac92e97c9,71f5b1b2b0b0f0f0
data/q1/Data/train/PNEUMONIA/PNEUMONIA(2544).jpg,PNEUMONIA,2,train,1477,1137,RGB,724610dbd8d7d6f632baa2ab026afcbe,71f0d0f2f0f0f0f0
data/q1/Data/train/PNEUMONIA/PNEUMONIA(2546).jpg,PNEUMONIA,2,train,1184,1024,RGB,597d029a88a9468176d972952721e090,f1f0d2d2f0b0b094
data/q1/Data/train/PNEUMONIA/PNEUMONIA(2547).jpg,PNEUMONIA,2,train,1304,824,RGB,d50d3fa3a7ca689d1840d07c2e5bfd03,e0e4d4d0f0b0b0d2
data/q1/Data/train/PNEUMONIA/PNEUMONIA(255).jpg,PNEUMONIA,2,train,1304,848,RGB,9374c7247082942a066759e741efc4c8,39d092b2b2b2b0f0
data/q1/Data/train/PNEUMONIA/PNEUMONIA(2550).jpg,PNEUMONIA,2,train,1328,976,RGB,05f712adfaf4d4ef067e64a5a755352f,60e4f0f0f0f0f0d0
data/q1/Data/train/PNEUMONIA/PNEUMONIA(2551).jpg,PNEUMONIA,2,train,1392,984,RGB,18403ab9119785d75056c467f18af069,f87072f2f2f0f0e0
data/q1/Data/train/PNEUMONIA/PNEUMONIA(2553).jpg,PNEUMONIA,2,train,1512,1029,RGB,8eb5b66c36cdc58644765f158daf6ce4,f8d4d6f2b2b2f0f0
data/q1/Data/train/PNEUMONIA/PNEUMONIA(2555).jpg,PNEUMONIA,2,train,1000,576,RGB,e57004adafefc324b2a8ac80ff794839,90b8b0b0b0b8e0e0
data/q1/Data/train/PNEUMONIA/PNEUMONIA(2556).jpg,PNEUMONIA,2,train,1016,560,RGB,4337c6003d1aa0316c28a50555a95588,d4d0b4b4b4b4e8e0
data/q1/Data/train/PNEUMONIA/PNEUMONIA(2559).jpg,PNEUMONIA,2,train,928,544,RGB,f6b2bc7567b9d625479c2f5f16409c74,70f0f0d0f0f0f0f4
data/q1/Data/train/PNEUMONIA/PNEUMONIA(256).jpg,PNEUMONIA,2,train,1208,864,RGB,a07463296080360c9a4c2a8aa560939f,f0d4d4f0b0f0f0e4
data/q1/Data/train/PNEUMONIA/PNEUMONIA(2560).jpg,PNEUMONIA,2,train,904,416,RGB,d664e89d94a3a424cf406c570a796b4c,e47450d0d0f8f8f8
data/q1/Data/train/PNEUMONIA/PNEUMONIA(2561).jpg,PNEUMONIA,2,train,824,472,RGB,84176842f0ae8494cc5e62cd42eb6336,d0d6d2b0b2b2f0f0
data/q1/Data/train/PNEUMONIA/PNEUMONIA(2562).jpg,PNEUMONIA,2,train,1752,1320,RGB,1c0c867f6c90377923fa47a4b2cbc8b5,b292b2b2b0b0f0f0
data/q1/Data/train/PNEUMONIA/PNEUMONIA(2565).jpg,PNEUMONIA,2,train,1256,888,RGB,1496231e61d32832c45c9056e44928b4,90b4b0a2f2b0f0d0
data/q1/Data/train/PNEUMONIA/PNEUMONIA(2568).jpg,PNEUMONIA,2,train,1016,648,RGB,f856fe82d03fb24f24cd8168be0f1ff9,71f5d4f0b4f0f0f0
data/q1/Data/train/PNEUMONIA/PNEUMONIA(257).jpg,PNEUMONIA,2,train,1425,1231,RGB,bbd5ab3d772b82b658fe291615e3c17d,e2f0d0f0b0b0f0f0
data/q1/Data/train/PNEUMONIA/PNEUMONIA(2570).jpg,PNEUMONIA,2,train,936,632,RGB,361928138b593db73a9190ceab8becdc,d0d4b0b0f0f0d0d0
data/q1/Data/train/PNEUMONIA/PNEUMONIA(2571).jpg,PNEUMONIA,2,train,944,568,RGB,b789e591b528006b85299e786c1f04ed,79f1b5b1b1f0f1d0
data/q1/Data/train/PNEUMONIA/PNEUMONIA(2572).jpg,PNEUMONIA,2,train,1008,600,RGB,140d3909f22c44a49ab432b43a735d3a,f8d0f4b0f1f1f0e0
data/q1/Data/train/PNEUMONIA/PNEUMONIA(2573).jpg,PNEUMONIA,2,train,1040,600,RGB,387fca2b0ccfbafd76274d55b9ef4d9c,39717070717170e0
data/q1/Data/train/PNEUMONIA/PNEUMONIA(2575).jpg,PNEUMONIA,2,train,1400,1136,RGB,45be470b0052670ef16c8dfea1734142,70b4b4b0f0f0f0f0
data/q1/Data/train/PNEUMONIA/PNEUMONIA(2577).jpg,PNEUMONIA,2,train,1544,1440,RGB,1f91562d57b66f6484efde6d7be256ce,b1b292b2b2b2b0b2
data/q1/Data/train/PNEUMONIA/PNEUMONIA(258).jpg,PNEUMONIA,2,train,1520,960,RGB,ba2c0e35d06a960d947a6e8989197ac7,f0d4f4b0b0f0f0f0
data/q1/Data/train/PNEUMONIA/PNEUMONIA(2580).jpg,PNEUMONIA,2,train,1168,752,RGB,bafa73305c18398285a0570dcf278adf,71f0f0d0d0f0f0d0
data/q1/Data/train/PNEUMONIA/PNEUMONIA(2581).jpg,PNEUMONIA,2,train,1056,632,RGB,9c88948af00a86140263ecf5bfa1c4c4,60f4f0f0b0b0f0c0
data/q1/Data/train/PNEUMONIA/PNEUMONIA(2582).jpg,PNEUMONIA,2,train,992,632,RGB,358e9eb7431a28ddf4aa5fe494b9cac7,7dd1d0f0b0b0f0f0
data/q1/Data/train/PNEUMONIA/PNEUMONIA(2584).jpg,PNEUMONIA,2,train,1160,632,RGB,48b4ae5cd7d5d129215049310df1ee0b,e0e0b0b1b1b1f0f0
data/q1/Data/train/PNEUMONIA/PNEUMONIA(2585).jpg,PNEUMONIA,2,train,1298,944,RGB,82b9d5a3bc0fd04af817f8ee8933d157,f0d4b6b2f2f0e0d4
data/q1/Data/train/PNEUMONIA/PNEUMONIA(2586).jpg,PNEUMONIA,2,train,936,616,RGB,6571c67be4043222330d009d2c72fd8d,50d2f2b2b0b0f0f0
data/q1/Data/train/PNEUMONIA/PNEUMONIA(2587).jpg,PNEUMONIA,2,train,1336,992,RGB,e3aaae10f284e906047b64f7d8e71ece,60f494b2b0b0f0c0
data/q1/Data/train/PNEUMONIA/PNEUMONIA(2588).jpg,PNEUMONIA,2,train,1240,600,RGB,4a562bfb2fd02caf1da70b3ce358429f,73d5d4f0b1b9f1f1
data/q1/Data/train/PNEUMONIA/PNEUMONIA(2589).jpg,PNEUMONIA,2,train,1136,664,RGB,0adf97fac8d39f65bbc22126c8045e35,f0d4d4f0f0f8f4d4
data/q1/Data/train/PNEUMONIA/PNEUMONIA(259).jpg,PNEUMONIA,2,train,1171,1138,RGB,ee772c7d85e2b0dacd15ebd02a9b5464,d2b2b8f078f8d0e0
data/q1/Data/train/PNEUMONIA/PNEUMONIA(2591).jpg,PNEUMONIA,2,train,976,736,RGB,d9ecbacda7e222f689e368905ac9b7df,f0d2b2b2f0f0b0f0
data/q1/Data/train/PNEUMONIA/PNEUMONIA(2592).jpg,PNEUMONIA,2,train,1128,792,RGB,f11cb9a87822b7d43ab656b4228092bd,e1b6b6b2b0b0f0f0
data/q1/Data/train/PNEUMONIA/PNEUMONIA(2593).jpg,PNEUMONIA,2,train,1178,1256,RGB,9301a7541050034e6098c990acf86310,9cf8dadaf9f0f0f0
data/q1/Data/train/PNEUMONIA/PNEUMONIA(2597).jpg,PNEUMONIA,2,train,1256,792,RGB,36cc460460b10c9b299d6811cacf5ce5,b2f094b0b0b0f0d0
data/q1/Data/train/PNEUMONIA/PNEUMONIA(2598).jpg,PNEUMONIA,2,train,920,680,RGB,5b85bb65aeaf469d5fc6784ddd955ddd,d092b2b2b2b2f292
data/q1/Data/train/PNEUMONIA/PNEUMONIA(2599).jpg,PNEUMONIA,2,train,1048,576,RGB,12aa6721f3efa9d620787d863c7185fc,d6b6b0f0f0f0d0d0
data/q1/Data/train/PNEUMONIA/PNEUMONIA(26).jpg,PNEUMONIA,2,train,1128,520,RGB,bceba08f37fa040b9226059b87366d57,d4969290b0b8f8f0
data/q1/Data/train/PNEUMONIA/PNEUMONIA(2600).jpg,PNEUMONIA,2,train,968,600,RGB,ae0856687526aa2f7be5ffd11183bec2,d0d4d0f8f0b0f0e0
data/q1/Data/train/PNEUMONIA/PNEUMONIA(2601).jpg,PNEUMONIA,2,train,856,568,RGB,de760e0a8423e39d2fe16c70dd4f25c2,e8e0b1b1f0e0e0e4
data/q1/Data/train/PNEUMONIA/PNEUMONIA(2602).jpg,PNEUMONIA,2,train,904,576,RGB,dd807d53c724309392053ec46edad5f3,e5b5b0f4f0e0f0f0
data/q1/Data/train/PNEUMONIA/PNEUMONIA(2605).jpg,PNEUMONIA,2,train,1136,768,RGB,9aa7a075ffd980a65ff3d95b69d61c9f,f0f8d4f1b0f0f0e0
data/q1/Data/train/PNEUMONIA/PNEUMONIA(2606).jpg,PNEUMONIA,2,train,1081,696,RGB,4c63f1781e6711022562a5ad4d9d4b8a,e8d0b2b2b2b0b0f0
data/q1/Data/train/PNEUMONIA/PNEUMONIA(2607).jpg,PNEUMONIA,2,train,1248,1056,RGB,23fd85763fd4dc6d010c9252152da02f,61fcb2b2b2f2f084
data/q1/Data/train/PNEUMONIA/PNEUMONIA(2608).jpg,PNEUMONIA,2,train,1200,952,RGB,95486c9fdce9cf906afdcf6e953260ff,f1b03232b2b0f0f0
data/q1/Data/train/PNEUMONIA/PNEUMONIA(2610).jpg,PNEUMONIA,2,train,1592,1265,RGB,5e48fac8bc9bbeba845fe02e7446900e,c8f4b2b2b0b0f0f0
data/q1/Data/train/PNEUMONIA/PNEUMONIA(2611).jpg,PNEUMONIA,2,train,1304,968,RGB,c4cf4b8ee3c3e53013dced0ea1394d29,71b6b6b2b0b0f0f0
data/q1/Data/train/PNEUMONIA/PNEUMONIA(2612).jpg,PNEUMONIA,2,train,1256,848,RGB,134fd64cbf7dc5a1f152bf067ad8116a,5496b2b2b2b0f0d4
data/q1/Data/train/PNEUMONIA/PNEUMONIA(2613).jpg,PNEUMONIA,2,train,1344,1120,RGB,f6839f5b8dd927e653800b973b269915,33f196b2b2b2f0c4
data/q1/Data/train/PNEUMONIA/PNEUMONIA(2614).jpg,PNEUMONIA,2,train,1189,813,RGB,24859af539115391b6470613b56626c7,f8d0b2b2b0b0f0d0
data/q1/Data/train/PNEUMONIA/PNEUMONIA(2615).jpg,PNEUMONIA,2,train,1140,888,RGB,18abaa20f19e2e1476495e75c64eab83,f0d4b2b0f0f0f0f0
data/q1/Data/train/PNEUMONIA/PNEUMONIA(2618).jpg,PNEUMONIA,2,train,1328,856,RGB,6127329d52b6236a8ae17f93b816016c,f8f4d2b2f0f0f0d0
data/q1/Data/train/PNEUMONIA/PNEUMONIA(262).jpg,PNEUMONIA,2,train,861,543,RGB,45f3438baf4ea8e5352a9845f84cf067,d890b0b0b270f0f0
data/q1/Data/train/PNEUMONIA/PNEUMONIA(2620).jpg,PNEUMONIA,2,train,848,496,RGB,e6ac9c8391923eec2ee7765c523de309,d0d0d0d0f0f4f4f0
data/q1/Data/train/PNEUMONIA/PNEUMONIA(2622).jpg,PNEUMONIA,2,train,968,544,RGB,cea979f77f31833a067fdb04d406a886,717071f0f0f0f0f0
data/q1/Data/train/PNEUMONIA/PNEUMONIA(2623).jpg,PNEUMONIA,2,train,896,584,RGB,e350563030b0cb2ec11c6a8cdf2fc2f1,79d1b1b5b5b5f1f0
data/q1/Data/train/PNEUMONIA/PNEUMONIA(2625).jpg,PNEUMONIA,2,train,1880,1584,RGB,55b7d75308732414b24e6a12e6983d88,5194b2b23070f0e0
data/q1/Data/train/PNEUMONIA/PNEUMONIA(2626).jpg,PNEUMONIA,2,train,1872,1264,RGB,5579b16633b133ce81c79ba023d5bb59,73f6b6b2b2b0b0b0
data/q1/Data/train/PNEUMONIA/PNEUMONIA(2627).jpg,PNEUMONIA,2,train,1640,920,RGB,49ea0698a8d79213d26a7d162c9690df,60e4b4b0b0b0b0d2
data/q1/Data/train/PNEUMONIA/PNEUMONIA(2628).jpg,PNEUMONIA,2,train,445,199,RGB,c18ecb8863fe3e8221243c063011e9bc,b8b9b0307060e0e4
data/q1/Data/train/PNEUMONIA/PNEUMONIA(2631).jpg,PNEUMONIA,2,train,1328,1120,RGB,9f390bf46881f372ae9320e3ceeb3eda,f0d2d2bab8b8f0f0
data/q1/Data/train/PNEUMONIA/PNEUMONIA(2633).jpg,PNEUMONIA,2,train,1328,1024,RGB,53ca22517b802de18824d44ccb8ff1db,f9d4b2b2b0b0f0c4
data/q1/Data/train/PNEUMONIA/PNEUMONIA(2636).jpg,PNEUMONIA,2,train,428,172,RGB,d79cf14cf7c2ecf68a8267a6c29dd5ec,9292b2b2b0b0b0f0
data/q1/Data/train/PNEUMONIA/PNEUMONIA(2637).jpg,PNEUMONIA,2,train,448,173,RGB,8858169df2a8587f1ec58bd339cfcf66,b2b2b3b1b939f1d1
data/q1/Data/train/PNEUMONIA/PNEUMONIA(2638).jpg,PNEUMONIA,2,train,1430,763,RGB,857e370067d3a93f9ea14c1008637675,f0e8d8d8d8d8f0f0
data/q1/Data/train/PNEUMONIA/PNEUMONIA(2639).jpg,PNEUMONIA,2,train,1312,864,RGB,72d3c77364f5a5550c447a2eec2060af,e5f4f0f4f4f0f470
data/q1/Data/train/PNEUMONIA/PNEUMONIA(264).jpg,PNEUMONIA,2,train,920,760,RGB,3d7aa6fb5f908c5ba9b15bbb785521dd,b1dadaf8b8b8f0f0
data/q1/Data/train/PNEUMONIA/PNEUMONIA(2640).jpg,PNEUMONIA,2,train,1478,1404,RGB,910aba108fc608bd36f70acb4acb04aa,b2d4b4b2b070f0f4
data/q1/Data/train/PNEUMONIA/PNEUMONIA(2641).jpg,PNEUMONIA,2,train,1512,1032,RGB,e03743ce0b7c4bf6f1cfeb7f4420dc81,73f6b4b0b0b0f4d4
data/q1/Data/train/PNEUMONIA/PNEUMONIA(2642).jpg,PNEUMONIA,2,train,1504,1104,RGB,135ec2003b000da0993291029f65f46d,78d4d4b0b0b4c4b4
data/q1/Data/train/PNEUMONIA/PNEUMONIA(2643).jpg,PNEUMONIA,2,train,1472,1216,RGB,48366c0d64afe4688309e629e9cddf97,60f49492b0b4b4b0
data/q1/Data/train/PNEUMONIA/PNEUMONIA(2644).jpg,PNEUMONIA,2,train,1216,960,RGB,80aaef59029ff5a02b2d0c881f60e7fc,f3e4a4a4b0b0b094
data/q1/Data/train/PNEUMONIA/PNEUMONIA(2646).jpg,PNEUMONIA,2,train,1344,920,RGB,c5a01b04692f982a0b762962e571a084,f1d0d4b4b0b0d0a0
data/q1/Data/train/PNEUMONIA/PNEUMONIA(2647).jpg,PNEUMONIA,2,train,1368,1032,RGB,d1847b0981f4937847866102104d22ca,b9d2b2b2b2f0f0f0
data/q1/Data/train/PNEUMONIA/PNEUMONIA(2648).jpg,PNEUMONIA,2,train,1040,768,RGB,1590d7723d35f4aeaba53c6ea7025464,f9d4d4f4b0b0f0f0
data/q1/Data/train/PNEUMONIA/PNEUMONIA(265).jpg,PNEUMONIA,2,train,1296,784,RGB,bc73e4f1849d38607e6aefe4823bb51f,f0d0d2f0f0f0f0c0
data/q1/Data/train/PNEUMONIA/PNEUMONIA(2650).jpg,PNEUMONIA,2,train,2088,1728,RGB,34ab677707fface0536bca7ec015d378,e4d4b29290b0d0d0
data/q1/Data/train/PNEUMONIA/PNEUMONIA(2651).jpg,PNEUMONIA,2,train,1800,1261,RGB,6635a2b087a4ee3bf332ddb375a957e6,31d596b2b2b2b0d0
data/q1/Data/train/PNEUMONIA/PNEUMONIA(2652).jpg,PNEUMONIA,2,train,1419,884,RGB,0639ba354f3dba53977a344250c42d0b,f2e0d4f4f0f0f0f0
data/q1/Data/train/PNEUMONIA/PNEUMONIA(2654).jpg,PNEUMONIA,2,train,1144,688,RGB,50f1ec9b8d4f568d17a542ac92c0c231,58f2b2f2f0f0f0d0
data/q1/Data/train/PNEUMONIA/PNEUMONIA(2655).jpg,PNEUMONIA,2,train,1232,952,RGB,65e6c5265eb0ff101fe1f19ff912db23,f0d0b2b0b0f0e0e2
data/q1/Data/train/PNEUMONIA/PNEUMONIA(2656).jpg,PNEUMONIA,2,train,1128,944,RGB,abecadb9c5689967e88a0eedebcc9eab,f0d4f2b2f0b0f0b6
data/q1/Data/train/PNEUMONIA/PNEUMONIA(2657).jpg,PNEUMONIA,2,train,1184,1040,RGB,172a9ea43a081a8f945ba7777099702c,70b4b0b0f0f0b0f0
data/q1/Data/train/PNEUMONIA/PNEUMONIA(2658).jpg,PNEUMONIA,2,train,1192,976,RGB,ca059c522ee3aa88f3724c1eb5bf466d,f0f2f2f0f0b0f0d2
data/q1/Data/train/PNEUMONIA/PNEUMONIA(2659).jpg,PNEUMONIA,2,train,1168,944,RGB,570d29345b268d401674a6b4427d67e3,70f4b2b0f0b0f0f4
data/q1/Data/train/PNEUMONIA/PNEUMONIA(266).jpg,PNEUMONIA,2,train,926,628,RGB,d40407337a3e1cfc85c8bfca95f54ab3,d2f2f0f0f0d0d8d0
data/q1/Data/train/PNEUMONIA/PNEUMONIA(2661).jpg,PNEUMONIA,2,train,1534,1264,RGB,d52e926459e2c1e0bfa02f0597b858b2,f9d292b2b0b0f0d4
data/q1/Data/train/PNEUMONIA/PNEUMONIA(2662).jpg,PNEUMONIA,2,train,550,260,RGB,2acf55b40842a09b07ea2c08da71c29e,b2b2b2b0b0f0f4f0
data/q1/Data/train/PNEUMONIA/PNEUMONIA(2663).jpg,PNEUMONIA,2,train,840,600,RGB,5c2f920df4c65ee618e840416cfa8887,f0b2b2f0f0e0e0e4
data/q1/Data/train/PNEUMONIA/PNEUMONIA(2664).jpg,PNEUMONIA,2,train,840,464,RGB,c31a998eccd8f27ee38c06ed390b8c2f,d0dab8b0b0f0f0f0
data/q1/Data/train/PNEUMONIA/PNEUMONIA(2665).jpg,PNEUMONIA,2,train,1072,664,RGB,5127147f60abb127f63da9a8839a59f6,60e1b5b0b0b0f0e0
data/q1/Data/train/PNEUMONIA/PNEUMONIA(2666).jpg,PNEUMONIA,2,train,1408,968,RGB,bbb4c1abb2a286e45d53a3a1dce4c6ac,38d4d6b2b2b0f0f0
data/q1/Data/train/PNEUMONIA/PNEUMONIA(2667).jpg,PNEUMONIA,2,train,1294,1075,RGB,520237ead46fdc28ecccefd47b960289,e094b2b270f070d0
data/q1/Data/train/PNEUMONIA/PNEUMONIA(2669).jpg,PNEUMONIA,2,train,1400,1224,RGB,6f12aa3fce813dfd4cd9dbed62065d1e,f0d292b2b2f2f0c0
data/q1/Data/train/PNEUMONIA/PNEUMONIA(2670).jpg,PNEUMONIA,2,train,1424,1184,RGB,12b1e4f9f90a88409109269dde0282da,e0e4e6e2f2f2d090
data/q1/Data/train/PNEUMONIA/PNEUMONIA(2671).jpg,PNEUMONIA,2,train,1352,948,RGB,4a8ec07839010c9b533bd286ba6a1c4b,f4f4b6b2b2b0f0f0
data/q1/Data/train/PNEUMONIA/PNEUMONIA(2673).jpg,PNEUMONIA,2,train,1229,936,RGB,75d686981afbdf9369cd25d53a7ec815,5952b2b2bab0f0f0
data/q1/Data/train/PNEUMONIA/PNEUMONIA(2674).jpg,PNEUMONIA,2,train,992,776,RGB,0e794ed5449d6b290dac1fc81f9b3761,70d092b2b0f0d0b2
data/q1/Data/train/PNEUMONIA/PNEUMONIA(2676).jpg,PNEUMONIA,2,train,1896,1752,RGB,b94ba4e72d75604e914d6e28725bc014,b094a46060e0a0a0
data/q1/Data/train/PNEUMONIA/PNEUMONIA(2678).jpg,PNEUMONIA,2,train,2080,2032,RGB,618df820232dd86520927910cc4a70de,f190b43434b0a0e4
data/q1/Data/train/PNEUMONIA/PNEUMONIA(2679).jpg,PNEUMONIA,2,train,1880,1592,RGB,b0057100f02110719e85e561725c7868,48d2d392b0f0f4f4
data/q1/Data/train/PNEUMONIA/PNEUMONIA(2680).jpg,PNEUMONIA,2,train,936,720,RGB,b460268817daa8ec88dbe28e1a0b57d5,f8d4d0b0b4f0f0f0
data/q1/Data/train/PNEUMONIA/PNEUMONIA(2681).jpg,PNEUMONIA,2,train,1072,680,RGB,f13fb02774cb85d98c254ee518ebf201,785cd4f0f4f4f0d0
data/q1/Data/train/PNEUMONIA/PNEUMONIA(2682).jpg,PNEUMONIA,2,train,1144,720,RGB,43567eae0b3c9db8f71069f37e6b5cf0,3d7c507070f0f0f0
data/q1/Data/train/PNEUMONIA/PNEUMONIA(2683).jpg,PNEUMONIA,2,train,824,568,RGB,ffb5d0fbe81791e0608db542c8d44290,525292b8b0b070f0
data/q1/Data/train/PNEUMONIA/PNEUMONIA(2684).jpg,PNEUMONIA,2,train,1072,648,RGB,957497cdab3d6ee7e4775cab11925c96,f1f575f1f1f0f0f0
data/q1/Data/train/PNEUMONIA/PNEUMONIA(2685).jpg,PNEUMONIA,2,train,1244,658,RGB,b6a050d1c264323ebacaed21f132a271,fcd0d8d8f0f0f0f0
data/q1/Data/train/PNEUMONIA/PNEUMONIA(2686).jpg,PNEUMONIA,2,train,1328,984,RGB,63b13b7e8298952b98ef27de714c1d6c,f3d0d2b2b2b0f0f0
data/q1/Data/train/PNEUMONIA/PNEUMONIA(2687).jpg,PNEUMONIA,2,train,1040,760,RGB,ad542f762d0c3b630e54b85d058592a8,a3a5b1b1b0b0f0f2
data/q1/Data/train/PNEUMONIA/PNEUMONIA(2688).jpg,PNEUMONIA,2,train,1000,712,RGB,746bd5233070a4ba5df85b3b8507f3be,707474327070d0f0
data/q1/Data/train/PNEUMONIA/PNEUMONIA(2689).jpg,PNEUMONIA,2,train,960,624,RGB,98cf7437ade03f5d96df1e6c4bc1caa9,70d0d0f0f0b0b0d0
data/q1/Data/train/PNEUMONIA/PNEUMONIA(269).jpg,PNEUMONIA,2,train,1743,1270,RGB,b0f677acc11e177727710bfe2182d7b5,ccd492b2b2b0f0d0
data/q1/Data/train/PNEUMONIA/PNEUMONIA(2690).jpg,PNEUMONIA,2,train,1000,640,RGB,218d911318fb4d509d721f15b043aa2f,71b1b4b4b0b0fcf8
data/q1/Data/train/PNEUMONIA/PNEUMONIA(2691).jpg,PNEUMONIA,2,train,904,568,RGB,a385d3cec2c4b6ce1921a50dc31722ba,d1d0b4b4b4b4b0d0
data/q1/Data/train/PNEUMONIA/PNEUMONIA(2692).jpg,PNEUMONIA,2,train,1074,708,RGB,e8dda0b9803bf8a3c0a5c3c507bfd7ed,e9d1b2b2b0b0f0f0
data/q1/Data/train/PNEUMONIA/PNEUMONIA(2693).jpg,PNEUMONIA,2,train,452,180,RGB,7d772b6bed17df488c117b54e59acf22,90b0b0b0b0d2d0f0
data/q1/Data/train/PNEUMONIA/PNEUMONIA(2695).jpg,PNEUMONIA,2,train,479,211,RGB,8285fda20548875b61b30e3c962cb29a,36323272727371f1
data/q1/Data/train/PNEUMONIA/PNEUMONIA(2696).jpg,PNEUMONIA,2,train,507,244,RGB,19fdbafd33e2951fefc86dd5598078aa,d9d9f9b8d0f0f0f4
data/q1/Data/train/PNEUMONIA/PNEUMONIA(2697).jpg,PNEUMONIA,2,train,1088,824,RGB,bf4116c08601f9d8189e9758e108e0f3,f0b4b0b0b0b0f0e4
data/q1/Data/train/PNEUMONIA/PNEUMONIA(2698).jpg,PNEUMONIA,2,train,1088,728,RGB,382e9f0a1bf91e6c7050103489acc3c5,f1f0b0b0b0f0f0d0
data/q1/Data/train/PNEUMONIA/PNEUMONIA(2699).jpg,PNEUMONIA,2,train,1072,696,RGB,9450f082645f43a01fded7972eb50d6f,787070f0b0b0f0f0
data/q1/Data/train/PNEUMONIA/PNEUMONIA(270).jpg,PNEUMONIA,2,train,1616,1208,RGB,1a9c32e878f45ab885bc5dc0e71d2f9e,70d0b6b2b8b4f0d4
data/q1/Data/train/PNEUMONIA/PNEUMONIA(2700).jpg,PNEUMONIA,2,train,1024,824,RGB,3ea9bffa2e137abec98d86d97508e652,b8d8d2f8b0f0f0f0
data/q1/Data/train/PNEUMONIA/PNEUMONIA(2701).jpg,PNEUMONIA,2,train,1128,736,RGB,0720b86f50a6058e0b114d89cffdd5dd,715450f0b0f0f0f4
data/q1/Data/train/PNEUMONIA/PNEUMONIA(2703).jpg,PNEUMONIA,2,train,1456,1032,RGB,85ad9aa3fda54cea7d3239efee0db86e,e2e4b6b2b2b2b0d4
data/q1/Data/train/PNEUMONIA/PNEUMONIA(2704).jpg,PNEUMONIA,2,train,1258,849,RGB,2747ca6e433afe3ac1954cf2df44a08e,e09292b0b0b0f0d0
data/q1/Data/train/PNEUMONIA/PNEUMONIA(2705).jpg,PNEUMONIA,2,train,2080,1680,RGB,6628304be91fee8cc2ea2ba7ff927176,319b9292b2b292a4
data/q1/Data/train/PNEUMONIA/PNEUMONIA(2706).jpg,PNEUMONIA,2,train,1392,1240,RGB,02fab172f5c6d151cc02078e5ea4cfc6,b9f9d4b4f0e0a4ac
data/q1/Data/train/PNEUMONIA/PNEUMONIA(2707).jpg,PNEUMONIA,2,train,1272,1032,RGB,3cca021be2b84dc9f96abfe5802859e8,d0d2b0b0f0f0d4b4
data/q1/Data/train/PNEUMONIA/PNEUMONIA(2708).jpg,PNEUMONIA,2,train,1248,976,RGB,8defb9fa8fb0f4459465bc6e91e207c0,70d2b2b0b4b0f0d2
data/q1/Data/train/PNEUMONIA/PNEUMONIA(2710).jpg,PNEUMONIA,2,train,984,576,RGB,793960f40dddbf8cd70f4745fd5ea04d,f2d4d0b0b0f0f0f0
data/q1/Data/train/PNEUMONIA/PNEUMONIA(2711).jpg,PNEUMONIA,2,train,1008,704,RGB,6463b64c32b064a17642deb504d20434,71f156f0f0f0f0d0
data/q1/Data/train/PNEUMONIA/PNEUMONIA(2712).jpg,PNEUMONIA,2,train,976,624,RGB,6d9e5f8913dc742bfb12f46de79dc9b3,f0b6b2b0b0f1f1f0
data/q1/Data/train/PNEUMONIA/PNEUMONIA(2713).jpg,PNEUMONIA,2,train,1000,688,RGB,8b6b4f50af0c6dcfb15c8c4985ee49ff,f1b5b1b1f0f1e0f0
data/q1/Data/train/PNEUMONIA/PNEUMONIA(2714).jpg,PNEUMONIA,2,train,968,568,RGB,902605b8a6dc8d04abb9a3848781a307,52d2f0b0b070f0f0
data/q1/Data/train/PNEUMONIA/PNEUMONIA(2715).jpg,PNEUMONIA,2,train,1298,763,RGB,63671354ee565898ce723a871f5514ea,f0d496b2b2b0e2d2
data/q1/Data/train/PNEUMONIA/PNEUMONIA(2716).jpg,PNEUMONIA,2,train,1329,855,RGB,756b02629943ddc0de6cbbfec8856806,f8dcd692b8b8f0d4
data/q1/Data/train/PNEUMONIA/PNEUMONIA(2717).jpg,PNEUMONIA,2,train,1352,890,RGB,85c9bc05093d6b595820bf4b19a6a87a,e2b4b4b2b2b2f2d0
data/q1/Data/train/PNEUMONIA/PNEUMONIA(2720).jpg,PNEUMONIA,2,train,921,616,RGB,6fea4ef7647955fc7f966cfc1567f4c9,e0b4b4b2f270f0d0
data/q1/Data/train/PNEUMONIA/PNEUMONIA(2722).jpg,PNEUMONIA,2,train,1008,670,RGB,12412d44a35547e1092a16cd08a71dfc,c8dadbbbb9b9f1f0
data/q1/Data/train/PNEUMONIA/PNEUMONIA(2724).jpg,PNEUMONIA,2,train,1236,709,RGB,ca6d5b1b44a0f9671aec997d4ee9f384,d094b6b2b2b2b2f0
data/q1/Data/train/PNEUMONIA/PNEUMONIA(2727).jpg,PNEUMONIA,2,train,1032,576,RGB,4b6751cf9683e21d4869a0d3ef009ec9,e1f5b0b0b0b0f0f0
data/q1/Data/train/PNEUMONIA/PNEUMONIA(2728).jpg,PNEUMONIA,2,train,1040,528,RGB,567b260fed1f694b185ac065ed8bbe05,f4d0f0b0f0f0f0d8
data/q1/Data/train/PNEUMONIA/PNEUMONIA(2729).jpg,PNEUMONIA,2,train,812,678,RGB,8c6f357b7ba56c68a52b551a45a0ae9b,9292b3b9b0f1f0e6
data/q1/Data/train/PNEUMONIA/PNEUMONIA(273).jpg,PNEUMONIA,2,train,790,472,RGB,bfcb3109ff0bc6637790c58f6622c458,5adada98b0f0f0f0
data/q1/Data/train/PNEUMONIA/PNEUMONIA(2730).jpg,PNEUMONIA,2,train,904,704,RGB,2055fe372bf82dd882adc89f0726930b,5070f0f0f0f0d0f0
data/q1/Data/train/PNEUMONIA/PNEUMONIA(2731).jpg,PNEUMONIA,2,train,1456,1288,RGB,71ca449420d331c05a82e4753ce13f1d,70f0b2b2f0f0f0d0
data/q1/Data/train/PNEUMONIA/PNEUMONIA(2732).jpg,PNEUMONIA,2,train,851,704,RGB,facd825b9145bc2d0757c5764e9b9d89,f8dab8b8f0f4c4d2
data/q1/Data/train/PNEUMONIA/PNEUMONIA(2734).jpg,PNEUMONIA,2,train,1344,890,RGB,60361d22d3a5f58024a7792e50db8594,f0d292b2b2f0d0e4
data/q1/Data/train/PNEUMONIA/PNEUMONIA(2735).jpg,PNEUMONIA,2,train,1502,1241,RGB,7c590094a6b9d4bd3b9ef4c29378b66c,7850f2f2f0f0e0f0
data/q1/Data/train/PNEUMONIA/PNEUMONIA(2736).jpg,PNEUMONIA,2,train,1104,708,RGB,f0cb8cf6dfa2b3361da9152abc3aebdc,e8d4f2b2b0f8f0f0
data/q1/Data/train/PNEUMONIA/PNEUMONIA(2737).jpg,PNEUMONIA,2,train,976,656,RGB,101d6afb388c4c0ed2ba06195b7c95c3,e0f0f492f2b0b0f4
data/q1/Data/train/PNEUMONIA/PNEUMONIA(2738).jpg,PNEUMONIA,2,train,1072,832,RGB,9515e127a03fb7ce6d7390431921889f,60f0d4f4f2b2f0c4
data/q1/Data/train/PNEUMONIA/PNEUMONIA(2739).jpg,PNEUMONIA,2,train,1224,784,RGB,c67a54b47d5bfdadafce40785783b0fa,6270f1f5f0f0e0d0
data/q1/Data/train/PNEUMONIA/PNEUMONIA(2740).jpg,PNEUMONIA,2,train,1008,608,RGB,9a4199678bae43b9cc0bbba1a9d54491,70f0f4f4f0f0f0f0
data/q1/Data/train/PNEUMONIA/PNEUMONIA(2741).jpg,PNEUMONIA,2,train,1144,808,RGB,39ee9e4907a7df6ec741e7c42b37c587,6170f4f4b0b0f0f0
data/q1/Data/train/PNEUMONIA/PNEUMONIA(2744).jpg,PNEUMONIA,2,train,1016,672,RGB,caf249044a8c1b783156b227562a7b42,e0e0f0f1f1f1f0f0
data/q1/Data/train/PNEUMONIA/PNEUMONIA(2745).jpg,PNEUMONIA,2,train,928,520,RGB,06032e913309742fee65d99b6128d935,7175f4f0b0b0f0f0
data/q1/Data/train/PNEUMONIA/PNEUMONIA(2746).jpg,PNEUMONIA,2,train,896,624,RGB,c1f6fe933c654f133a7112ea892300ae,e1e0f4f2f0f0f0f0
data/q1/Data/train/PNEUMONIA/PNEUMONIA(2747).jpg,PNEUMONIA,2,train,832,672,RGB,f07830f88fd1e0c175016687cec6ef3c,f0f0b2b0b0f0d0c4
data/q1/Data/train/PNEUMONIA/PNEUMONIA(2748).jpg,PNEUMONIA,2,train,1099,786,RGB,47681089fe47ce7e90370e83ce321cc1,e8d0d2bab8b8f9f0
data/q1/Data/train/PNEUMONIA/PNEUMONIA(2749).jpg,PNEUMONIA,2,train,1096,832,RGB,907c1a8f52ec3501c452cda5f1578237,7172f0f0f0b0f0e0
data/q1/Data/train/PNEUMONIA/PNEUMONIA(275).jpg,PNEUMONIA,2,train,722,427,RGB,650f99c8ecd61c8e50f496e7cb2a7b80,b6b6b2b2b0b0f0f4
data/q1/Data/train/PNEUMONIA/PNEUMONIA(2750).jpg,PNEUMONIA,2,train,936,648,RGB,f09fcebbcda61d7d8ef23658e3906974,f8d890b2b2b0f0f0
data/q1/Data/train/PNEUMONIA/PNEUMONIA(2752).jpg,PNEUMONIA,2,train,1216,736,RGB,ad6949daedb764743d01321c8ebf4088,e1f4d4b2b2b2f0d4
data/q1/Data/train/PNEUMONIA/PNEUMONIA(2753).jpg,PNEUMONIA,2,train,1232,744,RGB,106f24153ff9ac35a26563e06f9eeae4,78585292b2b0d0f0
data/q1/Data/train/PNEUMONIA/PNEUMONIA(2755).jpg,PNEUMONIA,2,train,1072,752,RGB,6e978877e1a7403f85a521e3273c08ae,d852f2f2f0f0f0e0
data/q1/Data/train/PNEUMONIA/PNEUMONIA(2757).jpg,PNEUMONIA,2,train,1168,840,RGB,5aa7488df92f9f051af5e71db0a1c7df,e1a5b4b2b2b0f0f0
data/q1/Data/train/PNEUMONIA/PNEUMONIA(2758).jpg,PNEUMONIA,2,train,920,608,RGB,8d5baf2304dfd8958d4b59a96565dd35,e0f4d4b2b2b2b2f0
data/q1/Data/train/PNEUMONIA/PNEUMONIA(2759).jpg,PNEUMONIA,2,train,888,664,RGB,7ecc4d54cd60b672f20f287b4a90e52b,38f870d8d8f8f0f0
data/q1/Data/train/PNEUMONIA/PNEUMONIA(2760).jpg,PNEUMONIA,2,train,928,672,RGB,0fbf9bf9bb454c2960d6bcb86564afdb,7874f0f0f0f2f0f0
data/q1/Data/train/PNEUMONIA/PNEUMONIA(2762).jpg,PNEUMONIA,2,train,944,656,RGB,36ce60dfaaae72c2ef1ad609348ec75c,3179715171f1f0f0
data/q1/Data/train/PNEUMONIA/PNEUMONIA(2769).jpg,PNEUMONIA,2,train,904,672,RGB,92a2eae2f2aaa29862d8e6c5583a38ff,795050f0f0b0f0f0
data/q1/Data/train/PNEUMONIA/PNEUMONIA(2770).jpg,PNEUMONIA,2,train,904,712,RGB,21f756958617fef5275964fca5dbff0f,e0d1f0f0f0f0f0f0
data/q1/Data/train/PNEUMONIA/PNEUMONIA(2772).jpg,PNEUMONIA,2,train,1487,1051,RGB,9b2b69d82c1c664e6978d59a0a18d75e,f0d496b2b2b2b0f4
data/q1/Data/train/PNEUMONIA/PNEUMONIA(2774).jpg,PNEUMONIA,2,train,1336,888,RGB,69a8fd19c5800f399d9c67c5a4ebfc85,e626f4f4f0f8f8f0
data/q1/Data/train/PNEUMONIA/PNEUMONIA(2775).jpg,PNEUMONIA,2,train,738,543,RGB,22f83ed6a20dab76c4d4afad36ea6717,b2b23171f0f2d2f0
data/q1/Data/train/PNEUMONIA/PNEUMONIA(2776).jpg,PNEUMONIA,2,train,960,536,RGB,6c93fad86dec7e96a28806ee1a372b38,60f0d4d0f0f0f0fc
data/q1/Data/train/PNEUMONIA/PNEUMONIA(2777).jpg,PNEUMONIA,2,train,1072,744,RGB,3652beb44107c442074fc7ac2fb4f988,d0d0f0b0f0f0f0f0
data/q1/Data/train/PNEUMONIA/PNEUMONIA(2778).jpg,PNEUMONIA,2,train,976,720,RGB,edc0246deb586d97748baf7341f313c2,e0d090b0b0e8e0e0
data/q1/Data/train/PNEUMONIA/PNEUMONIA(2779).jpg,PNEUMONIA,2,train,1120,736,RGB,17ac1debaeab1a156119ca5bc88bca98,f0d0d0f0f0e8e8e0
data/q1/Data/train/PNEUMONIA/PNEUMONIA(278).jpg,PNEUMONIA,2,train,896,680,RGB,90a1ff1cfdb6cc37e77e51fcfc985a8c,7c7c50d0d0f0f0f0
data/q1/Data/train/PNEUMONIA/PNEUMONIA(2780).jpg,PNEUMONIA,2,train,976,632,RGB,c2795f2a6a89a370f183ab3222d88b3f,f0d4d298b0b0f0f0
data/q1/Data/train/PNEUMONIA/PNEUMONIA(2783).jpg,PNEUMONIA,2,train,1144,672,RGB,c458d822ed8c934bea71e45d866363b5,61d0d0d0b0f0e0e0
data/q1/Data/train/PNEUMONIA/PNEUMONIA(2785).jpg,PNEUMONIA,2,train,1144,1072,RGB,4fbe84805024f8166a2b4ec7b3af1781,f9d89ab0b0f0c0c4
data/q1/Data/train/PNEUMONIA/PNEUMONIA(2786).jpg,PNEUMONIA,2,train,1424,1056,RGB,24b073b7ac2c6cbd138e3370d0eaaa16,3194d5d0b0b0f0f4
data/q1/Data/train/PNEUMONIA/PNEUMONIA(2787).jpg,PNEUMONIA,2,train,1136,872,RGB,936539ecd6ab043c8b586e56a66219ac,d9d3b3b3b1f1d0a4
data/q1/Data/train/PNEUMONIA/PNEUMONIA(2788).jpg,PNEUMONIA,2,train,1056,619,RGB,a145209a71638227023e195f5292fffd,dadbb9b9b9f1f1f4
data/q1/Data/train/PNEUMONIA/PNEUMONIA(2789).jpg,PNEUMONIA,2,train,1272,1145,RGB,d9c2b064f6cfe0cfa4801bb2f332833b,31d292b2b130f0f0
data/q1/Data/train/PNEUMONIA/PNEUMONIA(279).jpg,PNEUMONIA,2,train,1671,1396,RGB,f5659d5aae272bf230fc83d232880710,d4b4b2b2b030f0d4
data/q1/Data/train/PNEUMONIA/PNEUMONIA(2790).jpg,PNEUMONIA,2,train,1360,816,RGB,8838f7d3e5113f6aef5041cfce5fa51d,71d696b2b2b0f0f0
data/q1/Data/train/PNEUMONIA/PNEUMONIA(2791).jpg,PNEUMONIA,2,train,856,496,RGB,94e4a0421ccdbb187b10f6ad14ca346e,d0f4b0b0b0b0f0c0
data/q1/Data/train/PNEUMONIA/PNEUMONIA(2792).jpg,PNEUMONIA,2,train,872,584,RGB,33329431566be73dde600de13e48e431,70f8f4f0f0b0f0f0
data/q1/Data/train/PNEUMONIA/PNEUMONIA(2793).jpg,PNEUMONIA,2,train,888,536,RGB,9d76466f3c31984b6f623a951324492e,70b1b5b0b0f0e0f0
data/q1/Data/train/PNEUMONIA/PNEUMONIA(2794).jpg,PNEUMONIA,2,train,1870,1287,RGB,b99e6b4d88547c439792d835d5020608,f4b4b2b0f070f4d4
data/q1/Data/train/PNEUMONIA/PNEUMONIA(2795).jpg,PNEUMONIA,2,train,2051,1361,RGB,642d537f9b589c21972c05d20473bdb8,39d692f0b4f0f4f6
data/q1/Data/train/PNEUMONIA/PNEUMONIA(2796).jpg,PNEUMONIA,2,train,1744,1200,RGB,ad745641e5c62097403b12125476c6c1,62f0b4b4f4f4d4d4
data/q1/Data/train/PNEUMONIA/PNEUMONIA(2797).jpg,PNEUMONIA,2,train,1552,1224,RGB,5567642de5df969bc8cd60dc3e9f6d88,70d4b2b2b0f4d492
data/q1/Data/train/PNEUMONIA/PNEUMONIA(2798).jpg,PNEUMONIA,2,train,1560,1272,RGB,a4e05147255089993d5f895b13343c8c,7096b2b0b0f0f2d2
data/q1/Data/train/PNEUMONIA/PNEUMONIA(2799).jpg,PNEUMONIA,2,train,1640,936,RGB,56eec90a0f39953845721b571e33b1e6,74b2b0b0b0f0f0ca
data/q1/Data/train/PNEUMONIA/PNEUMONIA(2800).jpg,PNEUMONIA,2,train,1640,936,RGB,e3557c2dcd4a623fba91245cea80734f,d2d292b2b0f0f0d4
data/q1/Data/train/PNEUMONIA/PNEUMONIA(2801).jpg,PNEUMONIA,2,train,1760,1168,RGB,66e28d14ea76e2c0c322bb431ec0ac2b,60e4a4b4b4b0f4d2
data/q1/Data/train/PNEUMONIA/PNEUMONIA(2802).jpg,PNEUMONIA,2,train,1176,856,RGB,b5cf388566faf98ea7097c65d70fee0a,71d2b2b2b2b0b0f0
data/q1/Data/train/PNEUMONIA/PNEUMONIA(2804).jpg,PNEUMONIA,2,train,1561,1284,RGB,c574d9b410d7a274fb220a84606baecc,7192b2b0f0f0f0f0
data/q1/Data/train/PNEUMONIA/PNEUMONIA(2805).jpg,PNEUMONIA,2,train,1136,840,RGB,0aba1e42e1fd79403a5d799b68a7fde1,f8d8d0b2b0f8f0c0
data/q1/Data/train/PNEUMONIA/PNEUMONIA(2806).jpg,PNEUMONIA,2,train,944,528,RGB,4bd5b17ac3ef45e9c33ae8bffc951206,dab8b8b8b8f8f1c0
data/q1/Data/train/PNEUMONIA/PNEUMONIA(2808).jpg,PNEUMONIA,2,train,1096,784,RGB,4bb396d3e45fb1e54ab2696ec867ff09,71f0f0f0f0f0f0e4
data/q1/Data/train/PNEUMONIA/PNEUMONIA(2809).jpg,PNEUMONIA,2,train,1112,824,RGB,4f4874eeab91a8886702472bfe23d0a3,b1d1f0b0b0f0f0f4
data/q1/Data/train/PNEUMONIA/PNEUMONIA(281).jpg,PNEUMONIA,2,train,1558,964,RGB,435f73af757464a39988fe7056100f11,f8f492b2b1f1f0d0
data/q1/Data/train/PNEUMONIA/PNEUMONIA(2811).jpg,PNEUMONIA,2,train,1208,896,RGB,ff5dfa99c12b9f4015ca9e12f81e6c98,a0d4d2f0b0f0e4f4
data/q1/Data/train/PNEUMONIA/PNEUMONIA(2812).jpg,PNEUMONIA,2,train,1283,832,RGB,704ab1f2ffba25c67e9aa6bb11bf0f9b,6990b2b2b2b0f0f0
data/q1/Data/train/PNEUMONIA/PNEUMONIA(2814).jpg,PNEUMONIA,2,train,1048,648,RGB,98252df982239a050edeecd4d0f63c79,e1f5b5f1b0b0f0f0
data/q1/Data/train/PNEUMONIA/PNEUMONIA(2815).jpg,PNEUMONIA,2,train,888,536,RGB,e5b2c440337145693cbd09990afd0828,e0b4b5f1f1f0f0f0
data/q1/Data/train/PNEUMONIA/PNEUMONIA(2816).jpg,PNEUMONIA,2,train,1696,1272,RGB,44dc4564202a7fd7a70368d84655b754,e8dadbb3f2d0a0a0
data/q1/Data/train/PNEUMONIA/PNEUMONIA(2817).jpg,PNEUMONIA,2,train,1680,1328,RGB,5b41fb98aaf165e8f1ebed0df7deafdd,b0d0b6b6b2f2d8b4
data/q1/Data/train/PNEUMONIA/PNEUMONIA(2818).jpg,PNEUMONIA,2,train,1192,920,RGB,e4d65c9952dc082a538eab6d5049ac5a,f892b2b2b0f0d0f0
data/q1/Data/train/PNEUMONIA/PNEUMONIA(2820).jpg,PNEUMONIA,2,train,1125,851,RGB,05b495aa0df796233955461263012566,715492b2b0b0f0f0
data/q1/Data/train/PNEUMONIA/PNEUMONIA(2824).jpg,PNEUMONIA,2,train,1256,767,RGB,e3943e72bb784ed35979786fb899a072,e1f1f4f0f0f0b0f0
data/q1/Data/train/PNEUMONIA/PNEUMONIA(2825).jpg,PNEUMONIA,2,train,1879,1505,RGB,c0ae8a5c97d932151049abef087ad43d,b2b0b0b0f0f0f0c0
data/q1/Data/train/PNEUMONIA/PNEUMONIA(2826).jpg,PNEUMONIA,2,train,1504,936,RGB,21cdf37a25d17a90594b18b3a5452f70,70f0b4b0b0b0b0f0
data/q1/Data/train/PNEUMONIA/PNEUMONIA(2828).jpg,PNEUMONIA,2,train,1947,1692,RGB,c315202cff732404c935779bf96708c6,f0d01333b1b0f0f0
data/q1/Data/train/PNEUMONIA/PNEUMONIA(2829).jpg,PNEUMONIA,2,train,1024,680,RGB,933b132b5a0071495cbca57801a8aeb6,f8d8d2b2b2b290a8
data/q1/Data/train/PNEUMONIA/PNEUMONIA(283).jpg,PNEUMONIA,2,train,904,600,RGB,d8e274358a2f497aaeb0c77e083e2047,fcf0f0f0f0f0f0d0
data/q1/Data/train/PNEUMONIA/PNEUMONIA(2830).jpg,PNEUMONIA,2,train,1040,760,RGB,db2fa617d3c55f0c20173dd231804ff3,72b4b4b0b0d0e0d0
data/q1/Data/train/PNEUMONIA/PNEUMONIA(2831).jpg,PNEUMONIA,2,train,997,604,RGB,3b64e6e0f753b2453eff76acc9565f16,f0b4b4b0f2f2f2d0
data/q1/Data/train/PNEUMONIA/PNEUMONIA(2833).jpg,PNEUMONIA,2,train,1023,719,RGB,40065b20015760c8933b213f88dc5ef8,d49692b2b2b8f8e4
data/q1/Data/train/PNEUMONIA/PNEUMONIA(2835).jpg,PNEUMONIA,2,train,816,616,RGB,15831bf5f8aaeacd746594d651706701,e0e4f0f0f0f0f0d0
data/q1/Data/train/PNEUMONIA/PNEUMONIA(2836).jpg,PNEUMONIA,2,train,896,680,RGB,5165f4ae5a49decfa0c34ecab5c74edd,f1f0f0f4b4f4f4e0
data/q1/Data/train/PNEUMONIA/PNEUMONIA(2837).jpg,PNEUMONIA,2,train,936,728,RGB,fbc4f0b1c6842bcc375bbbdb27cb47bb,71f0f0f0b0f0f0c2
data/q1/Data/train/PNEUMONIA/PNEUMONIA(2838).jpg,PNEUMONIA,2,train,824,712,RGB,0e3913f8cbc86f2d0a31f6f613c3c8c7,78f8d8f2b2b2f0f0
data/q1/Data/train/PNEUMONIA/PNEUMONIA(284).jpg,PNEUMONIA,2,train,856,624,RGB,2f5fba3f1901c8374bcf98e55334d3fd,f1d5f0b4f0f8d0f0
data/q1/Data/train/PNEUMONIA/PNEUMONIA(2840).jpg,PNEUMONIA,2,train,2040,1417,RGB,4830845a1b5791b5ebb39d14be16b37f,f094333333b0f0f2
data/q1/Data/train/PNEUMONIA/PNEUMONIA(2843).jpg,PNEUMONIA,2,train,2021,1577,RGB,5a41c0d669fa1db3f7e5d0f3af4d0ea3,6994b2b0b0b0f0f0
data/q1/Data/train/PNEUMONIA/PNEUMONIA(2845).jpg,PNEUMONIA,2,train,808,488,RGB,a75e776a4e36734462c99f2bb88bad3b,d0d0d2f0b0b0f0f0
data/q1/Data/train/PNEUMONIA/PNEUMONIA(2846).jpg,PNEUMONIA,2,train,942,615,RGB,a4abedac587033b0635afc13ce401403,f8d4b6b2b0f0d0d0
data/q1/Data/train/PNEUMONIA/PNEUMONIA(2847).jpg,PNEUMONIA,2,train,1343,912,RGB,8bb7b76396f4dc01c1b3a22a429b878d,e8d4d2b2b2f0e0e0
data/q1/Data/train/PNEUMONIA/PNEUMONIA(2849).jpg,PNEUMONIA,2,train,1376,968,RGB,fd28340a02884b31975d944dd3bd2ae9,f0d6d6b2b0b0f0f4
data/q1/Data/train/PNEUMONIA/PNEUMONIA(2850).jpg,PNEUMONIA,2,train,1442,1140,RGB,bf9016483dd8d0e0e63c3c3351729c07,f1f0f2f0f0f0f0e0
data/q1/Data/train/PNEUMONIA/PNEUMONIA(2851).jpg,PNEUMONIA,2,train,863,574,RGB,1eece0c570a3f99f12d32a8718cd0396,d494b0b0b0f0f4cc
data/q1/Data/train/PNEUMONIA/PNEUMONIA(2852).jpg,PNEUMONIA,2,train,1008,696,RGB,984cab8649d2bb31f90a2ffcc4e68db7,e0d4b4b4b0b0f0d4
data/q1/Data/train/PNEUMONIA/PNEUMONIA(2855).jpg,PNEUMONIA,2,train,904,584,RGB,0fac16e4e51394f1370dc1be64c8b903,e1b4b2b0b0b0b0f0
data/q1/Data/train/PNEUMONIA/PNEUMONIA(2856).jpg,PNEUMONIA,2,train,1087,736,RGB,a38898c3cb72e9873ed12b244ded0127,d4f2b2b0b0b0f0d0
data/q1/Data/train/PNEUMONIA/PNEUMONIA(2859).jpg,PNEUMONIA,2,train,1248,736,RGB,727bf66bbac9ceedc1221cfaa898a98a,f0f0f4f0f0f0e4c4
data/q1/Data/train/PNEUMONIA/PNEUMONIA(286).jpg,PNEUMONIA,2,train,1160,776,RGB,3c65e0cb02023591a2545bfca5c2d949,e0b4b0b0b4f4f4f4
data/q1/Data/train/PNEUMONIA/PNEUMONIA(2860).jpg,PNEUMONIA,2,train,1306,844,RGB,41703827f69eedf73db970048879f495,e8d496b2b0b0f0c4
data/q1/Data/train/PNEUMONIA/PNEUMONIA(2861).jpg,PNEUMONIA,2,train,1312,816,RGB,35dc28f689082b62971176af55cc50d8,71f2f2b2b2b0f0f0
data/q1/Data/train/PNEUMONIA/PNEUMONIA(2862).jpg,PNEUMONIA,2,train,1384,1102,RGB,9cb6fba6ad8e029e71124d60107ab113,74b2b2b07170f0d0
data/q1/Data/train/PNEUMONIA/PNEUMONIA(2863).jpg,PNEUMONIA,2,train,819,519,RGB,4f3e353a15e1b3431de408c6c3f598ec,d6d2f2b2b2f0f0f0
data/q1/Data/train/PNEUMONIA/PNEUMONIA(2864).jpg,PNEUMONIA,2,train,944,631,RGB,1dca06e469484a26e72d54ce172e6492,d496b2b2b0f0d0d2
data/q1/Data/train/PNEUMONIA/PNEUMONIA(2865).jpg,PNEUMONIA,2,train,1096,896,RGB,f6edfe645f6819532d17dc0c98e758c9,b1d092b2b0f0c0d0
data/q1/Data/train/PNEUMONIA/PNEUMONIA(2867).jpg,PNEUMONIA,2,train,1112,704,RGB,172a377c98d1d6b590eeb6645d2992b1,70d5b4b2b0f0f0f0
data/q1/Data/train/PNEUMONIA/PNEUMONIA(287).jpg,PNEUMONIA,2,train,1080,824,RGB,967d2bf30d2f320d1d0a6978af5e4e66,70f090b8b0f0f0d4
data/q1/Data/train/PNEUMONIA/PNEUMONIA(2870).jpg,PNEUMONIA,2,train,1325,810,RGB,412c7e347f8c7d53df98ab5b79defdad,e1d092b2b0b0f0e4
data/q1/Data/train/PNEUMONIA/PNEUMONIA(2872).jpg,PNEUMONIA,2,train,742,473,RGB,4607bf0e69fe27d92c3fa4f98e976bf5,b4f672f2f072f0d2
data/q1/Data/train/PNEUMONIA/PNEUMONIA(2873).jpg,PNEUMONIA,2,train,650,378,RGB,9e730a766737d7b85a6d32c007ec697f,d3b3f3f0f0f0f0f0
data/q1/Data/train/PNEUMONIA/PNEUMONIA(2874).jpg,PNEUMONIA,2,train,1008,680,RGB,25f3d58823a9c6101524ba8137abf507,7155f0f0f0f0f8d0
data/q1/Data/train/PNEUMONIA/PNEUMONIA(2875).jpg,PNEUMONIA,2,train,955,744,RGB,dea22cd069207d593184f4c47c2297f8,f4d4b2b2f0f0f0f0
data/q1/Data/train/PNEUMONIA/PNEUMONIA(2876).jpg,PNEUMONIA,2,train,1084,717,RGB,411294c0eaf30bf287b288ddc2344677,dadada98f8f0f0f2
data/q1/Data/train/PNEUMONIA/PNEUMONIA(2877).jpg,PNEUMONIA,2,train,1160,816,RGB,360fc8f96a12bc1dbb8438cd63d0f121,f0f1b4b0b0b0f0f0
data/q1/Data/train/PNEUMONIA/PNEUMONIA(2879).jpg,PNEUMONIA,2,train,2182,1915,RGB,822df995b74edff7894fc533115d817d,316192b2b0b0d0f0
data/q1/Data/train/PNEUMONIA/PNEUMONIA(288).jpg,PNEUMONIA,2,train,1088,768,RGB,f8e8c735897b79f663387751c5b5ca07,d8d898b0b0f0d0d0
data/q1/Data/train/PNEUMONIA/PNEUMONIA(2880).jpg,PNEUMONIA,2,train,1144,792,RGB,c6bafbb59f0c72084c51efba883bb3ac,5092b2b2b2b0f0f0
data/q1/Data/train/PNEUMONIA/PNEUMONIA(2881).jpg,PNEUMONIA,2,train,1521,1001,RGB,4ddc6216bb9584c3eac1cfe68348374e,339292b2b2b0d0c0
data/q1/Data/train/PNEUMONIA/PNEUMONIA(2883).jpg,PNEUMONIA,2,train,1272,808,RGB,7bb98c3c2920391ed5b04f88e1ff890d,f095b2f0f4b0f0f0
data/q1/Data/train/PNEUMONIA/PNEUMONIA(2884).jpg,PNEUMONIA,2,train,1128,808,RGB,937587121c989e9dc08b442233f70c5a,f0d2b2b8b8f0f0b0
data/q1/Data/train/PNEUMONIA/PNEUMONIA(2885).jpg,PNEUMONIA,2,train,1345,995,RGB,264652075e3d4b65cfb345f7249dd192,f1d1b8b8b878f0f0
data/q1/Data/train/PNEUMONIA/PNEUMONIA(2886).jpg,PNEUMONIA,2,train,1250,883,RGB,17b1405b30267a3d130d67603ed789ed,d0d2b2b07070f0b0
data/q1/Data/train/PNEUMONIA/PNEUMONIA(2887).jpg,PNEUMONIA,2,train,759,618,RGB,892a0e4802cdea748b39687eb947d4c8,92b2313070f0f0f0
data/q1/Data/train/PNEUMONIA/PNEUMONIA(2888).jpg,PNEUMONIA,2,train,1264,928,RGB,c6bbea62516e47f0401f6f9273f221b8,61b5b4b4b0b0f0d0
data/q1/Data/train/PNEUMONIA/PNEUMONIA(2890).jpg,PNEUMONIA,2,train,1192,872,RGB,46fbfa1db36276ef2da51a44d1622688,e0f4d4b0b0b0f0c2
data/q1/Data/train/PNEUMONIA/PNEUMONIA(2892).jpg,PNEUMONIA,2,train,1248,896,RGB,e297203ce2cbd0b973f53ae5a853de93,b8d4b2b2b0b0f0c2
data/q1/Data/train/PNEUMONIA/PNEUMONIA(2893).jpg,PNEUMONIA,2,train,1224,904,RGB,dc6fed2fcde42a16e3d2c59485a23487,685adab8b8f0d0d8
data/q1/Data/train/PNEUMONIA/PNEUMONIA(2894).jpg,PNEUMONIA,2,train,1160,872,RGB,0541e131dceeb4bf6983bbbad45056af,70d4b4b0b0f0d094
data/q1/Data/train/PNEUMONIA/PNEUMONIA(2895).jpg,PNEUMONIA,2,train,1160,800,RGB,b5f738e423ae545e2180f8dcc559b7e6,f8d892b2b0f0f0b0
data/q1/Data/train/PNEUMONIA/PNEUMONIA(2896).jpg,PNEUMONIA,2,train,1349,1045,RGB,61e55bd497d387da4bb35f9494a9ecef,bad4b2b2b0b0f0d0
data/q1/Data/train/PNEUMONIA/PNEUMONIA(2897).jpg,PNEUMONIA,2,train,1534,1064,RGB,d778ec2e111aa79bb8e18b75b5d38c31,e1f4b4b0b0b0f0c4
data/q1/Data/train/PNEUMONIA/PNEUMONIA(2898).jpg,PNEUMONIA,2,train,795,612,RGB,6b1619634bf4d0e9db8d02ddc3011a29,db9bb33971f1f0f0
data/q1/Data/train/PNEUMONIA/PNEUMONIA(29).jpg,PNEUMONIA,2,train,1664,1496,RGB,fd76114ed21bbea103f3516585950860,e0c0f0f0e0f0f4f0
data/q1/Data/train/PNEUMONIA/PNEUMONIA(290).jpg,PNEUMONIA,2,train,960,672,RGB,b52b653db4403821fd9fee95b8795e77,62f0b4b2b0b0b0d8
data/q1/Data/train/PNEUMONIA/PNEUMONIA(2902).jpg,PNEUMONIA,2,train,806,554,RGB,cfc67c8cc275a0340baffb6b57d46683,9292b2b1f1f0f0e2
data/q1/Data/train/PNEUMONIA/PNEUMONIA(2903).jpg,PNEUMONIA,2,train,831,603,RGB,93197c4c6966161ef86173580a3cd666,b4b632327271f1d0
data/q1/Data/train/PNEUMONIA/PNEUMONIA(2904).jpg,PNEUMONIA,2,train,966,619,RGB,72874850de8301f2916e1d92fde8fc1f,92b0b0f0f0f0f0f0
data/q1/Data/train/PNEUMONIA/PNEUMONIA(2905).jpg,PNEUMONIA,2,train,1120,680,RGB,1d6585497cbdbe9fedd1c29bb256f0e4,e0b0b0f0e0f0b0f0
data/q1/Data/train/PNEUMONIA/PNEUMONIA(2906).jpg,PNEUMONIA,2,train,777,531,RGB,9e0ba20318cc3a4aeebbcc6b28d9f605,9ab1b0f030b0f0f0
data/q1/Data/train/PNEUMONIA/PNEUMONIA(2907).jpg,PNEUMONIA,2,train,1088,648,RGB,417bf9339f647108d20f8fe35a751e69,e0b8b0b0b0b0b0f0
data/q1/Data/train/PNEUMONIA/PNEUMONIA(2908).jpg,PNEUMONIA,2,train,1096,624,RGB,2e0771d9a7c67d00b1d42ffcb4f31aba,f090b4b4b098b8e8
data/q1/Data/train/PNEUMONIA/PNEUMONIA(291).jpg,PNEUMONIA,2,train,1072,592,RGB,b8b9e5c4de45769fdd9a52ccba39f3c7,e4a4b4b4b0b0f0d0
data/q1/Data/train/PNEUMONIA/PNEUMONIA(2910).jpg,PNEUMONIA,2,train,1152,672,RGB,7228dbe2e68b378d424297f42e373441,7070b2b2b0b0b0f0
data/q1/Data/train/PNEUMONIA/PNEUMONIA(2912).jpg,PNEUMONIA,2,train,1096,712,RGB,9a909901277deea45071cb87a29d9e7c,f1f0d298b8b8b8f0
data/q1/Data/train/PNEUMONIA/PNEUMONIA(2913).jpg,PNEUMONIA,2,train,1016,800,RGB,758d56e8436fa3f140352ee5ba43d39f,d8da92b0b8b8f0c4
data/q1/Data/train/PNEUMONIA/PNEUMONIA(2917).jpg,PNEUMONIA,2,train,1382,915,RGB,3f9efa49111698a0aebde22e1d84998c,e8b4b0b0b0b0f0d0
data/q1/Data/train/PNEUMONIA/PNEUMONIA(2918).jpg,PNEUMONIA,2,train,1120,808,RGB,9da0e75c0c0e875ea3850a8db855ad3d,a15592b2b0b0f0e0
data/q1/Data/train/PNEUMONIA/PNEUMONIA(292).jpg,PNEUMONIA,2,train,1152,784,RGB,05cc6f7721692e556cfe12770267afa7,6164f4b2b0b9f1e1
data/q1/Data/train/PNEUMONIA/PNEUMONIA(2921).jpg,PNEUMONIA,2,train,1264,904,RGB,d3d5e38028f76438f7aeaead6917d242,31d0b0b0b0b4b4d0
data/q1/Data/train/PNEUMONIA/PNEUMONIA(2922).jpg,PNEUMONIA,2,train,1160,1032,RGB,2cb7ef22ed5d71ab08b258b771203165,50b2b0b0b0b0d0d0
data/q1/Data/train/PNEUMONIA/PNEUMONIA(2923).jpg,PNEUMONIA,2,train,1232,984,RGB,5b930e8f41e8fdbb76c4a04ed39fedbf,30d1b2b0b0b0f0f0
data/q1/Data/train/PNEUMONIA/PNEUMONIA(2924).jpg,PNEUMONIA,2,train,1661,1585,RGB,1e169eb25296c082e00c13f7ec7f19d2,b1d2d0f0f0d0f0f0
data/q1/Data/train/PNEUMONIA/PNEUMONIA(2927).jpg,PNEUMONIA,2,train,1172,888,RGB,41863c2ee3ea61dde32892dc9e820618,f9d0d6b2b2f2f0e0
data/q1/Data/train/PNEUMONIA/PNEUMONIA(2929).jpg,PNEUMONIA,2,train,1272,820,RGB,8cb6f73fbbf749bc72b70a5b0e4dfaaf,f892b2b2f070f0d0
data/q1/Data/train/PNEUMONIA/PNEUMONIA(293).jpg,PNEUMONIA,2,train,1282,844,RGB,9adee83a9cd121ca52d3a9e9cbaf5387,e0b4b2b2b2f0f0d8
data/q1/Data/train/PNEUMONIA/PNEUMONIA(2930).jpg,PNEUMONIA,2,train,1344,864,RGB,157d98ab66dcf26037242c5786f393ea,e0f4d2d2d8d8f8f0
data/q1/Data/train/PNEUMONIA/PNEUMONIA(2932).jpg,PNEUMONIA,2,train,1056,760,RGB,b8e8d4b57b0fe6ac63fc6240afa954bc,f0d0d2b0b0b2f0b4
data/q1/Data/train/PNEUMONIA/PNEUMONIA(2933).jpg,PNEUMONIA,2,train,1219,793,RGB,309e711aeb0bb3da5c82d35535145abb,f4b4b2b0b0b0f0f0
data/q1/Data/train/PNEUMONIA/PNEUMONIA(2934).jpg,PNEUMONIA,2,train,788,496,RGB,9eeb26a6a4c14263f409f1e4ee9426bb,9292b2b0b0b171f0
data/q1/Data/train/PNEUMONIA/PNEUMONIA(2935).jpg,PNEUMONIA,2,train,801,493,RGB,a7575a7b3e82adde148c2dae60544251,9292b2b0b031f1b4
data/q1/Data/train/PNEUMONIA/PNEUMONIA(2936).jpg,PNEUMONIA,2,train,1400,1088,RGB,58dfaa8c5a5528d46288ce934053a9b0,6270b4b2b2b0f0d2
data/q1/Data/train/PNEUMONIA/PNEUMONIA(2937).jpg,PNEUMONIA,2,train,1510,1178,RGB,b7d31a81789a94029a2e340d181b175f,71b0b2b2b030f0d4
data/q1/Data/train/PNEUMONIA/PNEUMONIA(2939).jpg,PNEUMONIA,2,train,1049,813,RGB,26cdc02f66a84ed0f0f65e2228841651,d092b2f0f0f0f0f0
data/q1/Data/train/PNEUMONIA/PNEUMONIA(294).jpg,PNEUMONIA,2,train,992,528,RGB,5db509a7bb63515c52d4935639157fed,f0f4f4f2f2f0f0d0
data/q1/Data/train/PNEUMONIA/PNEUMONIA(2941).jpg,PNEUMONIA,2,train,1073,844,RGB,8f54b272a22416853b4484366078bf44,c8b4b2327070f0d0
data/q1/Data/train/PNEUMONIA/PNEUMONIA(2942).jpg,PNEUMONIA,2,train,1640,1328,RGB,68e20e5eb088304f4014f9d1361647f0,91d3d6d2b2b2f8c4
data/q1/Data/train/PNEUMONIA/PNEUMONIA(2943).jpg,PNEUMONIA,2,train,1040,752,RGB,8419319e2ee4ed58627c37b184a4ef07,f0f8dad2dad8f0f0
data/q1/Data/train/PNEUMONIA/PNEUMONIA(2944).jpg,PNEUMONIA,2,train,984,632,RGB,f5dd53b993684a4b17a7ee9c359af1fb,f8f8d2d2d8b8f0d0
data/q1/Data/train/PNEUMONIA/PNEUMONIA(2945).jpg,PNEUMONIA,2,train,1016,648,RGB,3664c473be35e533c73e739dea920106,f0f4b6b2b2b0b0f8
data/q1/Data/train/PNEUMONIA/PNEUMONIA(2947).jpg,PNEUMONIA,2,train,1127,680,RGB,48ef322f5d6485fe7850ba6233147fbf,f8d292b2b0f0f0f0
data/q1/Data/train/PNEUMONIA/PNEUMONIA(2948).jpg,PNEUMONIA,2,train,1096,776,RGB,905a8b7470ed5a711460afa15e7f4b32,f094b2b2b0b0f0f4
data/q1/Data/train/PNEUMONIA/PNEUMONIA(2949).jpg,PNEUMONIA,2,train,1168,808,RGB,b7039092d433004f7fcfeeea76f00f0e,fdd3d2d0b0b0f4d4
data/q1/Data/train/PNEUMONIA/PNEUMONIA(295).jpg,PNEUMONIA,2,train,952,440,RGB,f9f0a9e8f8a9f7c8268ad23e17779886,f4b2b2b0f0f0f0f0
data/q1/Data/train/PNEUMONIA/PNEUMONIA(2950).jpg,PNEUMONIA,2,train,1294,1052,RGB,ce7016865929d9a594dbf731455fd6b2,b8d8dab0b0b0f0f0
data/q1/Data/train/PNEUMONIA/PNEUMONIA(2951).jpg,PNEUMONIA,2,train,1283,1076,RGB,f56d1f069483de62e04cae2537c99e0b,3952b2b2b0b0f0f0
data/q1/Data/train/PNEUMONIA/PNEUMONIA(2953).jpg,PNEUMONIA,2,train,1360,1000,RGB,a724dabcd3c23fc4d4425385e452283c,b1f2d2f2f2f0f0d0
data/q1/Data/train/PNEUMONIA/PNEUMONIA(2954).jpg,PNEUMONIA,2,train,1528,1176,RGB,706c036d86c34525034e817f056e2b22,b2f4f4f0f0f0d4c4
data/q1/Data/train/PNEUMONIA/PNEUMONIA(2956).jpg,PNEUMONIA,2,train,1256,1072,RGB,e02f68fcf414084dba9fbeebab1f4974,30b2f2b2b0b0f0e4
data/q1/Data/train/PNEUMONIA/PNEUMONIA(2957).jpg,PNEUMONIA,2,train,1248,904,RGB,68c0bb36e1a06ee5c72d988ceb19bf04,70f2f2b2b0b0d4b4
data/q1/Data/train/PNEUMONIA/PNEUMONIA(2958).jpg,PNEUMONIA,2,train,1534,1203,RGB,220935d47ba68a39202e609597b5beeb,71b6b2b2f0b0f0c2
data/q1/Data/train/PNEUMONIA/PNEUMONIA(296).jpg,PNEUMONIA,2,train,1152,712,RGB,2c0266b6b1f22265c39681377f820abd,71f9d4f6b0f0f0e0
data/q1/Data/train/PNEUMONIA/PNEUMONIA(2960).jpg,PNEUMONIA,2,train,1216,944,RGB,941d5169ac7fc0f426935ab2cdce5477,6192b2b0b0f0f0f2
data/q1/Data/train/PNEUMONIA/PNEUMONIA(2961).jpg,PNEUMONIA,2,train,1704,1156,RGB,f0f48a6098ce472377ee9bb26dde6d33,7a5492b2b0b0f0d2
data/q1/Data/train/PNEUMONIA/PNEUMONIA(2962).jpg,PNEUMONIA,2,train,1656,1120,RGB,4be59f8fd1c6a57a5855c3452f2b0d20,b2d4d4d0f0f0f0f0
data/q1/Data/train/PNEUMONIA/PNEUMONIA(2963).jpg,PNEUMONIA,2,train,1288,768,RGB,e0d7d4467aa4773ee66229fb9a3a06ba,71f0d150d0f0f0f0
data/q1/Data/train/PNEUMONIA/PNEUMONIA(2964).jpg,PNEUMONIA,2,train,1040,576,RGB,ebfa14a875d04216b296967f5f66e73d,6094b4b0b0b0f0f0
data/q1/Data/train/PNEUMONIA/PNEUMONIA(2965).jpg,PNEUMONIA,2,train,1032,600,RGB,588c56fba05612f83c892831f7ed1fcd,e1d5d0d0d0f0f0f0
data/q1/Data/train/PNEUMONIA/PNEUMONIA(2966).jpg,PNEUMONIA,2,train,1120,766,RGB,708c82c0398846333b56e5295aa32330,e8d2dad8b0f0f0f0
data/q1/Data/train/PNEUMONIA/PNEUMONIA(2969).jpg,PNEUMONIA,2,train,659,363,RGB,6e9238c3f5067dc8334d922111f703d0,e5a5b4b4a0b0b0b2
data/q1/Data/train/PNEUMONIA/PNEUMONIA(297).jpg,PNEUMONIA,2,train,1163,735,RGB,08dadfe882165cf4f495c970ccf5258b,e0d0d2b0b0f0f0e2
data/q1/Data/train/PNEUMONIA/PNEUMONIA(2970).jpg,PNEUMONIA,2,train,944,776,RGB,07def0eaa72ac0cf366fc3be69bca5f7,78d2d2b8b0b0f0f8
data/q1/Data/train/PNEUMONIA/PNEUMONIA(2971).jpg,PNEUMONIA,2,train,960,816,RGB,00b9d890983e714a4ba3f9a73626c1a9,39f0d2f0f0f0f0f4
data/q1/Data/train/PNEUMONIA/PNEUMONIA(2973).jpg,PNEUMONIA,2,train,1093,790,RGB,d987750da4a38ddef48d4778f76b6e21,f0b2b0b0b0f0f0f0
data/q1/Data/train/PNEUMONIA/PNEUMONIA(2975).jpg,PNEUMONIA,2,train,1080,800,RGB,98797909e49913d8b363644fec61e84e,73f094b2b0b0f8d0
data/q1/Data/train/PNEUMONIA/PNEUMONIA(2977).jpg,PNEUMONIA,2,train,1140,852,RGB,e8ba2de55128647a0934e8257671ea6e,f092b0f0f0f0f0d8
data/q1/Data/train/PNEUMONIA/PNEUMONIA(2978).jpg,PNEUMONIA,2,train,1082,776,RGB,15c86c5663934c83ee9732a8e9766a8e,f0d292b2b0b8f0d0
data/q1/Data/train/PNEUMONIA/PNEUMONIA(2979).jpg,PNEUMONIA,2,train,1190,901,RGB,e09cfdf77c6f8c7019e9a4750a372323,6a94b4b2b0b0f0f0
data/q1/Data/train/PNEUMONIA/PNEUMONIA(298).jpg,PNEUMONIA,2,train,1742,1605,RGB,4db1059c12d427a049f8053c2e50e160,7234b4b2b2b0f0d0
data/q1/Data/train/PNEUMONIA/PNEUMONIA(2980).jpg,PNEUMONIA,2,train,1016,696,RGB,0c5942d918967a65827c580e40dc0cf4,f4f4b7b3b0b0b0f0
data/q1/Data/train/PNEUMONIA/PNEUMONIA(2982).jpg,PNEUMONIA,2,train,1016,664,RGB,d603e7a661c618aa61eb942c224eff86,60f4b4b4b0b0b0f0
data/q1/Data/train/PNEUMONIA/PNEUMONIA(2983).jpg,PNEUMONIA,2,train,1016,680,RGB,97cacc50aea5d6f88848fa438252730f,6074b4b0f0f0f0f8
data/q1/Data/train/PNEUMONIA/PNEUMONIA(2984).jpg,PNEUMONIA,2,train,1096,832,RGB,460451191d5cd90fbf0179102515efee,f1d0b4f4f1f1e0e0
data/q1/Data/train/PNEUMONIA/PNEUMONIA(2985).jpg,PNEUMONIA,2,train,942,504,RGB,1ee989b0755ba0d7a83890a3a4a62f07,f0d492b8b8b8f0f0
data/q1/Data/train/PNEUMONIA/PNEUMONIA(2986).jpg,PNEUMONIA,2,train,1000,744,RGB,0b5081d6d07ab9ed1fdd7f1df49f23c7,f4b6b2b0f070f0f0
data/q1/Data/train/PNEUMONIA/PNEUMONIA(2987).jpg,PNEUMONIA,2,train,1064,680,RGB,e6e4df2784c5fdcf5cfada3b20236a36,e5a5b0b0f070f0c2
data/q1/Data/train/PNEUMONIA/PNEUMONIA(2988).jpg,PNEUMONIA,2,train,1190,951,RGB,259b991ff68686ed4fcb74b8ad55962f,e8b0b2b2707070d0
data/q1/Data/train/PNEUMONIA/PNEUMONIA(2989).jpg,PNEUMONIA,2,train,1443,1064,RGB,2fce5cbf0d60a2d4bf8d22e725c4467e,e0b0b2b2f0f0f0e0
data/q1/Data/train/PNEUMONIA/PNEUMONIA(299).jpg,PNEUMONIA,2,train,941,609,RGB,3a2cf4bcd3cbc6eff2b930411ce72352,5ad8f8f0f0f0e0f0
data/q1/Data/train/PNEUMONIA/PNEUMONIA(2990).jpg,PNEUMONIA,2,train,1184,688,RGB,8f524ef69d1dae95a7d6d05bcdbb5eae,6365b490b0b0f0d0
data/q1/Data/train/PNEUMONIA/PNEUMONIA(2993).jpg,PNEUMONIA,2,train,1580,1493,RGB,0f93024db37bc0271f26fb1a1dae318e,78b4a6b2b2b2f0fc
data/q1/Data/train/PNEUMONIA/PNEUMONIA(2994).jpg,PNEUMONIA,2,train,1280,896,RGB,393859f228030564c2ef82a4eef59a47,70d2b2b0b0b0b0f0
data/q1/Data/train/PNEUMONIA/PNEUMONIA(2995).jpg,PNEUMONIA,2,train,1320,976,RGB,1b101bb3a4861bd18495436d5a9e1c8c,d892b3b2baf2f2a0
data/q1/Data/train/PNEUMONIA/PNEUMONIA(2997).jpg,PNEUMONIA,2,train,796,469,RGB,ff4477709e25fdc49cc18fe53cfc4d88,92b0b0b0f0f0f0f0
data/q1/Data/train/PNEUMONIA/PNEUMONIA(2998).jpg,PNEUMONIA,2,train,1015,632,RGB,5b2668f1427c74580a60915e8ff6f125,f8f4b4b2b0b0f0d0
data/q1/Data/train/PNEUMONIA/PNEUMONIA(2999).jpg,PNEUMONIA,2,train,1672,1187,RGB,21dbf5e8e608777ffe22b8b1a953c75b,e8d696b2b231b1d2
data/q1/Data/train/PNEUMONIA/PNEUMONIA(30).jpg,PNEUMONIA,2,train,1680,1600,RGB,85b81c99db945ec8b34e27b6d8768491,c0e1e1e0e0e0f0d0
data/q1/Data/train/PNEUMONIA/PNEUMONIA(300).jpg,PNEUMONIA,2,train,928,720,RGB,3c790b408a5e94b8453562cdbbd2bbdc,d2d2b0b0b2b0f4b6
data/q1/Data/train/PNEUMONIA/PNEUMONIA(3002).jpg,PNEUMONIA,2,train,1398,1121,RGB,84b2af2b81e04332fba961b576b263e8,b1d0d2f2b0f0f0f0
data/q1/Data/train/PNEUMONIA/PNEUMONIA(3003).jpg,PNEUMONIA,2,train,1477,1261,RGB,d300ea892e25879f4ca173222aa19ccd,61d2d2f2f0b1f1f4
data/q1/Data/train/PNEUMONIA/PNEUMONIA(3004).jpg,PNEUMONIA,2,train,1538,1137,RGB,47b1cce30eb73ea9b1a986e0092019d8,e2b4b4b2b2b0f0f0
data/q1/Data/train/PNEUMONIA/PNEUMONIA(3009).jpg,PNEUMONIA,2,train,1000,704,RGB,ac7fa97913af287782df4455e10665c2,79f0f2b2b3b1b0d0
data/q1/Data/train/PNEUMONIA/PNEUMONIA(301).jpg,PNEUMONIA,2,train,1168,880,RGB,11cdd38ac92a75956ba4aa2774f16933,38f8f0f0f0f0e0e0
data/q1/Data/train/PNEUMONIA/PNEUMONIA(3010).jpg,PNEUMONIA,2,train,1192,760,RGB,ac87213f652ba6c9bde3b889c9a35457,f0d4f4b2b0b0d0d4
data/q1/Data/train/PNEUMONIA/PNEUMONIA(3011).jpg,PNEUMONIA,2,train,1321,805,RGB,1d5d46ffda1ef11bf98ee43b9e32e3b6,e0c8b6b2b2b2f2d0
data/q1/Data/train/PNEUMONIA/PNEUMONIA(3012).jpg,PNEUMONIA,2,train,1328,1032,RGB,b29340d6c226085fb9f60adadb4ec1e9,b0d0d4b2b2b0f0f0
data/q1/Data/train/PNEUMONIA/PNEUMONIA(3013).jpg,PNEUMONIA,2,train,1032,592,RGB,ab5f93ba12b8779e75499d48fbe314dc,d494b0b8bcb8b8f0
data/q1/Data/train/PNEUMONIA/PNEUMONIA(3014).jpg,PNEUMONIA,2,train,1080,808,RGB,85a960b5494026f07edbb3ee6ed5321c,70d0f4f0b0f4f0f0
data/q1/Data/train/PNEUMONIA/PNEUMONIA(3016).jpg,PNEUMONIA,2,train,666,441,RGB,7189ffc059ff671f737eda11856fcf31,a2f2f0f0f0f0f0f4
data/q1/Data/train/PNEUMONIA/PNEUMONIA(3018).jpg,PNEUMONIA,2,train,1104,656,RGB,86756fd0fdc09caff73e9a145fb047c0,e0f4d4b0b0b0b0f0
data/q1/Data/train/PNEUMONIA/PNEUMONIA(3019).jpg,PNEUMONIA,2,train,1112,744,RGB,c375a135585178c46ec8a54408a4a62b,f0d6b0b0b0b0f0d0
data/q1/Data/train/PNEUMONIA/PNEUMONIA(302).jpg,PNEUMONIA,2,train,750,440,RGB,a2c012a1999c47a55e184662a913c8e6,b2b2b03030f4f0f2
data/q1/Data/train/PNEUMONIA/PNEUMONIA(3020).jpg,PNEUMONIA,2,train,1254,851,RGB,9ce8d6612d89bc5c6453a4f9ebf2bac9,f8f4d2b2b0b0b0f0
data/q1/Data/train/PNEUMONIA/PNEUMONIA(3021).jpg,PNEUMONIA,2,train,968,632,RGB,bb27918ea3eee8e2d6a8bcccc4ddbd26,e0f0b4b0f0f0f0d0
data/q1/Data/train/PNEUMONIA/PNEUMONIA(3022).jpg,PNEUMONIA,2,train,1088,848,RGB,bf2a27b5509559e036c94feacdddd15f,72f0b0b0b0b0f2f2
data/q1/Data/train/PNEUMONIA/PNEUMONIA(3023).jpg,PNEUMONIA,2,train,1176,856,RGB,33936ffb506578efdb5d5abcaf2c90d9,71f1b1b0b0b0f0f0
data/q1/Data/train/PNEUMONIA/PNEUMONIA(3024).jpg,PNEUMONIA,2,train,1248,880,RGB,425eff9e4a603734c3790ce838aae782,b1f0d0f1f0b0f0e0
data/q1/Data/train/PNEUMONIA/PNEUMONIA(3025).jpg,PNEUMONIA,2,train,1072,736,RGB,5040bc5223f9d3bb635965bb07d19713,61f1b0b0b0b0b0f0
data/q1/Data/train/PNEUMONIA/PNEUMONIA(3027).jpg,PNEUMONIA,2,train,1584,1024,RGB,9deb023d1ea1e640ab086675a0536116,f2f4b4b0b0b0f0f0
data/q1/Data/train/PNEUMONIA/PNEUMONIA(3028).jpg,PNEUMONIA,2,train,960,688,RGB,f03272e1dd6d52015e5b1381220d9bca,d8d8da98b8b8b0f0
data/q1/Data/train/PNEUMONIA/PNEUMONIA(3030).jpg,PNEUMONIA,2,train,968,696,RGB,78db01323ab3ba5dacfa1921add88f2d,f0d09090b0b0f8d2
data/q1/Data/train/PNEUMONIA/PNEUMONIA(3032).jpg,PNEUMONIA,2,train,1096,808,RGB,6f88fa054d6d758fd2e0f977fa67e12e,71f190909898f0f2
data/q1/Data/train/PNEUMONIA/PNEUMONIA(3033).jpg,PNEUMONIA,2,train,1024,744,RGB,b66e55f097b36247e1b42e0b1a1b8f7c,e0f0f4b0b0b0b0d0
data/q1/Data/train/PNEUMONIA/PNEUMONIA(3034).jpg,PNEUMONIA,2,train,1140,786,RGB,cfb5ade9339c3f9be687218d0ac94f93,70f4b0b0b0b0b0f0
data/q1/Data/train/PNEUMONIA/PNEUMONIA(3035).jpg,PNEUMONIA,2,train,703,511,RGB,c326c457b930ad73f1dd79bb7445b8a8,9a9bbbb931f194b4
data/q1/Data/train/PNEUMONIA/PNEUMONIA(3036).jpg,PNEUMONIA,2,train,668,375,RGB,60d5e20c4300d0d2205c83b15a7198f7,dbd9d999b9f99190
data/q1/Data/train/PNEUMONIA/PNEUMONIA(3037).jpg,PNEUMONIA,2,train,1208,856,RGB,c2f646efc88e669b6324ddca99e3c65b,79d090b0b0f0b0e0
data/q1/Data/train/PNEUMONIA/PNEUMONIA(3038).jpg,PNEUMONIA,2,train,1522,1140,RGB,cd386fbd9c0f1ff4722797a372946c91,b3d0d2b2b0b0b0f0
data/q1/Data/train/PNEUMONIA/PNEUMONIA(304).jpg,PNEUMONIA,2,train,1128,720,RGB,b4c9159fee9762eda31364ff20e0a2a7,f1f0f0b0b0f0f0d0
data/q1/Data/train/PNEUMONIA/PNEUMONIA(3040).jpg,PNEUMONIA,2,train,997,740,RGB,4dddc18c139f11e81154472ada8cebcc,f094b6b2b0b0b0f4
data/q1/Data/train/PNEUMONIA/PNEUMONIA(3042).jpg,PNEUMONIA,2,train,1008,600,RGB,02659460c54e92d2e600d1258132a949,f0f4e5f5f1b0f0e0
data/q1/Data/train/PNEUMONIA/PNEUMONIA(3043).jpg,PNEUMONIA,2,train,974,766,RGB,bc32e5fde63e7051d501daf6bb29391d,f8b4b4b2b0b0f0d0
data/q1/Data/train/PNEUMONIA/PNEUMONIA(3044).jpg,PNEUMONIA,2,train,1071,658,RGB,bcec0bd6632952df591b521542b06c24,e0d4d4f0f0b0f0f4
data/q1/Data/train/PNEUMONIA/PNEUMONIA(3046).jpg,PNEUMONIA,2,train,1081,784,RGB,934f747282e36714c3874e1f8f64458d,f0d0b4b2f270f0f0
data/q1/Data/train/PNEUMONIA/PNEUMONIA(3047).jpg,PNEUMONIA,2,train,1064,792,RGB,c7bbea96b6b26506e5a411f4683a8530,61e192b2b2b0b092
data/q1/Data/train/PNEUMONIA/PNEUMONIA(3048).jpg,PNEUMONIA,2,train,1393,913,RGB,2d0c879d7213363e14e0be9044cb8c55,b0d49292b0b0b8f8
data/q1/Data/train/PNEUMONIA/PNEUMONIA(305).jpg,PNEUMONIA,2,train,1056,672,RGB,8a752afffdaf1df7555f09de9cef731f,f9d8f0b0f0f0f0f4
data/q1/Data/train/PNEUMONIA/PNEUMONIA(3050).jpg,PNEUMONIA,2,train,888,608,RGB,c2c71d3665fb40aff7d52d675eb89c05,d0b4b0b0b0b4e0e0
data/q1/Data/train/PNEUMONIA/PNEUMONIA(3051).jpg,PNEUMONIA,2,train,1200,816,RGB,96ae59d8ec8f973e78097f174aaafc5c,70f0717170707c74
data/q1/Data/train/PNEUMONIA/PNEUMONIA(3052).jpg,PNEUMONIA,2,train,968,576,RGB,c3cc548ed664516c3e1b8264017e0134,d0f0f8b0fcb8bce4
data/q1/Data/train/PNEUMONIA/PNEUMONIA(3054).jpg,PNEUMONIA,2,train,1168,792,RGB,4b8376b7111755bad00c51d936ef97ab,e1f4b4b2b0b0f0f2
data/q1/Data/train/PNEUMONIA/PNEUMONIA(3055).jpg,PNEUMONIA,2,train,1232,816,RGB,7b969e37800e5ead76c99f5c137a71f6,f8d0d2d090f0d0d0
data/q1/Data/train/PNEUMONIA/PNEUMONIA(3056).jpg,PNEUMONIA,2,train,1339,879,RGB,7cd5b422cc5cb4154e28d9badd2ce0f6,f0d292b0b0f0d0f0
data/q1/Data/train/PNEUMONIA/PNEUMONIA(3057).jpg,PNEUMONIA,2,train,850,534,RGB,bd18b92874df5655f5d95483dab06bd7,d6d2b2b0b0d0d2e0
data/q1/Data/train/PNEUMONIA/PNEUMONIA(3058).jpg,PNEUMONIA,2,train,764,515,RGB,058647d3133ecb2935cfbf72d747266d,b4b4b2b2b0f0d0f2
data/q1/Data/train/PNEUMONIA/PNEUMONIA(3059).jpg,PNEUMONIA,2,train,1176,952,RGB,dd607bc110c5a23dfb0e8b6d4bea2cf9,f0f8d2b2b2b0f0f0
data/q1/Data/train/PNEUMONIA/PNEUMONIA(306).jpg,PNEUMONIA,2,train,1136,840,RGB,bf23697c13460c8835aee024f6e8a5ec,79f9f1f1f1f1f0e4
data/q1/Data/train/PNEUMONIA/PNEUMONIA(3061).jpg,PNEUMONIA,2,train,925,606,RGB,3173a00e3b69e2270fcfd08165786951,d2bab0b0d0f0f092
data/q1/Data/train/PNEUMONIA/PNEUMONIA(3063).jpg,PNEUMONIA,2,train,1416,1016,RGB,e2853a5ae8b2514eada4fe1b53f36e94,b1f0d2d2dadad8d0
data/q1/Data/train/PNEUMONIA/PNEUMONIA(3065).jpg,PNEUMONIA,2,train,1000,896,RGB,606dc57f616384635bc39b4c7b21eac1,9cf858d8f0f0e0a4
data/q1/Data/train/PNEUMONIA/PNEUMONIA(3066).jpg,PNEUMONIA,2,train,1320,808,RGB,8b1dbcebcb204239f371bf5bc14b616a,e0e0f1f1f0f0e0c0
data/q1/Data/train/PNEUMONIA/PNEUMONIA(3067).jpg,PNEUMONIA,2,train,1024,672,RGB,29b437b89b7fcfb7a4d4bc3202d9df36,50d2f0f0b0b0f0e4
data/q1/Data/train/PNEUMONIA/PNEUMONIA(3071).jpg,PNEUMONIA,2,train,1198,874,RGB,daa80a162a790e6516ebe6ab4ffdc58c,e0d4b2b2b0b0f0f0
data/q1/Data/train/PNEUMONIA/PNEUMONIA(3072).jpg,PNEUMONIA,2,train,693,454,RGB,fe397b3194b313f2fc6e2b3abb62be50,b6b2b2f070f0d0c2
data/q1/Data/train/PNEUMONIA/PNEUMONIA(3073).jpg,PNEUMONIA,2,train,984,592,RGB,d59b095e61a47b95d1a8cd4edbe160ba,f4b1b0f0b0b0b0f0
data/q1/Data/train/PNEUMONIA/PNEUMONIA(3074).jpg,PNEUMONIA,2,train,1275,801,RGB,91c1826b22553b39137532bb49284c79,f4d4f0f0f0b0f0f2
data/q1/Data/train/PNEUMONIA/PNEUMONIA(3078).jpg,PNEUMONIA,2,train,766,470,RGB,69a5e659c0ab85f58f125e2a211d6c19,b0b0f0f0f0f0f0f0
data/q1/Data/train/PNEUMONIA/PNEUMONIA(3079).jpg,PNEUMONIA,2,train,848,704,RGB,83966ba442e3cc69edf59bc8fda58ef8,f1d092b0b0f8f0c4
data/q1/Data/train/PNEUMONIA/PNEUMONIA(308).jpg,PNEUMONIA,2,train,1624,1944,RGB,4d7a07f3974b79b2736dbdcce86b9647,73b2b0b0d0f4d4f0
data/q1/Data/train/PNEUMONIA/PNEUMONIA(3080).jpg,PNEUMONIA,2,train,1072,648,RGB,89122702275038913983713a7a8c8e34,e1e5b4f4f2f2f2e4
data/q1/Data/train/PNEUMONIA/PNEUMONIA(3081).jpg,PNEUMONIA,2,train,1016,584,RGB,2368672d4aa49795a53044ec76bc915b,70585070f0f0f0f0
data/q1/Data/train/PNEUMONIA/PNEUMONIA(3083).jpg,PNEUMONIA,2,train,1008,552,RGB,ec65e59cac1e77928b920e35213fa972,71d5f0f0f0f8f8c4
data/q1/Data/train/PNEUMONIA/PNEUMONIA(3084).jpg,PNEUMONIA,2,train,997,747,RGB,0d44e52a6e8c83e7a1ec30513f603915,e1d8dab8b0b8f0c2
data/q1/Data/train/PNEUMONIA/PNEUMONIA(3085).jpg,PNEUMONIA,2,train,1136,680,RGB,b910fdbd5e4c7fad939a400379738e4b,e0f0a4b4b4b0f0e0
data/q1/Data/train/PNEUMONIA/PNEUMONIA(3089).jpg,PNEUMONIA,2,train,1438,1029,RGB,3657eae782ee92c423b38d4f352cd07b,f2dcd2b2b0f0f0f0
data/q1/Data/train/PNEUMONIA/PNEUMONIA(3090).jpg,PNEUMONIA,2,train,1269,864,RGB,0ce62355e84b977f7370b8153338badd,f0d0b4b0f2f2f0e0
data/q1/Data/train/PNEUMONIA/PNEUMONIA(3091).jpg,PNEUMONIA,2,train,1273,768,RGB,34b823d5da85522cfb040e7f90672c72,e8d0f0b2b2b0b0f0
data/q1/Data/train/PNEUMONIA/PNEUMONIA(3092).jpg,PNEUMONIA,2,train,1312,976,RGB,f10be2cc240dd68f145fc4dabfcf33e7,b8d850d2f0b0f0f0
data/q1/Data/train/PNEUMONIA/PNEUMONIA(3095).jpg,PNEUMONIA,2,train,1239,921,RGB,69398fe6ec28f564fbd7f6bf62e7106c,e2f0b0b27070f0f0
data/q1/Data/train/PNEUMONIA/PNEUMONIA(3096).jpg,PNEUMONIA,2,train,1271,968,RGB,2819c22dd7986b40e1ee1e25514a28ab,f0d0f0b2b2f0f0d0
data/q1/Data/train/PNEUMONIA/PNEUMONIA(3097).jpg,PNEUMONIA,2,train,1330,1168,RGB,ca8b228a9c3546a08d6180a62d8f43de,f8b4b6b2f2f0f0f4
data/q1/Data/train/PNEUMONIA/PNEUMONIA(3099).jpg,PNEUMONIA,2,train,1024,696,RGB,776156da2a90c98ac12c1f10ec0a873f,b4b63232707070f0
data/q1/Data/train/PNEUMONIA/PNEUMONIA(31).jpg,PNEUMONIA,2,train,968,656,RGB,06b5b26a625eb26bb0641edfa9de511f,f8dadadabafed6be
data/q1/Data/train/PNEUMONIA/PNEUMONIA(310).jpg,PNEUMONIA,2,train,1664,832,RGB,be842584a15bcba9f2ba56432fa1b6a2,e0b2b2b0b0b0d0d0
data/q1/Data/train/PNEUMONIA/PNEUMONIA(3100).jpg,PNEUMONIA,2,train,1272,920,RGB,043ab0cd89bb9ec634b1a9b2b103b645,f4b4b0b8b8b8f8e2
data/q1/Data/train/PNEUMONIA/PNEUMONIA(3101).jpg,PNEUMONIA,2,train,1096,976,RGB,7d04a904a912e24943a10a6e6772b4af,7392b2b0b0b0f0d0
data/q1/Data/train/PNEUMONIA/PNEUMONIA(3102).jpg,PNEUMONIA,2,train,952,744,RGB,ce377c84df58fdabf7780f4be869ff33,f1b6b230707470f4
data/q1/Data/train/PNEUMONIA/PNEUMONIA(3103).jpg,PNEUMONIA,2,train,1120,704,RGB,cee7a36827dcc54592fbb96d6808d1b5,b232323030307070
data/q1/Data/train/PNEUMONIA/PNEUMONIA(3104).jpg,PNEUMONIA,2,train,1040,848,RGB,564ad3e4b3546a05fe8addbfec218b1e,d092b2b9b0b0f0f0
data/q1/Data/train/PNEUMONIA/PNEUMONIA(3105).jpg,PNEUMONIA,2,train,1016,752,RGB,abbfcac177dd28182d673186272fe46f,f1b3b3b1b1b4f0f4
data/q1/Data/train/PNEUMONIA/PNEUMONIA(3107).jpg,PNEUMONIA,2,train,1270,1006,RGB,3ae4790311f696e194573530c0786379,e0f0b0b27070f0f0
data/q1/Data/train/PNEUMONIA/PNEUMONIA(3108).jpg,PNEUMONIA,2,train,1134,696,RGB,e78391b8041ecd4d56242bc920040a60,e0d4b0b2b270f0f0
data/q1/Data/train/PNEUMONIA/PNEUMONIA(3109).jpg,PNEUMONIA,2,train,1168,704,RGB,64b24a7e7f6df76d7d78f4bc6ee9acbc,f0f5f0f0f0f0f0f0
data/q1/Data/train/PNEUMONIA/PNEUMONIA(311).jpg,PNEUMONIA,2,train,1008,712,RGB,32de57009dbe206fd16ef1229b34a12c,f8b0b0f2f2f0f0f4
data/q1/Data/train/PNEUMONIA/PNEUMONIA(3111).jpg,PNEUMONIA,2,train,1260,863,RGB,cc9e4e39962fc7562db7f5660f16f884,b0d4d0f0b0b0f0f0
data/q1/Data/train/PNEUMONIA/PNEUMONIA(3116).jpg,PNEUMONIA,2,train,931,537,RGB,74a6852290d4f94a823acf68cf7d76e3,f2b2b0b0f0f0f2e2
data/q1/Data/train/PNEUMONIA/PNEUMONIA(3117).jpg,PNEUMONIA,2,train,1407,1072,RGB,849c67389868544050688f6b6459af73,fbd496b2b2f0f0e0
data/q1/Data/train/PNEUMONIA/PNEUMONIA(3118).jpg,PNEUMONIA,2,train,1072,648,RGB,70b20be3c7d6d17190ec8bc187d09e05,f1d0b2b2b2b0f0f0
data/q1/Data/train/PNEUMONIA/PNEUMONIA(3119).jpg,PNEUMONIA,2,train,827,463,RGB,c63937fc54d7a437af0b15f7b501a3bf,b4b4b4b4b0b0f0f0
data/q1/Data/train/PNEUMONIA/PNEUMONIA(312).jpg,PNEUMONIA,2,train,1432,1024,RGB,eae9de012a47e5fd01de9137c08f6e42,785452d0d8d0d4d0
data/q1/Data/train/PNEUMONIA/PNEUMONIA(3121).jpg,PNEUMONIA,2,train,928,688,RGB,60da67e2b5c1936adec12ccc9db44d7d,d0f0f0f0f0f0d0c0
data/q1/Data/train/PNEUMONIA/PNEUMONIA(3124).jpg,PNEUMONIA,2,train,817,531,RGB,e849e50e0f2b480ef854210e415ea33f,d2b9b9b8f8f0f4f4
data/q1/Data/train/PNEUMONIA/PNEUMONIA(3125).jpg,PNEUMONIA,2,train,1176,800,RGB,dc89248638e5c201266a043e27d80646,33f0f4b4b0b0f0f0
data/q1/Data/train/PNEUMONIA/PNEUMONIA(3126).jpg,PNEUMONIA,2,train,1345,902,RGB,bc46c5c67555b0084eae643b2facf2f7,e8d4b4b2b0b0f0d8
data/q1/Data/train/PNEUMONIA/PNEUMONIA(3128).jpg,PNEUMONIA,2,train,841,521,RGB,0a3fc42d3cfcf6c85194e261c145b638,d2d2b2b0b0d1d0f2
data/q1/Data/train/PNEUMONIA/PNEUMONIA(3129).jpg,PNEUMONIA,2,train,1120,816,RGB,f77e02df5ef73258d208ca505bed282b,e0d4b2b2b2f0c084
data/q1/Data/train/PNEUMONIA/PNEUMONIA(3131).jpg,PNEUMONIA,2,train,936,744,RGB,bc81e6132c39ddab9529dca1753892d5,f8f8dad2b0b0f0f0
data/q1/Data/train/PNEUMONIA/PNEUMONIA(3132).jpg,PNEUMONIA,2,train,1098,759,RGB,568fff9f4ad0b8086e72c40c316b95d5,60f292b2b0b0f0f0
data/q1/Data/train/PNEUMONIA/PNEUMONIA(3134).jpg,PNEUMONIA,2,train,1400,840,RGB,0120b8b809a914c7c0802496aafb272c,c2f4b4b4b0b0b0f0
data/q1/Data/train/PNEUMONIA/PNEUMONIA(3135).jpg,PNEUMONIA,2,train,1459,1044,RGB,eec0d16f09ea7bb2087d6cb1bd67f203,e8d490b2b0f0d0f0
data/q1/Data/train/PNEUMONIA/PNEUMONIA(3137).jpg,PNEUMONIA,2,train,848,616,RGB,4c421e8d7f8e9ed1337b61f43cace6ed,d1f2b2f0f0f0f0f0
data/q1/Data/train/PNEUMONIA/PNEUMONIA(3138).jpg,PNEUMONIA,2,train,1010,676,RGB,0a924a94ba6ce3ec516ebb641db36788,92b2b0703070f4a6
data/q1/Data/train/PNEUMONIA/PNEUMONIA(3140).jpg,PNEUMONIA,2,train,920,744,RGB,5908f6451a00484c810045fc20c2a5b0,d0b2b8f0f0b0f0f0
data/q1/Data/train/PNEUMONIA/PNEUMONIA(3141).jpg,PNEUMONIA,2,train,880,632,RGB,9a71904af6e8db77e9fb29444373ab0f,b4b2b2b0b0b8b8f0
data/q1/Data/train/PNEUMONIA/PNEUMONIA(3144).jpg,PNEUMONIA,2,train,976,640,RGB,6078bce719da6fcd211ef027a4804cba,70b2b0b0b0b0f0f0
data/q1/Data/train/PNEUMONIA/PNEUMONIA(3145).jpg,PNEUMONIA,2,train,984,680,RGB,56a8c11feee63cada77f33029956da83,f5f5b0b0b0b0f8f0
data/q1/Data/train/PNEUMONIA/PNEUMONIA(3146).jpg,PNEUMONIA,2,train,968,648,RGB,8a6e636958b44667c9ca2c3cacb4ee5e,b0b2b0b1b1b9f8e4
data/q1/Data/train/PNEUMONIA/PNEUMONIA(3148).jpg,PNEUMONIA,2,train,1283,776,RGB,95ed03a6768084834859ee5b4c47752e,78d4d0d2b0b0f0f0
data/q1/Data/train/PNEUMONIA/PNEUMONIA(315).jpg,PNEUMONIA,2,train,1328,920,RGB,88d80325ac891391242c44f9bf7be97c,b3f1f1d1d0f0f0e0
data/q1/Data/train/PNEUMONIA/PNEUMONIA(3150).jpg,PNEUMONIA,2,train,891,608,RGB,85b276850c0d25a3da5ed7b0471f6546,fcd4f0b0b0f0f0f0
data/q1/Data/train/PNEUMONIA/PNEUMONIA(3151).jpg,PNEUMONIA,2,train,976,600,RGB,284f6adbe08f79417a2d175be10d9b40,f9d5f1b1b0b0f0f0
data/q1/Data/train/PNEUMONIA/PNEUMONIA(3153).jpg,PNEUMONIA,2,train,1303,1037,RGB,0b948f880d742be66e602a3c084b238f,f0d092b2b0f0f0f0
data/q1/Data/train/PNEUMONIA/PNEUMONIA(3155).jpg,PNEUMONIA,2,train,1024,872,RGB,1810df6d72b48c68387dfe454aaa68e4,f0f4b2b2f8f8d090
data/q1/Data/train/PNEUMONIA/PNEUMONIA(3156).jpg,PNEUMONIA,2,train,1152,688,RGB,2291540af2adb2ef3bc1e9f15f09790b,65b5f5f0f0f0f0f0
data/q1/Data/train/PNEUMONIA/PNEUMONIA(3157).jpg,PNEUMONIA,2,train,950,656,RGB,4b0a139fd312cc47adb6d0e7fad2b1d8,f0d2d2b0f0f0d2d2
data/q1/Data/train/PNEUMONIA/PNEUMONIA(3159).jpg,PNEUMONIA,2,train,1738,1350,RGB,9804ce95ae43887ecb0e9bcd075a6387,d496b2b0b0b0f0e4
data/q1/Data/train/PNEUMONIA/PNEUMONIA(316).jpg,PNEUMONIA,2,train,1080,696,RGB,80f9ea317554bd1f968bfc07a812b08f,f8d0d0b0b0f0f0e0
data/q1/Data/train/PNEUMONIA/PNEUMONIA(3160).jpg,PNEUMONIA,2,train,1154,912,RGB,da533a70722caa1430b957c009922658,e8f4b2b2b0b0f0c0
data/q1/Data/train/PNEUMONIA/PNEUMONIA(3162).jpg,PNEUMONIA,2,train,1232,1000,RGB,eac615d4bfef33adec391aac19e1b108,38f0f0f0f0e0e1a1
data/q1/Data/train/PNEUMONIA/PNEUMONIA(3164).jpg,PNEUMONIA,2,train,1176,760,RGB,317028f79ca9a4b08d3775a5d0ed898d,e1d092b2b0b0f0d8
data/q1/Data/train/PNEUMONIA/PNEUMONIA(3165).jpg,PNEUMONIA,2,train,896,578,RGB,30c94af7a323bc13583f1295353fd2d3,c8dada99d8d0d492
data/q1/Data/train/PNEUMONIA/PNEUMONIA(3166).jpg,PNEUMONIA,2,train,1084,618,RGB,bd4f33edfa6a3a37e4c3f941246464d5,a4a436727070d490
data/q1/Data/train/PNEUMONIA/PNEUMONIA(3167).jpg,PNEUMONIA,2,train,1104,888,RGB,70e30f64fcdc4662e3151895da6da424,f1f2b2b0f4b6f6d4
data/q1/Data/train/PNEUMONIA/PNEUMONIA(3168).jpg,PNEUMONIA,2,train,1296,896,RGB,f8df6b1b0f0e5d0aded0562986690011,b0f0d2f8f4b4f4d0
data/q1/Data/train/PNEUMONIA/PNEUMONIA(3169).jpg,PNEUMONIA,2,train,1216,1000,RGB,f18e8aff13bf80d2585364c928042468,71b0b0f0f4f0f0b4
data/q1/Data/train/PNEUMONIA/PNEUMONIA(317).jpg,PNEUMONIA,2,train,1456,896,RGB,69572e1760064eeb2e803d5d219d00e1,b0d4d4f0b0b0f8f8
data/q1/Data/train/PNEUMONIA/PNEUMONIA(3170).jpg,PNEUMONIA,2,train,1248,904,RGB,bd7745a48a8a450e6f103ad91dbda800,f0b6b0b0b8b8f8f0
data/q1/Data/train/PNEUMONIA/PNEUMONIA(3171).jpg,PNEUMONIA,2,train,1128,776,RGB,3f751b59ed3adae842eae0b6e264180a,e4b0f0f0f0b0f4f2
data/q1/Data/train/PNEUMONIA/PNEUMONIA(3172).jpg,PNEUMONIA,2,train,1200,872,RGB,caac036209b390603a570ab5d0bf85fd,b9f5b2b0b0b8b8f0
data/q1/Data/train/PNEUMONIA/PNEUMONIA(3174).jpg,PNEUMONIA,2,train,1186,751,RGB,4ee0523c4c21cff0ea52c15151ffb473,79d4b4b2b2b0b0f0
data/q1/Data/train/PNEUMONIA/PNEUMONIA(3175).jpg,PNEUMONIA,2,train,877,464,RGB,4e92b3ca58e415ee488c0700f36bfb25,f0d4d2f2b0b8f8f8
data/q1/Data/train/PNEUMONIA/PNEUMONIA(3176).jpg,PNEUMONIA,2,train,845,556,RGB,648086cfb683d4e7d23a6107e25f2e2d,b2b2307070f0f0f0
data/q1/Data/train/PNEUMONIA/PNEUMONIA(3177).jpg,PNEUMONIA,2,train,984,664,RGB,25fd68033a6d888c33c397966265f641,d8dadaf0b0f0d0f4
data/q1/Data/train/PNEUMONIA/PNEUMONIA(3178).jpg,PNEUMONIA,2,train,854,512,RGB,3dd21e70f86a2680d738c13aaedb577a,b4b4b6b2b2b2f0f0
data/q1/Data/train/PNEUMONIA/PNEUMONIA(3179).jpg,PNEUMONIA,2,train,1196,936,RGB,593ce57c8cbf8c705d4a69bc917a2f7e,f094b2b0f0f070f0
data/q1/Data/train/PNEUMONIA/PNEUMONIA(318).jpg,PNEUMONIA,2,train,1575,1159,RGB,b3c76927921c8a0b6bfcac35950aee52,b2f0e4f4f0f0c0d0
data/q1/Data/train/PNEUMONIA/PNEUMONIA(3180).jpg,PNEUMONIA,2,train,1016,848,RGB,5b0ae11f8fed6701e78dfbcfa444a601,7171d4b0b0b0b0f0
data/q1/Data/train/PNEUMONIA/PNEUMONIA(3181).jpg,PNEUMONIA,2,train,1112,872,RGB,dae6dab53da86d49656a9221bd527144,70d858f8b8f0f0e0
data/q1/Data/train/PNEUMONIA/PNEUMONIA(3184).jpg,PNEUMONIA,2,train,1085,728,RGB,bc01e0494d30b26e9acc9d6a44eae83b,e4d2b2b2b0b0f0f4
data/q1/Data/train/PNEUMONIA/PNEUMONIA(3185).jpg,PNEUMONIA,2,train,1136,888,RGB,064b8bb1f5abbc9f017fcfb588023fc6,71b4b4b0b0b0b0f0
data/q1/Data/train/PNEUMONIA/PNEUMONIA(3186).jpg,PNEUMONIA,2,train,1088,736,RGB,54486dc2c76e5b340f033cd258ada00c,f4f0b0b0f0f0f4f4
data/q1/Data/train/PNEUMONIA/PNEUMONIA(3187).jpg,PNEUMONIA,2,train,1211,1014,RGB,421f4f3981a4dc8663016c4e6fbed436,b2f0b2b2f07070d0
data/q1/Data/train/PNEUMONIA/PNEUMONIA(3188).jpg,PNEUMONIA,2,train,1680,1352,RGB,d6c1c7c710efe4cb6272c2833e5d2fc3,b8d696b2b2f0f0f0
data/q1/Data/train/PNEUMONIA/PNEUMONIA(3190).jpg,PNEUMONIA,2,train,1120,744,RGB,dbacd96376b926d5aa8c5775dd1acc85,69f5b5b0b0b0f0f0
data/q1/Data/train/PNEUMONIA/PNEUMONIA(3192).jpg,PNEUMONIA,2,train,771,447,RGB,4e26d7aff67d950b1f7847802b58f81f,60707074f4e0f0f0
data/q1/Data/train/PNEUMONIA/PNEUMONIA(3193).jpg,PNEUMONIA,2,train,1182,680,RGB,35ccecf6d741f6212f8301c5c03a73a2,d4b4b2b2327070f0
data/q1/Data/train/PNEUMONIA/PNEUMONIA(3194).jpg,PNEUMONIA,2,train,920,736,RGB,cb4114e992b4c5bc1e13d860ac7f93a4,e4a4a6f27272d390
data/q1/Data/train/PNEUMONIA/PNEUMONIA(3195).jpg,PNEUMONIA,2,train,1056,616,RGB,731dc94354f1cbed2d81ed5082e91237,e4c4f0f0f2f2c8c4
data/q1/Data/train/PNEUMONIA/PNEUMONIA(3196).jpg,PNEUMONIA,2,train,1088,584,RGB,e0956da6614b56f526761860c5f9f0c8,f5d5f5f1f1f1f1f0
data/q1/Data/train/PNEUMONIA/PNEUMONIA(3197).jpg,PNEUMONIA,2,train,1024,696,RGB,5c006b3e28cc3e0156dd4fadfbc35dd5,f0f4b4b0b0f0d0f0
data/q1/Data/train/PNEUMONIA/PNEUMONIA(3198).jpg,PNEUMONIA,2,train,768,424,RGB,d168b3de003baf99e8712e1fc6189a75,b494b4b2b0b2b2f0
data/q1/Data/train/PNEUMONIA/PNEUMONIA(32).jpg,PNEUMONIA,2,train,1318,944,RGB,c82522f7710c88307bd2f044ab407ba3,c494b0b2b2b0f0f0
data/q1/Data/train/PNEUMONIA/PNEUMONIA(320).jpg,PNEUMONIA,2,train,1430,933,RGB,337fe7c20487a9c34511b1d7d1af01d8,6ab4b4b2b2b0b0f0
data/q1/Data/train/PNEUMONIA/PNEUMONIA(3200).jpg,PNEUMONIA,2,train,1559,1160,RGB,f8d193029b006cf616afe6128eaa2e52,68f4b4b2b0b0f0f0
data/q1/Data/train/PNEUMONIA/PNEUMONIA(3201).jpg,PNEUMONIA,2,train,1488,984,RGB,a371b973a3a916caf878a17e4fdba671,f2b09c9c9cb8f4f4
data/q1/Data/train/PNEUMONIA/PNEUMONIA(3203).jpg,PNEUMONIA,2,train,1752,1320,RGB,e2037ca1106a98bb507c677956e61282,e0d494b0b0b0f084
data/q1/Data/train/PNEUMONIA/PNEUMONIA(3204).jpg,PNEUMONIA,2,train,1608,1392,RGB,d5e89348259923a7a1725be5d6e8005b,e8b6b6b0b0f0c4b4
data/q1/Data/train/PNEUMONIA/PNEUMONIA(3205).jpg,PNEUMONIA,2,train,1864,1544,RGB,39d65f5f61872d635f5900c559ffe8cc,f89494f0f0f0f4d6
data/q1/Data/train/PNEUMONIA/PNEUMONIA(3206).jpg,PNEUMONIA,2,train,1696,1248,RGB,9469f681caba8d5457818e397d95bb11,f894b6b0b0b0f094
data/q1/Data/train/PNEUMONIA/PNEUMONIA(3207).jpg,PNEUMONIA,2,train,1712,1152,RGB,82f4fabf428218e873e5f2721992a01e,70b4b4b0b0b0f4d4
data/q1/Data/train/PNEUMONIA/PNEUMONIA(3208).jpg,PNEUMONIA,2,train,1056,736,RGB,42b6a971bc2a7c401c0b8f37c59d54e6,7094b6b0b2b2f0d0
data/q1/Data/train/PNEUMONIA/PNEUMONIA(3209).jpg,PNEUMONIA,2,train,1144,904,RGB,1a8f473e1e72c8bbe2a528b63db474c2,71d5b4b4b0f2e0e0
data/q1/Data/train/PNEUMONIA/PNEUMONIA(321).jpg,PNEUMONIA,2,train,1117,712,RGB,ff37a1b45ec22ffb5920b9aecf643d27,f0d4b6b2b2b2f0d2
data/q1/Data/train/PNEUMONIA/PNEUMONIA(3211).jpg,PNEUMONIA,2,train,1206,940,RGB,6827d2bdc4d43aa8884e4dfe7dfbe7e2,7096b2b2b0b0f0d0
data/q1/Data/train/PNEUMONIA/PNEUMONIA(3214).jpg,PNEUMONIA,2,train,726,436,RGB,057d60599202c834f6cecbc838e79c99,d2f2b2b23070f0f0
data/q1/Data/train/PNEUMONIA/PNEUMONIA(3215).jpg,PNEUMONIA,2,train,808,597,RGB,f81850d14f9973f9d5114b7f02ee05d0,da92b1b0b0f0f4f0
data/q1/Data/train/PNEUMONIA/PNEUMONIA(3216).jpg,PNEUMONIA,2,train,856,475,RGB,4a0db004b01972d2a1a19731b66ee017,d6b2b2b2b2f0d0f2
data/q1/Data/train/PNEUMONIA/PNEUMONIA(3218).jpg,PNEUMONIA,2,train,992,704,RGB,a038067d9b5fe60408eac0ad85e7ab62,71d1d1b0b0b0f0f0
data/q1/Data/train/PNEUMONIA/PNEUMONIA(3221).jpg,PNEUMONIA,2,train,1032,680,RGB,0aa5dac48a58017061a7e3471e475e40,70f4d0d0b0b0f0d0
data/q1/Data/train/PNEUMONIA/PNEUMONIA(3222).jpg,PNEUMONIA,2,train,992,640,RGB,7fe3b312204bb1fbbed18f0a75785f36,e0a4b4b0b0f0e2e0
data/q1/Data/train/PNEUMONIA/PNEUMONIA(3223).jpg,PNEUMONIA,2,train,1264,856,RGB,f380d372eb752a3ce0b92a8cb37dddfa,79715151f1f1f0f4
data/q1/Data/train/PNEUMONIA/PNEUMONIA(3224).jpg,PNEUMONIA,2,train,1016,600,RGB,3f9b5e34b1356da7b5da5118fb3481ba,f8d0f0b2b0f0d0d4
data/q1/Data/train/PNEUMONIA/PNEUMONIA(3227).jpg,PNEUMONIA,2,train,976,608,RGB,9277e15f55e8b138d325c643eae34532,f0f0f0f1b0f0e0e0
data/q1/Data/train/PNEUMONIA/PNEUMONIA(3228).jpg,PNEUMONIA,2,train,896,552,RGB,6d86d697122a0cbcbe4d7f37d96381de,70f1b0b0b0f0f0e0
data/q1/Data/train/PNEUMONIA/PNEUMONIA(323).jpg,PNEUMONIA,2,train,1573,1164,RGB,354fd5712390c8fbfd248128828fa55c,72d696b2b2b8f8f0
data/q1/Data/train/PNEUMONIA/PNEUMONIA(3230).jpg,PNEUMONIA,2,train,1303,880,RGB,8851678e591c03af7580f110b90dd7d4,e0f4d2b2b0b0b8f8
data/q1/Data/train/PNEUMONIA/PNEUMONIA(3232).jpg,PNEUMONIA,2,train,1492,1164,RGB,bc44ab9f740d3c70a965eb3756280514,b8f8d4b2b2f0f0e0
data/q1/Data/train/PNEUMONIA/PNEUMONIA(3234).jpg,PNEUMONIA,2,train,1208,688,RGB,95e2be2d7858c86b522005f48e495610,f5d5b4b0b0b0f0f0
data/q1/Data/train/PNEUMONIA/PNEUMONIA(3235).jpg,PNEUMONIA,2,train,1240,979,RGB,9639f477bc6899aca9a08164cf242724,f896b2b2b230f2d0
data/q1/Data/train/PNEUMONIA/PNEUMONIA(3236).jpg,PNEUMONIA,2,train,1664,1176,RGB,986eb40e2fd1833e6d2c22060d3b0dfc,b3d094b4b2b2f0f0
data/q1/Data/train/PNEUMONIA/PNEUMONIA(3238).jpg,PNEUMONIA,2,train,1376,656,RGB,42b99e5ff6e5771ffe3533a594aec35e,e0f0b0b0b0f0e0c0
data/q1/Data/train/PNEUMONIA/PNEUMONIA(3239).jpg,PNEUMONIA,2,train,1306,792,RGB,48310bed968510f61ae0b4865d8cb143,e0f4b4b0f0f0f0e0
data/q1/Data/train/PNEUMONIA/PNEUMONIA(3240).jpg,PNEUMONIA,2,train,972,557,RGB,4ef00356008f25d1d7fa1547d29adf12,262632323230f0c2
data/q1/Data/train/PNEUMONIA/PNEUMONIA(3241).jpg,PNEUMONIA,2,train,1232,768,RGB,4d9b80564c0837d497fe62192610acfe,e0d0f4b4b0b0f0c0
data/q1/Data/train/PNEUMONIA/PNEUMONIA(3243).jpg,PNEUMONIA,2,train,1088,776,RGB,1df58d6f2a79771f0abe438d9f2d671f,f1b6b2b2f2f2f0f0
data/q1/Data/train/PNEUMONIA/PNEUMONIA(3244).jpg,PNEUMONIA,2,train,1136,840,RGB,9c97624626de33f1aa604672a6943a97,d9dadbb2b0b0a0a8
data/q1/Data/train/PNEUMONIA/PNEUMONIA(3245).jpg,PNEUMONIA,2,train,1272,928,RGB,c238564156145a792a10c300d001a9ca,f2d4b4b2b0b0f0f0
data/q1/Data/train/PNEUMONIA/PNEUMONIA(3246).jpg,PNEUMONIA,2,train,1304,744,RGB,789fa691cc3617f63f69e3aa480d4db5,36f4f4b0b0b0f0f0
data/q1/Data/train/PNEUMONIA/PNEUMONIA(3247).jpg,PNEUMONIA,2,train,1240,728,RGB,ad4ed703ca0b9a19a8570a31bec8250e,f0d0d4b0b0b0e0e4
data/q1/Data/train/PNEUMONIA/PNEUMONIA(3248).jpg,PNEUMONIA,2,train,1336,744,RGB,3b417de188188260ac22047a5656599e,f0f0d4d4d0f0f0c4
data/q1/Data/train/PNEUMONIA/PNEUMONIA(3249).jpg,PNEUMONIA,2,train,1383,809,RGB,dabcbcd7efb0cd885f406517b193bfdb,e4a494b2b2b0b0f4
data/q1/Data/train/PNEUMONIA/PNEUMONIA(3253).jpg,PNEUMONIA,2,train,1208,824,RGB,0033486bd27e69304c2f814fbb353fb3,f1f496b2b2b0f0f0
data/q1/Data/train/PNEUMONIA/PNEUMONIA(3254).jpg,PNEUMONIA,2,train,885,592,RGB,56109bfa1008953319ed5897cbf1b133,b2b2b2b0b0f0f2e6
data/q1/Data/train/PNEUMONIA/PNEUMONIA(3255).jpg,PNEUMONIA,2,train,1376,968,RGB,561bc116d03102e71a96885295d1425b,70f494b2b2b0f0f0
data/q1/Data/train/PNEUMONIA/PNEUMONIA(3258).jpg,PNEUMONIA,2,train,1422,1229,RGB,bd848e3bbec7fa24cb9d5e7b383f3413,74929ab8b8b8f0e4
data/q1/Data/train/PNEUMONIA/PNEUMONIA(326).jpg,PNEUMONIA,2,train,1312,912,RGB,0b3829fe0502a153b9e76a55fbac69c8,e4b4b2b2b0b0b0f0
data/q1/Data/train/PNEUMONIA/PNEUMONIA(3260).jpg,PNEUMONIA,2,train,1448,984,RGB,79acdbdfbbfcd6941b068323dcc90cac,70f4b4b0f0f0f4d8
data/q1/Data/train/PNEUMONIA/PNEUMONIA(3262).jpg,PNEUMONIA,2,train,1192,984,RGB,2e197d8bbf8122ac36a47e7845b44246,71b2b2b0f1f1f0f0
data/q1/Data/train/PNEUMONIA/PNEUMONIA(3266).jpg,PNEUMONIA,2,train,1527,1176,RGB,735c3d2629a0a7a7324e5690f5726d52,f0b2b2b2f0f0f0f0
data/q1/Data/train/PNEUMONIA/PNEUMONIA(3269).jpg,PNEUMONIA,2,train,1071,812,RGB,acfa586910613e3cdb69b6877a93beb0,f8dadad8f8f8f0f0
data/q1/Data/train/PNEUMONIA/PNEUMONIA(327).jpg,PNEUMONIA,2,train,1384,944,RGB,2c1c08cbfd7ec431325e6218af22a9be,d496b2b2323078f0
data/q1/Data/train/PNEUMONIA/PNEUMONIA(3270).jpg,PNEUMONIA,2,train,1352,817,RGB,a3bbb763efb84461b4f3de79a82fa62c,f2f4c4b6b2b2b0f4
data/q1/Data/train/PNEUMONIA/PNEUMONIA(3272).jpg,PNEUMONIA,2,train,871,488,RGB,252b223956c9209ca2ea67f8f56e53ce,b4b03070707070d0
data/q1/Data/train/PNEUMONIA/PNEUMONIA(3273).jpg,PNEUMONIA,2,train,1152,664,RGB,d94194eb4f28bd78681cc2f633bfc86b,60f0d1f0f0f0d8d0
data/q1/Data/train/PNEUMONIA/PNEUMONIA(3274).jpg,PNEUMONIA,2,train,1056,624,RGB,94be2c8b3daa9413e4ae5a98ee667bd0,f0d6d0b0b8f8d8f0
data/q1/Data/train/PNEUMONIA/PNEUMONIA(3277).jpg,PNEUMONIA,2,train,1144,656,RGB,2f53be334c0a6305077ffb9d1c23083d,717554d0b0b0f0d0
data/q1/Data/train/PNEUMONIA/PNEUMONIA(3278).jpg,PNEUMONIA,2,train,1088,568,RGB,3d56a314d69254ffc5d02f76429d31b1,f5d5d1b0b0b0f0d4
data/q1/Data/train/PNEUMONIA/PNEUMONIA(3279).jpg,PNEUMONIA,2,train,1064,696,RGB,eb7ff0edc0de188b4a2bb562ea7ab357,30305070f0f0f0c4
data/q1/Data/train/PNEUMONIA/PNEUMONIA(3280).jpg,PNEUMONIA,2,train,864,528,RGB,13daeee1ae78a3f258876ef26d162c63,f1d2b2b2b2b0f2f0
data/q1/Data/train/PNEUMONIA/PNEUMONIA(3281).jpg,PNEUMONIA,2,train,992,792,RGB,5bad86f56ffaeaf5a53d9f13cc281707,f8e85ad8d8d0f0f0
data/q1/Data/train/PNEUMONIA/PNEUMONIA(3284).jpg,PNEUMONIA,2,train,944,624,RGB,317334593f95b6d2a5064c764ebfb8f0,d0d494b4b4b0b090
data/q1/Data/train/PNEUMONIA/PNEUMONIA(3285).jpg,PNEUMONIA,2,train,976,744,RGB,1b0949d112e5f7bf59f90f8cb04fdeaf,63e1e5f0f0f0f0c0
data/q1/Data/train/PNEUMONIA/PNEUMONIA(3286).jpg,PNEUMONIA,2,train,888,616,RGB,ecc772845ee2010270738d887bd000cc,d0d290b0b0b0d094
data/q1/Data/train/PNEUMONIA/PNEUMONIA(3288).jpg,PNEUMONIA,2,train,736,437,RGB,868ac0ebccde3c7bcc23ed8737472f43,e57070707060f2f2
data/q1/Data/train/PNEUMONIA/PNEUMONIA(3289).jpg,PNEUMONIA,2,train,1137,816,RGB,5573a9c871765cf56502f358938fb9d4,b0f0d2d8b0b8f0f0
data/q1/Data/train/PNEUMONIA/PNEUMONIA(329).jpg,PNEUMONIA,2,train,1176,800,RGB,ff14d34e213038d0cfa0835aa0809420,f8f8f0f2f2f2f0e0
data/q1/Data/train/PNEUMONIA/PNEUMONIA(3290).jpg,PNEUMONIA,2,train,1072,744,RGB,ee45e0c2731e76a575983779b7ea4531,f2f4b4f4f2b2f0f0
data/q1/Data/train/PNEUMONIA/PNEUMONIA(3292).jpg,PNEUMONIA,2,train,984,712,RGB,15238c8ac6c73d601120eb024c83a248,f8d2d2f0f0f0d0d0
data/q1/Data/train/PNEUMONIA/PNEUMONIA(3293).jpg,PNEUMONIA,2,train,1016,632,RGB,3d0b89da83b43e49ab005e6b7ca96469,70567270707072d0
data/q1/Data/train/PNEUMONIA/PNEUMONIA(3295).jpg,PNEUMONIA,2,train,1693,1104,RGB,b9a8bc0a101980bc02fc3dca68e664e8,a0d4d4d2d8f8f8f8
data/q1/Data/train/PNEUMONIA/PNEUMONIA(3296).jpg,PNEUMONIA,2,train,904,552,RGB,a3b04ea8713a9d05ebdf8f2f38b58cc4,e0d0d2b0b0b0f0c0
data/q1/Data/train/PNEUMONIA/PNEUMONIA(3298).jpg,PNEUMONIA,2,train,952,488,RGB,2559ea93e64904905b2700ec74160cac,60f4d0d0f0f090b0
data/q1/Data/train/PNEUMONIA/PNEUMONIA(3299).jpg,PNEUMONIA,2,train,880,680,RGB,f196777dc383a6c1f83e4ae9040a967c,f8d0dabab0b0f0d0
data/q1/Data/train/PNEUMONIA/PNEUMONIA(3301).jpg,PNEUMONIA,2,train,880,536,RGB,c694a180b5c116629df0a6851804a0df,f0f4d0b0b0b0b0f0
data/q1/Data/train/PNEUMONIA/PNEUMONIA(3302).jpg,PNEUMONIA,2,train,1064,736,RGB,52268daf746cbffbec3885f47553e444,edd29ab9b1f9f1f1
data/q1/Data/train/PNEUMONIA/PNEUMONIA(3303).jpg,PNEUMONIA,2,train,1080,728,RGB,ad2d001c1d0c338d5f61f677b6b01222,71f5b5b6e2e2f2f0
data/q1/Data/train/PNEUMONIA/PNEUMONIA(3304).jpg,PNEUMONIA,2,train,1216,864,RGB,e97c9c37ef5a0465acff7d8bc49ad132,30f0d2b2f2f2f0f0
data/q1/Data/train/PNEUMONIA/PNEUMONIA(3305).jpg,PNEUMONIA,2,train,1288,778,RGB,8adf170915594ce2dc9751cf42d96435,f0f2b2b2f2f2f0f0
data/q1/Data/train/PNEUMONIA/PNEUMONIA(3307).jpg,PNEUMONIA,2,train,1333,785,RGB,415d12956f5b7e6bfea38f1a0a0b93da,f8d2d2b2b0b0b0f0
data/q1/Data/train/PNEUMONIA/PNEUMONIA(3309).jpg,PNEUMONIA,2,train,1296,920,RGB,40cb1ffea373cef5dc4665bed5f007f0,7494b2b2b0b8f0f0
data/q1/Data/train/PNEUMONIA/PNEUMONIA(331).jpg,PNEUMONIA,2,train,1596,1148,RGB,3af498b14ee947ff2a279f03f30f22c1,d9d0daf2f2f2f0f0
data/q1/Data/train/PNEUMONIA/PNEUMONIA(3310).jpg,PNEUMONIA,2,train,703,457,RGB,592b0233803a6edc8370a33fcad5a2c7,a0a0a4f4b474f4f4
data/q1/Data/train/PNEUMONIA/PNEUMONIA(3312).jpg,PNEUMONIA,2,train,1168,832,RGB,1c05bb732e7d3166f4a225173c60eaed,74b6b2b030f0f0f0
data/q1/Data/train/PNEUMONIA/PNEUMONIA(3315).jpg,PNEUMONIA,2,train,984,584,RGB,29dec0b18988e6c067f90794abb02a67,f8d892b2b2f0d090
data/q1/Data/train/PNEUMONIA/PNEUMONIA(3316).jpg,PNEUMONIA,2,train,1024,704,RGB,f44b105e1791e706be16e95257965f5b,f4f6f2b2f2f2d0d0
data/q1/Data/train/PNEUMONIA/PNEUMONIA(3319).jpg,PNEUMONIA,2,train,1244,755,RGB,ab1f5433b23f2a151c838a19937bb0d9,78dadad8b8b8d0d0
data/q1/Data/train/PNEUMONIA/PNEUMONIA(332).jpg,PNEUMONIA,2,train,1187,1006,RGB,b093fcbd4efc59c35f470fa6f84672bb,f0b4b2b07070d090
data/q1/Data/train/PNEUMONIA/PNEUMONIA(3321).jpg,PNEUMONIA,2,train,1256,1032,RGB,558d36a7cd4b61eae163643b2d4d8635,61d496b2b0b0f0e0
data/q1/Data/train/PNEUMONIA/PNEUMONIA(3322).jpg,PNEUMONIA,2,train,1184,1000,RGB,75debf70e6cba4a94a6aaa6e3ce27dca,f8d2dab8f0f0f0e0
data/q1/Data/train/PNEUMONIA/PNEUMONIA(3323).jpg,PNEUMONIA,2,train,1140,712,RGB,39d56ba733f364e02cbdfa07552ddd52,b0f0d0f0b0b0f0d0
data/q1/Data/train/PNEUMONIA/PNEUMONIA(3324).jpg,PNEUMONIA,2,train,1508,929,RGB,12be0a958c612276aa80bac2727705e8,31f4b2b2b0b0f0f0
data/q1/Data/train/PNEUMONIA/PNEUMONIA(3326).jpg,PNEUMONIA,2,train,1067,763,RGB,ef7c61b0d387318615c619b1193974b1,f494b0b0b0b8f0d8
data/q1/Data/train/PNEUMONIA/PNEUMONIA(3327).jpg,PNEUMONIA,2,train,1324,896,RGB,e90e4078ee5d3761711951d1edad054a,e0f4d4b0b0b8f0f0
data/q1/Data/train/PNEUMONIA/PNEUMONIA(3329).jpg,PNEUMONIA,2,train,944,496,RGB,84333c9dd64b6ae74a4d5086c0b51da2,71e5d0d0d0d0f4f0
data/q1/Data/train/PNEUMONIA/PNEUMONIA(333).jpg,PNEUMONIA,2,train,1136,688,RGB,514555dee481ef3e0b42b7ecb8cceb3a,72f0f0b0b0b0b0f0
data/q1/Data/train/PNEUMONIA/PNEUMONIA(3330).jpg,PNEUMONIA,2,train,992,520,RGB,e2cb3859b42966d9beb6048bcfbf35b1,e1e9e1b1b0b0b0f0
data/q1/Data/train/PNEUMONIA/PNEUMONIA(3332).jpg,PNEUMONIA,2,train,776,488,RGB,aee060e59dd9dfbe32889074b3e3dd77,38d0d692b2b0b1f1
data/q1/Data/train/PNEUMONIA/PNEUMONIA(3333).jpg,PNEUMONIA,2,train,1159,840,RGB,003f3c4c130e4d780d3cc8b487ce19f1,e8d4b2b2b0b0f2c6
data/q1/Data/train/PNEUMONIA/PNEUMONIA(3334).jpg,PNEUMONIA,2,train,1144,832,RGB,ef5e206c7c9355b81ab8c129720c0e0c,f9d0b2b2b1b0f0d0
data/q1/Data/train/PNEUMONIA/PNEUMONIA(3335).jpg,PNEUMONIA,2,train,1492,1118,RGB,adbeb3bb5bc741432e46ad78f344e782,31f0b2b2b0b0f0d0
data/q1/Data/train/PNEUMONIA/PNEUMONIA(3337).jpg,PNEUMONIA,2,train,880,656,RGB,4cf7c48f54568028cbfacd5ca8439dbd,60f0d6d2f2b0f0d0
data/q1/Data/train/PNEUMONIA/PNEUMONIA(3344).jpg,PNEUMONIA,2,train,976,672,RGB,7df5a7ad191f4986e8874e1ad31d673f,f1d5f0f0f0f8f4f0
data/q1/Data/train/PNEUMONIA/PNEUMONIA(3345).jpg,PNEUMONIA,2,train,895,517,RGB,a5542c4e5158207710ff3aab533d6454,b6b6b232723170d0
data/q1/Data/train/PNEUMONIA/PNEUMONIA(3347).jpg,PNEUMONIA,2,train,1408,1296,RGB,1b3b1ea8ebe08e751e68b8aedc005345,60f2b2b2b2b0d0b4
data/q1/Data/train/PNEUMONIA/PNEUMONIA(3348).jpg,PNEUMONIA,2,train,1368,1120,RGB,55d8dcec1afb15ffb7a4d22df119a5e4,71f1b3b2b2b0f0d0
data/q1/Data/train/PNEUMONIA/PNEUMONIA(3349).jpg,PNEUMONIA,2,train,1440,1112,RGB,2d4083cc7429ceb9934813cd505fdf3e,f0f0f2f2b0f0d0d0
data/q1/Data/train/PNEUMONIA/PNEUMONIA(335).jpg,PNEUMONIA,2,train,1024,672,RGB,9466dbb8092ae74b122e2d76ff3f95e7,f1b4b4b0b0b0f0d0
data/q1/Data/train/PNEUMONIA/PNEUMONIA(3351).jpg,PNEUMONIA,2,train,1360,1080,RGB,3bfc60e2ecdd8c8492071ba1bbbefcec,b0d8dadab0b0d0d0
data/q1/Data/train/PNEUMONIA/PNEUMONIA(3357).jpg,PNEUMONIA,2,train,1264,808,RGB,20a4002ef10a3dff43292771fd5089d7,62f4b4b0b4f0f4f0
data/q1/Data/train/PNEUMONIA/PNEUMONIA(3358).jpg,PNEUMONIA,2,train,1240,800,RGB,b30ff7e1c941e1b8f2386f9ae3e23463,70f5b4b0b0b0f0c4
data/q1/Data/train/PNEUMONIA/PNEUMONIA(3359).jpg,PNEUMONIA,2,train,1096,768,RGB,619b49071f88a5e32ed5262cdb727a1d,d4b6b2b0b0f0d0b4
data/q1/Data/train/PNEUMONIA/PNEUMONIA(3360).jpg,PNEUMONIA,2,train,1208,696,RGB,5e290aa6007c43a5f76cdc5b728ad1cb,c0f4b4b0b0b0f0f0
data/q1/Data/train/PNEUMONIA/PNEUMONIA(3361).jpg,PNEUMONIA,2,train,1400,1160,RGB,9f5461528557b1afd4e0997ad28d9940,d9d4b2b2f2f0e0e0
data/q1/Data/train/PNEUMONIA/PNEUMONIA(3362).jpg,PNEUMONIA,2,train,765,594,RGB,e621755982ed1c80fdd54280f738adc5,d2d3b9b93971f1d0
data/q1/Data/train/PNEUMONIA/PNEUMONIA(3363).jpg,PNEUMONIA,2,train,928,616,RGB,cc2b53d890eaa20f2e44e44d7ff773f8,f070f6f2f0e0e0e0
data/q1/Data/train/PNEUMONIA/PNEUMONIA(3364).jpg,PNEUMONIA,2,train,824,552,RGB,92c54cda1594d9eadb87b0d8e4746411,f0d4d2f2f0b0f0f0
data/q1/Data/train/PNEUMONIA/PNEUMONIA(3365).jpg,PNEUMONIA,2,train,1272,880,RGB,f82b6c4bc4b89c39852453d810013fb0,e434b2b2b2b0b0f8
data/q1/Data/train/PNEUMONIA/PNEUMONIA(3366).jpg,PNEUMONIA,2,train,1055,755,RGB,2794a33dd8b80234ff0615c18684c2f8,b9d8dadad8b0f0f4
data/q1/Data/train/PNEUMONIA/PNEUMONIA(3368).jpg,PNEUMONIA,2,train,1056,840,RGB,1e9aa87c723fd86b59e070bf42b0b26e,38d8dabab0b0f0d0
data/q1/Data/train/PNEUMONIA/PNEUMONIA(3369).jpg,PNEUMONIA,2,train,1024,776,RGB,d7d64787714cb00d379a4971c2a8a53f,d0d4f0f0b0f0e0e0
data/q1/Data/train/PNEUMONIA/PNEUMONIA(337).jpg,PNEUMONIA,2,train,968,664,RGB,bc5d857c214caa6ea47fd44c35659776,60d6b2b2b0b0f0f0
data/q1/Data/train/PNEUMONIA/PNEUMONIA(3370).jpg,PNEUMONIA,2,train,1064,904,RGB,900d0abbee095456362dc83ece7fefbe,b8fcd0d0d0f0f0d0
data/q1/Data/train/PNEUMONIA/PNEUMONIA(3371).jpg,PNEUMONIA,2,train,1096,672,RGB,105969737076fa619855b467fc0d85bd,71d4d4f0f1f1f1f1
data/q1/Data/train/PNEUMONIA/PNEUMONIA(3372).jpg,PNEUMONIA,2,train,736,480,RGB,fef40ba66771757d024827fbb17a60c4,dadbdbd8b8b0f0d0
data/q1/Data/train/PNEUMONIA/PNEUMONIA(3373).jpg,PNEUMONIA,2,train,936,696,RGB,855bab7869a6828d14522c7eb8618bb1,b8f0d4f0b0f0f0f0
data/q1/Data/train/PNEUMONIA/PNEUMONIA(3375).jpg,PNEUMONIA,2,train,832,416,RGB,67e1e757f1a291bb6e871fea81f9337e,f1b0b0b0b0b0f0f0
data/q1/Data/train/PNEUMONIA/PNEUMONIA(3376).jpg,PNEUMONIA,2,train,1213,731,RGB,85ca8c70e107f954540745367ff84fe0,f8f4d4f0f0f0f0f0
data/q1/Data/train/PNEUMONIA/PNEUMONIA(338).jpg,PNEUMONIA,2,train,1360,920,RGB,56c9b70ae27bc9912e233b05f5ef7195,71d492b2b0b0d0d4
data/q1/Data/train/PNEUMONIA/PNEUMONIA(3380).jpg,PNEUMONIA,2,train,1511,1075,RGB,aefc2b497de016b2687c18411ddf8551,e3e0b6b2b2b0b0f0
data/q1/Data/train/PNEUMONIA/PNEUMONIA(3381).jpg,PNEUMONIA,2,train,1088,688,RGB,ae0b0832eb4a793afac3b1aad5075f38,e0e4b6b2b0d0f0f4
data/q1/Data/train/PNEUMONIA/PNEUMONIA(3384).jpg,PNEUMONIA,2,train,856,608,RGB,b9a1e6fceb94c488f6d4b4d94d93caaf,f072d2d2f0f2f0f0
data/q1/Data/train/PNEUMONIA/PNEUMONIA(3385).jpg,PNEUMONIA,2,train,654,389,RGB,64adca62b3556394881dc340d4aec27b,a424323230b0b0f0
data/q1/Data/train/PNEUMONIA/PNEUMONIA(3389).jpg,PNEUMONIA,2,train,1416,1008,RGB,d640856a26cd438ac453190b1705ff0d,31e1d2d292b0f0d4
data/q1/Data/train/PNEUMONIA/PNEUMONIA(3390).jpg,PNEUMONIA,2,train,1307,824,RGB,ab81283877092c9d6afeb9282aac9471,60f4b4b2b2b0b0f8
data/q1/Data/train/PNEUMONIA/PNEUMONIA(3391).jpg,PNEUMONIA,2,train,1016,848,RGB,ac20007d1618db47a80ebcdf75fdde25,e1f0b2b2b0f0f090
data/q1/Data/train/PNEUMONIA/PNEUMONIA(3392).jpg,PNEUMONIA,2,train,1531,1080,RGB,a9931d19fc9af5aa94ded1b189aef580,d992b2b2b2b0f0a0
data/q1/Data/train/PNEUMONIA/PNEUMONIA(3393).jpg,PNEUMONIA,2,train,848,560,RGB,ffb520ba6702269362ac0a4687f1fe00,f0d2daf0f8b8f0f0
data/q1/Data/train/PNEUMONIA/PNEUMONIA(3395).jpg,PNEUMONIA,2,train,992,616,RGB,161d2da1727cf778cc484faf9d2562ea,70d4b4b0b0b0f0d0
data/q1/Data/train/PNEUMONIA/PNEUMONIA(3396).jpg,PNEUMONIA,2,train,928,696,RGB,0dccb41b04ab493efea4257a096ac9dd,61f1b4b4b0b0f0d0
data/q1/Data/train/PNEUMONIA/PNEUMONIA(3398).jpg,PNEUMONIA,2,train,880,584,RGB,8cfb9433458af63c072446d6bcf86dea,60e5b4b0b0b0f0f0
data/q1/Data/train/PNEUMONIA/PNEUMONIA(3399).jpg,PNEUMONIA,2,train,880,592,RGB,0eb1309a1622454bbb4b0ae485158226,e1f494b0b0b0f8d0
data/q1/Data/train/PNEUMONIA/PNEUMONIA(340).jpg,PNEUMONIA,2,train,620,359,RGB,82b99fa8d7cf05dfa682f88900f9c933,b2b2b0b0b0f0d09a
data/q1/Data/train/PNEUMONIA/PNEUMONIA(3400).jpg,PNEUMONIA,2,train,848,584,RGB,222e68bab92700e9464c9969069f59de,d092b2b2b0f2f0d0
data/q1/Data/train/PNEUMONIA/PNEUMONIA(3401).jpg,PNEUMONIA,2,train,1448,1056,RGB,7830971fc9707089965e525f33f06dd2,e4b4b4b2b0f0f0f0
data/q1/Data/train/PNEUMONIA/PNEUMONIA(3405).jpg,PNEUMONIA,2,train,664,360,RGB,93fea0bd508b8201292026d02c5481d1,b4b4b4b4b2b2b2f0
data/q1/Data/train/PNEUMONIA/PNEUMONIA(3406).jpg,PNEUMONIA,2,train,728,464,RGB,c496203440b6e0a2ea9b49876f8c5195,d0d4b4b6f2f2f2e0
data/q1/Data/train/PNEUMONIA/PNEUMONIA(3407).jpg,PNEUMONIA,2,train,1021,701,RGB,295f2bc22ff0f8e4ad4a80445a70553a,a4b0b07030f0d0f0
data/q1/Data/train/PNEUMONIA/PNEUMONIA(3408).jpg,PNEUMONIA,2,train,840,603,RGB,e05aa258701f1fe3a92d7b1b33daea88,92b2b0b8f0d0f0d0
data/q1/Data/train/PNEUMONIA/PNEUMONIA(3409).jpg,PNEUMONIA,2,train,1111,621,RGB,3cbd17497244e7e92c459134bf61f4ba,dadad8d8b8b8f0f0
data/q1/Data/train/PNEUMONIA/PNEUMONIA(341).jpg,PNEUMONIA,2,train,1568,1192,RGB,96e81e74098665f451aafe55279f5fc0,e0b6b2b2b0f0f0f0
data/q1/Data/train/PNEUMONIA/PNEUMONIA(3411).jpg,PNEUMONIA,2,train,1160,832,RGB,f9f884b905bbc30888cdef1043d177df,b2e0b0b2b2f0f0c4
data/q1/Data/train/PNEUMONIA/PNEUMONIA(3412).jpg,PNEUMONIA,2,train,840,488,RGB,c0c64aed03f8068c71f271cbb57659af,7496b2b0b0b0b0f0
data/q1/Data/train/PNEUMONIA/PNEUMONIA(3413).jpg,PNEUMONIA,2,train,784,496,RGB,831e45984e7986ac5e8f224456bb7914,e1a5b0b0f0f0f0f0
data/q1/Data/train/PNEUMONIA/PNEUMONIA(3415).jpg,PNEUMONIA,2,train,840,488,RGB,f184fa118cf2ae5526e55143e3760bf0,71f4b0b0f0b8b0f0
data/q1/Data/train/PNEUMONIA/PNEUMONIA(3416).jpg,PNEUMONIA,2,train,816,480,RGB,d64038272bfdce3aa8c05c55678340fa,e5b5b0b0b0b0f0f0
data/q1/Data/train/PNEUMONIA/PNEUMONIA(3417).jpg,PNEUMONIA,2,train,1121,639,RGB,a1192196f622469c2db78bf7909fe167,f1d4d4f0f0b0f0f0
data/q1/Data/train/PNEUMONIA/PNEUMONIA(342).jpg,PNEUMONIA,2,train,1662,1048,RGB,7c0631d4581226999ba9d8aa9078c1be,e09696b2b0b0f0f0
data/q1/Data/train/PNEUMONIA/PNEUMONIA(344).jpg,PNEUMONIA,2,train,1021,643,RGB,71d1097366f34562c791728c1adf0b7f,f0b4b4b6b2b2f0b0
data/q1/Data/train/PNEUMONIA/PNEUMONIA(345).jpg,PNEUMONIA,2,train,1337,1010,RGB,0a1742e1bfd819a69a727fcd04c7eaa3,e2f4b4b2f270f0e0
data/q1/Data/train/PNEUMONIA/PNEUMONIA(347).jpg,PNEUMONIA,2,train,1148,689,RGB,1544f862ed84b2c3547cd7daf0fc0e4e,f2f2d6b2b2b2f0f0
data/q1/Data/train/PNEUMONIA/PNEUMONIA(348).jpg,PNEUMONIA,2,train,1055,642,RGB,08d801add4cfb40570a158d37198c614,f1b5b6b2b2b2f0f4
data/q1/Data/train/PNEUMONIA/PNEUMONIA(350).jpg,PNEUMONIA,2,train,1257,844,RGB,3b8bdd6d6a994fb187e6207966da4ea0,e8f4f2b0b0b8f8f8
data/q1/Data/train/PNEUMONIA/PNEUMONIA(351).jpg,PNEUMONIA,2,train,1472,960,RGB,5e855a88f71b8107d81091ee1e3bf9ff,b1f0d292b0b0f0f0
data/q1/Data/train/PNEUMONIA/PNEUMONIA(353).jpg,PNEUMONIA,2,train,1480,1392,RGB,049280f32519b762cab913be76998df9,31b0d292b0b0d0b4
data/q1/Data/train/PNEUMONIA/PNEUMONIA(354).jpg,PNEUMONIA,2,train,1512,1088,RGB,dc7184e0b0cd78481008112b558b2586,73b5b4b4b0b0b4a4
data/q1/Data/train/PNEUMONIA/PNEUMONIA(356).jpg,PNEUMONIA,2,train,1477,928,RGB,7ab67821cea3667cbd3784250bd230a2,f0f0d4d2d2d0d0f8
data/q1/Data/train/PNEUMONIA/PNEUMONIA(358).jpg,PNEUMONIA,2,train,790,519,RGB,f8364a028944e8b112075c870efd451c,a4707272707070d8
data/q1/Data/train/PNEUMONIA/PNEUMONIA(359).jpg,PNEUMONIA,2,train,1216,872,RGB,6c4fad1c496172645db5f677cded64f1,72f4b4b0b0f0f0e0
data/q1/Data/train/PNEUMONIA/PNEUMONIA(361).jpg,PNEUMONIA,2,train,1015,607,RGB,8c53db5f8494b6b4f91158ebc52f6d00,b4b432327071f0d2
data/q1/Data/train/PNEUMONIA/PNEUMONIA(364).jpg,PNEUMONIA,2,train,1728,1168,RGB,d37afebb116b2e52bd53dec01580544a,d2d4f5b4b0f0c4d4
data/q1/Data/train/PNEUMONIA/PNEUMONIA(365).jpg,PNEUMONIA,2,train,1064,952,RGB,baace94ac8043eacef68842a07a0ba5e,7ad2b2b2b2f0e0f4
data/q1/Data/train/PNEUMONIA/PNEUMONIA(366).jpg,PNEUMONIA,2,train,937,515,RGB,6347ad345d7e17c2ac1c5ff4d5e327cc,b4b2b0b0b0b0f0d0
data/q1/Data/train/PNEUMONIA/PNEUMONIA(367).jpg,PNEUMONIA,2,train,828,525,RGB,17bdd8aa2012c204ac49e6edefd26495,f2f2b0b8b8f8d6f2
data/q1/Data/train/PNEUMONIA/PNEUMONIA(368).jpg,PNEUMONIA,2,train,1040,627,RGB,79a68d22888548b5a561aa0f0f8e262e,e0f4b4b4b0b0f0f0
data/q1/Data/train/PNEUMONIA/PNEUMONIA(369).jpg,PNEUMONIA,2,train,1456,1112,RGB,f7a2c0a53262b3c7a3df67aa3a4e2ae5,e196b2b2b0b0f0d0
data/q1/Data/train/PNEUMONIA/PNEUMONIA(37).jpg,PNEUMONIA,2,train,1752,1408,RGB,771ccb40f3d7fc773db725ba84cd9baf,e0d4f0f0f0e0e0d4
data/q1/Data/train/PNEUMONIA/PNEUMONIA(370).jpg,PNEUMONIA,2,train,1592,1384,RGB,ab6175c7bb6b5301fabb62df0e563fe8,79f0b6b2b0b0f0d4
data/q1/Data/train/PNEUMONIA/PNEUMONIA(371).jpg,PNEUMONIA,2,train,1547,978,RGB,b4a7c22dcffe9b457104f39610542612,f094b2b2b0f0f4f2
data/q1/Data/train/PNEUMONIA/PNEUMONIA(373).jpg,PNEUMONIA,2,train,1310,928,RGB,75bfc6012a343b70ca38053dacf31652,61d692bab2b0f0f0
data/q1/Data/train/PNEUMONIA/PNEUMONIA(374).jpg,PNEUMONIA,2,train,1739,1176,RGB,efb1503be5a16a1f36ce8f3a06175716,d896b6b2b2b2f0e0
data/q1/Data/train/PNEUMONIA/PNEUMONIA(375).jpg,PNEUMONIA,2,train,1064,856,RGB,353678b1a0cc63f085f7742f3e901c9b,f0b4b2b2b0b4b484
data/q1/Data/train/PNEUMONIA/PNEUMONIA(376).jpg,PNEUMONIA,2,train,1096,832,RGB,0d33b0972cea747fb91a65b60e9b911d,9092b2b2b0f0f0c4
data/q1/Data/train/PNEUMONIA/PNEUMONIA(377).jpg,PNEUMONIA,2,train,1032,768,RGB,399eef154f6c6e05be9c1f4888e811c3,71d0d8f8f0f8f0d0
data/q1/Data/train/PNEUMONIA/PNEUMONIA(378).jpg,PNEUMONIA,2,train,1080,752,RGB,77e7472a48ae16d9562bd37dd5b79955,e0e4b0b4b0b0f0f4
data/q1/Data/train/PNEUMONIA/PNEUMONIA(379).jpg,PNEUMONIA,2,train,952,664,RGB,3069bec5f6764177192703c17378c9c8,e4b4b0b0b0f0f0f0
data/q1/Data/train/PNEUMONIA/PNEUMONIA(381).jpg,PNEUMONIA,2,train,763,440,RGB,ef7d6654f906646fc973fb5462253f27,b6b2b0b0f0f0f0f0
data/q1/Data/train/PNEUMONIA/PNEUMONIA(382).jpg,PNEUMONIA,2,train,1088,608,RGB,bd0f35aba57c1d064391f6f5dbe813d1,71d0d0d090f0d0f0
data/q1/Data/train/PNEUMONIA/PNEUMONIA(384).jpg,PNEUMONIA,2,train,692,383,RGB,4da5fc695532f6f85edc3bc491a5aa0f,d292bbb9b8b9f0f0
data/q1/Data/train/PNEUMONIA/PNEUMONIA(385).jpg,PNEUMONIA,2,train,1152,720,RGB,1e1585130e72b8b7386a1854a9e684d6,70f0b4b0b0b094a4
data/q1/Data/train/PNEUMONIA/PNEUMONIA(39).jpg,PNEUMONIA,2,train,1064,720,RGB,53f2527babaa5416e9054cd07bbb65e3,f4b2b2b2b0f0d0d2
data/q1/Data/train/PNEUMONIA/PNEUMONIA(391).jpg,PNEUMONIA,2,train,1024,739,RGB,f302c2f5196a6c57509e2d8492aeb6aa,f0d4d0d2b0b0f1d0
data/q1/Data/train/PNEUMONIA/PNEUMONIA(394).jpg,PNEUMONIA,2,train,1048,696,RGB,aa244fd9e8d3e2a4595e35be33fd667a,31f0d4d0f2b0f0f0
data/q1/Data/train/PNEUMONIA/PNEUMONIA(395).jpg,PNEUMONIA,2,train,952,544,RGB,f4a06ad5cab067dd3a8a041d7f48d610,e5e5b0f0f0f0f0f0
data/q1/Data/train/PNEUMONIA/PNEUMONIA(397).jpg,PNEUMONIA,2,train,1024,712,RGB,f11039f2aa975d3af9f4032ebfa55cb2,f1d5d3b1b0b1f1f1
data/q1/Data/train/PNEUMONIA/PNEUMONIA(398).jpg,PNEUMONIA,2,train,936,592,RGB,00ecb729eccc1a7cef5bcb598f18c025,f5f0f2f0f1b1b9f9
data/q1/Data/train/PNEUMONIA/PNEUMONIA(4).jpg,PNEUMONIA,2,train,1488,1280,RGB,58d7d55aca044023d68709d75a8978e9,e4e5f0f0f0f0f0d4
data/q1/Data/train/PNEUMONIA/PNEUMONIA(40).jpg,PNEUMONIA,2,train,1064,840,RGB,c7ee2d63187d802c6a6f54a76d986104,fcd292b2b0f0d090
data/q1/Data/train/PNEUMONIA/PNEUMONIA(401).jpg,PNEUMONIA,2,train,946,672,RGB,38c211ca0b488e1ca18b9e55beb5640c,d0f4f0f0f0f0f0a4
data/q1/Data/train/PNEUMONIA/PNEUMONIA(403).jpg,PNEUMONIA,2,train,1928,1349,RGB,0aac1b392b309e2302e526b4af90934b,32749692b2b0f0d0
data/q1/Data/train/PNEUMONIA/PNEUMONIA(405).jpg,PNEUMONIA,2,train,1086,863,RGB,61c3cb36e97908e14f3df12eb550f1b9,d892b2b2b070f1f0
data/q1/Data/train/PNEUMONIA/PNEUMONIA(408).jpg,PNEUMONIA,2,train,1016,608,RGB,32ccd328330369f0a60443db1881b34e,f0f4b4b0f0b0e0e0
data/q1/Data/train/PNEUMONIA/PNEUMONIA(409).jpg,PNEUMONIA,2,train,1592,1481,RGB,9df815b7de0e4dd0acd0edc0ba42fa87,e9b6b6b23271b1f0
data/q1/Data/train/PNEUMONIA/PNEUMONIA(410).jpg,PNEUMONIA,2,train,1160,800,RGB,a7f0458281ec20cd48395b64cd9b5285,e2e4f0b0b0b0f0f0
data/q1/Data/train/PNEUMONIA/PNEUMONIA(411).jpg,PNEUMONIA,2,train,1665,1276,RGB,8169a0cf41560433dee246073c698e34,32f4d0b0b0f8f0f0
data/q1/Data/train/PNEUMONIA/PNEUMONIA(412).jpg,PNEUMONIA,2,train,1168,808,RGB,18cd813387981aba39042817dbf76daa,f0b2b2b0b2f6f094
data/q1/Data/train/PNEUMONIA/PNEUMONIA(413).jpg,PNEUMONIA,2,train,925,635,RGB,05ced1446485c6185d99564a8bc1596b,b4b0b2b2f0d094d4
data/q1/Data/train/PNEUMONIA/PNEUMONIA(415).jpg,PNEUMONIA,2,train,992,736,RGB,5f445c727a12b5d71bd654ed41289186,fcd0d0b0b0f0f0e0
data/q1/Data/train/PNEUMONIA/PNEUMONIA(418).jpg,PNEUMONIA,2,train,1248,1048,RGB,27f1e178d92b45bfb6898236964fa772,c896b6b2b2b270d0
data/q1/Data/train/PNEUMONIA/PNEUMONIA(42).jpg,PNEUMONIA,2,train,1136,680,RGB,da47b725479c16b629a51fc85d87b761,f5b4b2b0b0b0f0d0
data/q1/Data/train/PNEUMONIA/PNEUMONIA(420).jpg,PNEUMONIA,2,train,1088,600,RGB,da62fed5302df70702ae34beb98b92cd,717174b4b0b0f0f0
data/q1/Data/train/PNEUMONIA/PNEUMONIA(423).jpg,PNEUMONIA,2,train,1675,1234,RGB,c9d2dfeb846c85b0b49ff87c10a08616,e194b6b2b2f0d0f4
data/q1/Data/train/PNEUMONIA/PNEUMONIA(424).jpg,PNEUMONIA,2,train,1159,929,RGB,44274de206b60a32a75bf403c27e7b45,a0ecd292b0b0f8d0
data/q1/Data/train/PNEUMONIA/PNEUMONIA(425).jpg,PNEUMONIA,2,train,989,651,RGB,1af0653338108b771d250675a4d300bb,dadabab0f0f0f0e2
data/q1/Data/train/PNEUMONIA/PNEUMONIA(428).jpg,PNEUMONIA,2,train,1832,1224,RGB,c2ee376313c56d098b1dd96961530434,c6eca4b4b0b0f4f4
data/q1/Data/train/PNEUMONIA/PNEUMONIA(43).jpg,PNEUMONIA,2,train,1592,1312,RGB,514ba743ceabfc86472c20db600dd6f8,73b0b0b4b0b2f0a4
data/q1/Data/train/PNEUMONIA/PNEUMONIA(430).jpg,PNEUMONIA,2,train,1010,562,RGB,3a9a67ee2fd15c6ba925d558e3480d87,eda5b0b0b0b0f0d4
data/q1/Data/train/PNEUMONIA/PNEUMONIA(432).jpg,PNEUMONIA,2,train,1627,1442,RGB,1e71551653fb716a2d6755def0c5ff72,b152929ab8b8f0f0
data/q1/Data/train/PNEUMONIA/PNEUMONIA(434).jpg,PNEUMONIA,2,train,1088,784,RGB,ecea8f3fc284022a969d6b96628169e7,b8f0f4f0f0f0d0e2
data/q1/Data/train/PNEUMONIA/PNEUMONIA(437).jpg,PNEUMONIA,2,train,920,512,RGB,9e78cad7675776fe5514de14fb727dbc,f9d0d2b2b0b0f0f0
data/q1/Data/train/PNEUMONIA/PNEUMONIA(439).jpg,PNEUMONIA,2,train,1496,960,RGB,b52845628820fc069091b0b575cc6392,b2f0b4b6b0b0b0f4
data/q1/Data/train/PNEUMONIA/PNEUMONIA(44).jpg,PNEUMONIA,2,train,1736,1752,RGB,ac404e303249eb370f9a60f71630b96c,32f0b4b6b2f2e0f0
data/q1/Data/train/PNEUMONIA/PNEUMONIA(440).jpg,PNEUMONIA,2,train,1576,1176,RGB,1314dc6b72376565ea846d6b2507b2d0,f0f0d0f0f0f0d0d4
data/q1/Data/train/PNEUMONIA/PNEUMONIA(441).jpg,PNEUMONIA,2,train,846,539,RGB,758691df4a7e5bbb38ad67b1d8d09578,d6d2b2b0b07070f0
data/q1/Data/train/PNEUMONIA/PNEUMONIA(442).jpg,PNEUMONIA,2,train,1008,800,RGB,c8f65454a06421d7330d327c3874a4b2,62e0f0f0f0f0f0f4
data/q1/Data/train/PNEUMONIA/PNEUMONIA(444).jpg,PNEUMONIA,2,train,1408,968,RGB,e4c4c971a04fff5c1f10b8daf63bf8b6,7155b2b2b2b2b082
data/q1/Data/train/PNEUMONIA/PNEUMONIA(45).jpg,PNEUMONIA,2,train,1136,712,RGB,57603ed1a5bdca49a865f959cc99e016,70a4b0b0b0f0f0e0
data/q1/Data/train/PNEUMONIA/PNEUMONIA(451).jpg,PNEUMONIA,2,train,1008,688,RGB,b1f531e4c22264bb9ea55d02a4ca8dd1,60f4d4f0b0b0f0f2
data/q1/Data/train/PNEUMONIA/PNEUMONIA(453).jpg,PNEUMONIA,2,train,1576,1376,RGB,d6d6246e2e143691c4ab9adba3d52a56,f2b632b2b0b4f4d0
data/q1/Data/train/PNEUMONIA/PNEUMONIA(454).jpg,PNEUMONIA,2,train,1112,736,RGB,8c3dc568adb538895b39469862b5d223,f0f5f4f0f0f0f0e4
data/q1/Data/train/PNEUMONIA/PNEUMONIA(456).jpg,PNEUMONIA,2,train,1024,688,RGB,22e95fd0f80b54b46fa2de72c043ea93,e8f4b4b4b4b0f0f4
data/q1/Data/train/PNEUMONIA/PNEUMONIA(459).jpg,PNEUMONIA,2,train,1280,1141,RGB,88e39c7d5acb4dad3ac2c8aeaf2547bc,f0d2b2b0b0f0f0e2
data/q1/Data/train/PNEUMONIA/PNEUMONIA(462).jpg,PNEUMONIA,2,train,1368,912,RGB,61ca213188b87ac81bb7746ccb8b7b3d,f88c9656d2d2d4dc
data/q1/Data/train/PNEUMONIA/PNEUMONIA(463).jpg,PNEUMONIA,2,train,1208,656,RGB,756249d7d2e595aa2822e6b64cc8e874,d8d4b6b2b2b2f0c0
data/q1/Data/train/PNEUMONIA/PNEUMONIA(464).jpg,PNEUMONIA,2,train,1699,1110,RGB,3061d0e2b31fb24997c7e1fb10110b9f,e8d696b2b2b1b0d0
data/q1/Data/train/PNEUMONIA/PNEUMONIA(465).jpg,PNEUMONIA,2,train,967,856,RGB,a094554d854efa765f259544424bdfe5,e0c4b4b2b0f0e4cc
data/q1/Data/train/PNEUMONIA/PNEUMONIA(466).jpg,PNEUMONIA,2,train,1264,848,RGB,90bee264287e6c59e634525f927fb90e,7070b4b0b0b0b0d0
data/q1/Data/train/PNEUMONIA/PNEUMONIA(467).jpg,PNEUMONIA,2,train,1679,1044,RGB,3a6ebe2dc5b70dd449707a0fa02ecddf,72f0d4d0d0d0f0e4
data/q1/Data/train/PNEUMONIA/PNEUMONIA(468).jpg,PNEUMONIA,2,train,1135,880,RGB,bde6a95f88e2ce40b9f26215fbdcdce4,f4d6b2b0b1b8d8f0
data/q1/Data/train/PNEUMONIA/PNEUMONIA(470).jpg,PNEUMONIA,2,train,1080,728,RGB,aee66b779a8c5be67b5d11aefeedbdf5,f8d890b2b2b2a0a4
data/q1/Data/train/PNEUMONIA/PNEUMONIA(471).jpg,PNEUMONIA,2,train,1280,768,RGB,b497b442bbe8bf8188bafbb1f0d493d9,f4b6b2b2b0b0f0d4
data/q1/Data/train/PNEUMONIA/PNEUMONIA(472).jpg,PNEUMONIA,2,train,1392,888,RGB,a3df70be3de0c37ecb4c87b55d0a667e,39d1d2b2b0b0f0f0
data/q1/Data/train/PNEUMONIA/PNEUMONIA(474).jpg,PNEUMONIA,2,train,1212,768,RGB,a86e55157069c6791d88eefc701a1ba9,e0b4b2b2f0f0f0d0
data/q1/Data/train/PNEUMONIA/PNEUMONIA(475).jpg,PNEUMONIA,2,train,1072,632,RGB,f02027ac40b9c6a22152056ceb665ada,e1f4b4b0b0f0d0f4
data/q1/Data/train/PNEUMONIA/PNEUMONIA(478).jpg,PNEUMONIA,2,train,1112,600,RGB,7b1ac3039ae1341aafae681361cb7f1d,e1e5b5b1b0b0f0d0
data/q1/Data/train/PNEUMONIA/PNEUMONIA(48).jpg,PNEUMONIA,2,train,1080,984,RGB,21662e6cd6bc5ee79a778b8aee6ab10f,99f9d9f1b9fda9a9
data/q1/Data/train/PNEUMONIA/PNEUMONIA(480).jpg,PNEUMONIA,2,train,976,728,RGB,88e53dab77e4f35394590c9d636470ad,7175757070f0d0e0
data/q1/Data/train/PNEUMONIA/PNEUMONIA(481).jpg,PNEUMONIA,2,train,984,520,RGB,656dbf71ff75a4c4cfbcf84f16730d9c,7154d470f1f0e0e8
data/q1/Data/train/PNEUMONIA/PNEUMONIA(482).jpg,PNEUMONIA,2,train,877,531,RGB,52a2dbab04fc84fe864bfcb581dcc485,b4b2b2b6b6b4b492
data/q1/Data/train/PNEUMONIA/PNEUMONIA(483).jpg,PNEUMONIA,2,train,1192,712,RGB,83c882ee7b2def9755e0444098c35f34,60d4d0d0f0f0f0f0
data/q1/Data/train/PNEUMONIA/PNEUMONIA(484).jpg,PNEUMONIA,2,train,1288,728,RGB,29ff455a47deb60d0dea5db6c59d4a12,f4b6b2b2b2f0d0e2
data/q1/Data/train/PNEUMONIA/PNEUMONIA(485).jpg,PNEUMONIA,2,train,1272,936,RGB,63a0cc4cafc15450dc2c08492e7dfb8f,7175757070f0f0f2
data/q1/Data/train/PNEUMONIA/PNEUMONIA(486).jpg,PNEUMONIA,2,train,948,584,RGB,bc5d9192bb96c283ced85af4e2f7a9b9,60d4d0d2d0d8f8f0
data/q1/Data/train/PNEUMONIA/PNEUMONIA(487).jpg,PNEUMONIA,2,train,1087,752,RGB,1507173819ccffde5e19fb2494431891,e0d2b2b8b0f4e6c4
data/q1/Data/train/PNEUMONIA/PNEUMONIA(489).jpg,PNEUMONIA,2,train,1151,728,RGB,5ccc07146698012a96bd071d7a7b2209,d4d692b2b0b1b0f4
data/q1/Data/train/PNEUMONIA/PNEUMONIA(492).jpg,PNEUMONIA,2,train,1600,1304,RGB,021f0983fb91f0c79822d6756ba168e8,3bd492b2b0b0f0f0
data/q1/Data/train/PNEUMONIA/PNEUMONIA(493).jpg,PNEUMONIA,2,train,1136,648,RGB,4ecc955bd508f5dad9a094839a92f818,e8e4b4b4b0b0f0f0
data/q1/Data/train/PNEUMONIA/PNEUMONIA(494).jpg,PNEUMONIA,2,train,988,600,RGB,797bbe9e2dd2858e799c626cb7ad9de4,d0d6b2b2b0b0f0f0
data/q1/Data/train/PNEUMONIA/PNEUMONIA(496).jpg,PNEUMONIA,2,train,1097,875,RGB,08bcce41bb0ae839631e24cc598b3f7f,f8d4f4f0f0f0e0e0
data/q1/Data/train/PNEUMONIA/PNEUMONIA(499).jpg,PNEUMONIA,2,train,832,640,RGB,b24764ad318e11580e24ae4baeddcd11,b0d2d2b2b0f0f0f0
data/q1/Data/train/PNEUMONIA/PNEUMONIA(50).jpg,PNEUMONIA,2,train,1538,1299,RGB,dc471ba8505ad37ffc4d93c2e870824d,6994b2b2b0b0f0f0
data/q1/Data/train/PNEUMONIA/PNEUMONIA(505).jpg,PNEUMONIA,2,train,992,592,RGB,532cc86f763bf679948a9ee4c2ba8a6d,f2e4b4b0b0b0b0f0
data/q1/Data/train/PNEUMONIA/PNEUMONIA(506).jpg,PNEUMONIA,2,train,1704,1288,RGB,379b01dc78b4e9a0c6dd0e823c9fe3f8,f2b6b2b2b230f0d0
data/q1/Data/train/PNEUMONIA/PNEUMONIA(507).jpg,PNEUMONIA,2,train,1192,776,RGB,9918ef1d97d0f04962fa7e8d7a34ffa0,f094b2b2b0f0f0e4
data/q1/Data/train/PNEUMONIA/PNEUMONIA(508).jpg,PNEUMONIA,2,train,1320,1016,RGB,cf5a4b1423a3cb387cf734e50f4ae0f2,f89ab2b2b0f0f0f0
data/q1/Data/train/PNEUMONIA/PNEUMONIA(510).jpg,PNEUMONIA,2,train,1040,680,RGB,a62465a1f3babbd7e0aff7026b2ce8bb,b8f0f0f0f0f0f0d0
data/q1/Data/train/PNEUMONIA/PNEUMONIA(513).jpg,PNEUMONIA,2,train,1232,1088,RGB,9a67cd989fa7c88e08efaa7ad21e4f0c,b192b2b2b0b6b0b0
data/q1/Data/train/PNEUMONIA/PNEUMONIA(514).jpg,PNEUMONIA,2,train,1093,680,RGB,58881d9ebd1cc9788c5872bd63eb1023,f0b4b2b2b0f0f0f0
data/q1/Data/train/PNEUMONIA/PNEUMONIA(516).jpg,PNEUMONIA,2,train,1328,952,RGB,122584d2c268a21257d0b2f1972376b9,d8d4b2b2f2f0e0e0
data/q1/Data/train/PNEUMONIA/PNEUMONIA(517).jpg,PNEUMONIA,2,train,904,576,RGB,0b6add27b1628dc28a9e1b819d9507e6,78d0d2d8f8f8f0f0
data/q1/Data/train/PNEUMONIA/PNEUMONIA(518).jpg,PNEUMONIA,2,train,1104,584,RGB,8692a6f3fbaaa94fe6dbcea30af04570,d4d6b2b2b0b0f0f4
data/q1/Data/train/PNEUMONIA/PNEUMONIA(519).jpg,PNEUMONIA,2,train,904,608,RGB,3a4e653417a4a173776b0092a4eefaba,f9d0d0b0b0f0f0f0
data/q1/Data/train/PNEUMONIA/PNEUMONIA(52).jpg,PNEUMONIA,2,train,1136,704,RGB,9ddce7964c473204fb56c1ec5cadeff9,f0b4b0f1f0f0f0f0
data/q1/Data/train/PNEUMONIA/PNEUMONIA(521).jpg,PNEUMONIA,2,train,848,648,RGB,7af7dad64d37716d9eedea708f9a46a4,f8f2f2f0b0f0f0f0
data/q1/Data/train/PNEUMONIA/PNEUMONIA(522).jpg,PNEUMONIA,2,train,1440,928,RGB,bbd2c41f51a99b3e0f5511622f1b787e,50b6b2b2b2b0b0d0
data/q1/Data/train/PNEUMONIA/PNEUMONIA(525).jpg,PNEUMONIA,2,train,869,553,RGB,1cf982e2a17ac528bda635feeb72f79c,b0b2f0f0f0f0f0f0
data/q1/Data/train/PNEUMONIA/PNEUMONIA(527).jpg,PNEUMONIA,2,train,1016,632,RGB,4c576119325ad2ca05341f88b1563cd5,d8d2d292b0b0f0d4
data/q1/Data/train/PNEUMONIA/PNEUMONIA(529).jpg,PNEUMONIA,2,train,1133,608,RGB,f127e977581740e3e199803f504c2591,f0d0f0f0f0f0f0d4
data/q1/Data/train/PNEUMONIA/PNEUMONIA(530).jpg,PNEUMONIA,2,train,1120,592,RGB,647576b95557a5dfe804b83e722db177,f0f0f0f0f0f0e8d0
data/q1/Data/train/PNEUMONIA/PNEUMONIA(532).jpg,PNEUMONIA,2,train,1312,1024,RGB,62eabb71a44b88670d685e9a67fd53e0,f4d4d492b0f0e0c4
data/q1/Data/train/PNEUMONIA/PNEUMONIA(533).jpg,PNEUMONIA,2,train,1260,770,RGB,08ab285ef064cfa3251d4b3ae424d001,e8d2d292b0b0f0d0
data/q1/Data/train/PNEUMONIA/PNEUMONIA(536).jpg,PNEUMONIA,2,train,1000,536,RGB,6b540276c31219586e5cdcaf9166697c,f1b0b4b0b0f0e0e1
data/q1/Data/train/PNEUMONIA/PNEUMONIA(537).jpg,PNEUMONIA,2,train,1177,808,RGB,a87706bcba79e17fcbe51a1afd013468,f894b2b2f2f0d084
data/q1/Data/train/PNEUMONIA/PNEUMONIA(539).jpg,PNEUMONIA,2,train,1088,800,RGB,e7b49d722f3b405df6c078e810e25454,f8d4b2b2b0f0f0e2
data/q1/Data/train/PNEUMONIA/PNEUMONIA(54).jpg,PNEUMONIA,2,train,1128,832,RGB,f9b0790aa00b892102fd066f543d61fb,f1b4b0b0b1f0e0f0
data/q1/Data/train/PNEUMONIA/PNEUMONIA(540).jpg,PNEUMONIA,2,train,1064,544,RGB,1adecde8d19b5d176f0d971a6cf52472,e0e0a4a4f0f0f0d0
data/q1/Data/train/PNEUMONIA/PNEUMONIA(542).jpg,PNEUMONIA,2,train,976,608,RGB,b50f5a611389f9328efad68b06e148fa,f8d8d8d8f0b4f4f0
data/q1/Data/train/PNEUMONIA/PNEUMONIA(543).jpg,PNEUMONIA,2,train,992,696,RGB,e2a0b58c7d43dbe4268b45b340ca789a,e9d5d490b4f0f0e0
data/q1/Data/train/PNEUMONIA/PNEUMONIA(545).jpg,PNEUMONIA,2,train,1085,709,RGB,4aec644fbb2cfdc3457377b279542ebc,e8d4f2b0b0b0f0d0
data/q1/Data/train/PNEUMONIA/PNEUMONIA(547).jpg,PNEUMONIA,2,train,1352,1080,RGB,487152e94274ab8b5ab360b8c5d317cf,f0b4b0b0f8f8f0c4
data/q1/Data/train/PNEUMONIA/PNEUMONIA(548).jpg,PNEUMONIA,2,train,1536,1192,RGB,1c9640974607316245f13c8b2ebf6e3c,70b4b0f0f0f0e0f0
data/q1/Data/train/PNEUMONIA/PNEUMONIA(549).jpg,PNEUMONIA,2,train,1448,1112,RGB,c44b603178d56264842455dc6fb5a483,f0d2b2b0f0f0f0f0
data/q1/Data/train/PNEUMONIA/PNEUMONIA(550).jpg,PNEUMONIA,2,train,1336,992,RGB,11f258bd88551647292383e67e984c53,f0b4f0f0f0f0c4c4
data/q1/Data/train/PNEUMONIA/PNEUMONIA(551).jpg,PNEUMONIA,2,train,1336,1256,RGB,4b5fa9718499c44d11271c112eea2cd2,f090b0f0f0c0e0e4
data/q1/Data/train/PNEUMONIA/PNEUMONIA(552).jpg,PNEUMONIA,2,train,1328,1224,RGB,85b1f6dca5f37aefd637b84a9ec2dc78,b8d0b2f0f0fcc4d4
data/q1/Data/train/PNEUMONIA/PNEUMONIA(553).jpg,PNEUMONIA,2,train,1328,1136,RGB,8e1f094d97c35c6a5c3c5395cc2ab79c,79d092b0f0f8c8c0
data/q1/Data/train/PNEUMONIA/PNEUMONIA(554).jpg,PNEUMONIA,2,train,1416,1072,RGB,cb5ec04a491c48183141efdc2c27cedf,f0d0f0f8f8f4f0d0
data/q1/Data/train/PNEUMONIA/PNEUMONIA(556).jpg,PNEUMONIA,2,train,1184,1048,RGB,c626543a9a6b935086389048a3edc8d2,f0b2b2f0f0d4c490
data/q1/Data/train/PNEUMONIA/PNEUMONIA(557).jpg,PNEUMONIA,2,train,1296,888,RGB,ff1be922f30f674c8ebbc9e81759fcc0,f0b4b0f0f0f0f8c0
data/q1/Data/train/PNEUMONIA/PNEUMONIA(559).jpg,PNEUMONIA,2,train,1224,952,RGB,9c9284e4e2903e2a3c4b80b0c2381292,70f4b4b0f2f0f4d4
data/q1/Data/train/PNEUMONIA/PNEUMONIA(56).jpg,PNEUMONIA,2,train,1008,728,RGB,a0d47e0a7877a209197d40919963490b,f0f0b2b0f0f0f0f0
data/q1/Data/train/PNEUMONIA/PNEUMONIA(560).jpg,PNEUMONIA,2,train,1304,968,RGB,7a9f049eaa8148d98ab58af0824e4e25,f0b4b4f6f2f0f8d4
data/q1/Data/train/PNEUMONIA/PNEUMONIA(561).jpg,PNEUMONIA,2,train,1472,1024,RGB,3a96e1db27a5c0307b1d0c1d3994c6cf,70707070f0f0f0d0
data/q1/Data/train/PNEUMONIA/PNEUMONIA(562).jpg,PNEUMONIA,2,train,904,416,RGB,e2fd13073b6a8c3d626983826da3f9c5,e4e4b4b4b0d0f0f0
data/q1/Data/train/PNEUMONIA/PNEUMONIA(564).jpg,PNEUMONIA,2,train,1008,528,RGB,393efd8056834b505c67a8a6d7b7b9b2,e4b0b0b0b0b0b0fc
data/q1/Data/train/PNEUMONIA/PNEUMONIA(565).jpg,PNEUMONIA,2,train,1264,1152,RGB,b40ff5319da5e4a21155dc94f755b5f0,e0e0d0b2b0b8f8e8
data/q1/Data/train/PNEUMONIA/PNEUMONIA(566).jpg,PNEUMONIA,2,train,711,537,RGB,084605d381cd33a31d8cdca09e7737f1,b2333030f0d0d0c2
data/q1/Data/train/PNEUMONIA/PNEUMONIA(567).jpg,PNEUMONIA,2,train,986,632,RGB,4cc638e0295992894a05e8601cf4446b,f0d69292b8b8f8f0
data/q1/Data/train/PNEUMONIA/PNEUMONIA(568).jpg,PNEUMONIA,2,train,1055,656,RGB,e13efee5b69a8d519b4b74a46e9021f5,d4b2b2b27070f0e0
data/q1/Data/train/PNEUMONIA/PNEUMONIA(571).jpg,PNEUMONIA,2,train,816,576,RGB,13519a12ed1a6987ddc60c8073195047,f0f0d2d2f2b0f0d0
data/q1/Data/train/PNEUMONIA/PNEUMONIA(573).jpg,PNEUMONIA,2,train,1564,1120,RGB,6e40a8cc7206b452ef5f98d3805f50ac,f8b4b4b0b0b0f0d4
data/q1/Data/train/PNEUMONIA/PNEUMONIA(574).jpg,PNEUMONIA,2,train,1082,612,RGB,7012f710c75d20298779d03cf93206df,e1f5d5d0f0b0b0f0
data/q1/Data/train/PNEUMONIA/PNEUMONIA(577).jpg,PNEUMONIA,2,train,1336,744,RGB,c8446a45ebd49662a9cf732da4a68249,7155d4f0f0f0f0f0
data/q1/Data/train/PNEUMONIA/PNEUMONIA(578).jpg,PNEUMONIA,2,train,1336,1088,RGB,7593320c6bdbc8bcc7482c04da8e0572,d096b2323270f0c0
data/q1/Data/train/PNEUMONIA/PNEUMONIA(58).jpg,PNEUMONIA,2,train,1056,656,RGB,6971b18206061d1a98b3e5cd0a6b7dec,f2d2f0f0b0f0f0f0
data/q1/Data/train/PNEUMONIA/PNEUMONIA(580).jpg,PNEUMONIA,2,train,1144,632,RGB,8dec4e45dff4da4e2bce5ea8f973d1bb,71f0f4b4b0f0d0d0
data/q1/Data/train/PNEUMONIA/PNEUMONIA(581).jpg,PNEUMONIA,2,train,1496,1353,RGB,353ac59e3d81dd427db4527191c329d9,d3d4b2b27034f0e0
data/q1/Data/train/PNEUMONIA/PNEUMONIA(582).jpg,PNEUMONIA,2,train,1144,840,RGB,12346a62ae62c01383d31dfad1061a0e,92d49496b6b69696
data/q1/Data/train/PNEUMONIA/PNEUMONIA(583).jpg,PNEUMONIA,2,train,1184,808,RGB,1f05bd8c5451d5127f667792a92e55c7,e0e5d4b4b0b2f2f4
data/q1/Data/train/PNEUMONIA/PNEUMONIA(585).jpg,PNEUMONIA,2,train,1176,960,RGB,e0baff2a83dfde4a385c56c96db4c7e2,f094b2b0b0b4a4b4
data/q1/Data/train/PNEUMONIA/PNEUMONIA(586).jpg,PNEUMONIA,2,train,735,467,RGB,e49cffa816e6357dade8ec39fc4ec640,90b0b0b0b0b0f4f2
data/q1/Data/train/PNEUMONIA/PNEUMONIA(587).jpg,PNEUMONIA,2,train,1152,674,RGB,25b36214c4ff54a27a41b00c16380c91,6354d0b0b0b0b0f4
data/q1/Data/train/PNEUMONIA/PNEUMONIA(590).jpg,PNEUMONIA,2,train,1128,720,RGB,2c8a1e2e86a34d9abeb63f5ba81ebd48,70d0d4b0b0f0f4e4
data/q1/Data/train/PNEUMONIA/PNEUMONIA(591).jpg,PNEUMONIA,2,train,840,528,RGB,da9c17d46416316e7f351b344b7f4310,f0d0d2d2d0b0f0d0
data/q1/Data/train/PNEUMONIA/PNEUMONIA(593).jpg,PNEUMONIA,2,train,1176,856,RGB,c5be1d97e30d0ea3e7eed7ca82105e0e,7370b4b4b0b0e0e0
data/q1/Data/train/PNEUMONIA/PNEUMONIA(596).jpg,PNEUMONIA,2,train,1168,1024,RGB,fc5203c140664d6f813660123673ee5a,58d8b6f6f4f0e4dc
data/q1/Data/train/PNEUMONIA/PNEUMONIA(597).jpg,PNEUMONIA,2,train,1256,864,RGB,f4c0d463b2e71c01a0e64e5587d14bba,f0f4f4b4f4f4f4c4
data/q1/Data/train/PNEUMONIA/PNEUMONIA(598).jpg,PNEUMONIA,2,train,1188,984,RGB,b76bb613d29d43a36c0e124cfd970b0d,f9d8d2b2b0f0e0e0
data/q1/Data/train/PNEUMONIA/PNEUMONIA(601).jpg,PNEUMONIA,2,train,912,648,RGB,a681debde47489441d6c9d3b41e02330,f5f4f4f0f0f0f0f4
data/q1/Data/train/PNEUMONIA/PNEUMONIA(603).jpg,PNEUMONIA,2,train,840,600,RGB,050aa91eeb7f4c234b30e2ef73bb9044,70f0f0f0f0f0f4e4
data/q1/Data/train/PNEUMONIA/PNEUMONIA(604).jpg,PNEUMONIA,2,train,1416,1432,RGB,4e42314f90b04e6bf8d15ce86f2f1d68,715692b2b3f1f1b0
data/q1/Data/train/PNEUMONIA/PNEUMONIA(605).jpg,PNEUMONIA,2,train,1208,952,RGB,c691acc1ecce2c749c2a68197ae096d5,f0d0d2b0b0b0a4b4
data/q1/Data/train/PNEUMONIA/PNEUMONIA(609).jpg,PNEUMONIA,2,train,1163,836,RGB,3790f088a408a06c37d0ab2695c6e25d,f0f4b4b0b0b0b0ec
data/q1/Data/train/PNEUMONIA/PNEUMONIA(614).jpg,PNEUMONIA,2,train,1248,1152,RGB,55610992392b06971b32c46bd91e9c27,71b2b8b8b0b0f0f0
data/q1/Data/train/PNEUMONIA/PNEUMONIA(615).jpg,PNEUMONIA,2,train,1304,816,RGB,da0cc59f68943ce0b40c68d347bc5df1,f0b2b2b0b0b4b4e4
data/q1/Data/train/PNEUMONIA/PNEUMONIA(616).jpg,PNEUMONIA,2,train,930,600,RGB,69c70de44e9990728921e98098c5d7b4,d492b2b2b0b071d0
data/q1/Data/train/PNEUMONIA/PNEUMONIA(617).jpg,PNEUMONIA,2,train,952,664,RGB,3bb8c7fe58f519befe650514c76d6d18,7c58daf2b0f0f0e0
data/q1/Data/train/PNEUMONIA/PNEUMONIA(618).jpg,PNEUMONIA,2,train,1128,568,RGB,872bcb376d93b9e9d1a65dfc8de07f4e,9052d2f0f8b8f8f0
data/q1/Data/train/PNEUMONIA/PNEUMONIA(619).jpg,PNEUMONIA,2,train,856,608,RGB,c2996ec3463ac7d0735de809d6e56d9d,b9f9d9f1f0f0f0f0
data/q1/Data/train/PNEUMONIA/PNEUMONIA(621).jpg,PNEUMONIA,2,train,1300,960,RGB,7fb8f9635b9f5cab3af6dc5442551a61,dad2d4b4b0b0e0c4
data/q1/Data/train/PNEUMONIA/PNEUMONIA(624).jpg,PNEUMONIA,2,train,1032,648,RGB,88a36dd04fa774eb7be6209df4be675c,63d4f4b0b0b0f0d0
data/q1/Data/train/PNEUMONIA/PNEUMONIA(626).jpg,PNEUMONIA,2,train,1304,1044,RGB,8e5b750fd8a590bdfd24074c84f1f5ec,f0f2f2b0b0b0f0f2
data/q1/Data/train/PNEUMONIA/PNEUMONIA(628).jpg,PNEUMONIA,2,train,1560,1256,RGB,95c5a14c638eb3ae74cede9570382652,b2f4d4b0b0b0f0c4
data/q1/Data/train/PNEUMONIA/PNEUMONIA(630).jpg,PNEUMONIA,2,train,1096,960,RGB,653ba9b4bdf682300e92dc39c6d19804,7192b230b4b2f6d2
data/q1/Data/train/PNEUMONIA/PNEUMONIA(631).jpg,PNEUMONIA,2,train,1339,784,RGB,9afba5d6996c88ec35c77d12781ccf56,f8d6d2b2b0b0f0d0
data/q1/Data/train/PNEUMONIA/PNEUMONIA(632).jpg,PNEUMONIA,2,train,1331,986,RGB,5036c75614a7b51d416afc139472a4e9,f0b2b2b8b0b0f0f4
data/q1/Data/train/PNEUMONIA/PNEUMONIA(634).jpg,PNEUMONIA,2,train,944,552,RGB,35dc6e6f6cb730c5ccdf7def22b496b9,78d0d2d2b0f2d0d8
data/q1/Data/train/PNEUMONIA/PNEUMONIA(635).jpg,PNEUMONIA,2,train,1072,504,RGB,ca051d8e8e1435cfb7fb16ce5f225709,e0e0d0d0f0f1f0d0
data/q1/Data/train/PNEUMONIA/PNEUMONIA(637).jpg,PNEUMONIA,2,train,635,448,RGB,e79ef783d8a4ac77169b7fd63c0d28ad,9ab8b8b8f0f0f0f2
data/q1/Data/train/PNEUMONIA/PNEUMONIA(638).jpg,PNEUMONIA,2,train,1384,1184,RGB,08a5126770cedf23303dd67034558c57,71b4b6b2b2b2f0e4
data/q1/Data/train/PNEUMONIA/PNEUMONIA(640).jpg,PNEUMONIA,2,train,1171,880,RGB,137a7b240cff79c2538547f600bb7a1b,f0d2dad8d8f8f8d2
data/q1/Data/train/PNEUMONIA/PNEUMONIA(641).jpg,PNEUMONIA,2,train,1120,736,RGB,eb1f855903a30f8bbb1614978ae33611,f0d8d8f8b8b8f8f0
data/q1/Data/train/PNEUMONIA/PNEUMONIA(643).jpg,PNEUMONIA,2,train,1160,736,RGB,643a2d349ffb231ff862bb6690257f1a,72747070707070f0
data/q1/Data/train/PNEUMONIA/PNEUMONIA(645).jpg,PNEUMONIA,2,train,1086,874,RGB,1f148db7f86bd0ddd6db877dd63c0b2a,7870d2b0b0f0f0f0
data/q1/Data/train/PNEUMONIA/PNEUMONIA(647).jpg,PNEUMONIA,2,train,1266,1075,RGB,c603ce2e5c3045d9db6c1b44a3a36a27,f0f6f2b0f0b0f0f0
data/q1/Data/train/PNEUMONIA/PNEUMONIA(648).jpg,PNEUMONIA,2,train,1392,1264,RGB,3cf74933ae2f904017ef8428bb697b36,62b4b4b0b0b0d094
data/q1/Data/train/PNEUMONIA/PNEUMONIA(649).jpg,PNEUMONIA,2,train,1392,1056,RGB,7b4b0966ff7293d6f0980c2c737b8029,e19292b2b0b0f0e0
data/q1/Data/train/PNEUMONIA/PNEUMONIA(651).jpg,PNEUMONIA,2,train,1032,536,RGB,78622c512ef6b8ae46ab1258cde56929,94b4303878786070
data/q1/Data/train/PNEUMONIA/PNEUMONIA(653).jpg,PNEUMONIA,2,train,1320,984,RGB,1d3a1613082a37ed4677066df82609dc,60b0b2b0b0f0f0f0
data/q1/Data/train/PNEUMONIA/PNEUMONIA(656).jpg,PNEUMONIA,2,train,1216,800,RGB,fa48b1d7fa461b4044f10bd73246eae3,f0d4d4f0b0f0d4d4
data/q1/Data/train/PNEUMONIA/PNEUMONIA(658).jpg,PNEUMONIA,2,train,1296,1120,RGB,a3e3dda995f32eac17e65c15a932ac2a,b9a9a4a4b0b4c4d4
data/q1/Data/train/PNEUMONIA/PNEUMONIA(659).jpg,PNEUMONIA,2,train,1317,1056,RGB,75d677662fa31f120cad0512bce67fd1,b0d0d29ab8b8f0f0
data/q1/Data/train/PNEUMONIA/PNEUMONIA(66).jpg,PNEUMONIA,2,train,848,704,RGB,9590fa470679dd55a6aebc0bafd32add,50d0b0b0b0b8f8c0
data/q1/Data/train/PNEUMONIA/PNEUMONIA(661).jpg,PNEUMONIA,2,train,984,584,RGB,1fdce529bde83fda32088aa91f84de5b,f0d4d0f0b4d4e4a4
data/q1/Data/train/PNEUMONIA/PNEUMONIA(662).jpg,PNEUMONIA,2,train,1288,880,RGB,b1f3a6d1915ed64e73493e045dda6a4a,f0b4b5f1b0e0c8cc
data/q1/Data/train/PNEUMONIA/PNEUMONIA(663).jpg,PNEUMONIA,2,train,714,503,RGB,3c1a5fedf1b02906d8e8a6a88408b666,b6b2b2b0b4f4c496
data/q1/Data/train/PNEUMONIA/PNEUMONIA(664).jpg,PNEUMONIA,2,train,1554,1310,RGB,8783910b5c751452caae24ea9af0ec0d,6cb6b2b070f0b0f4
data/q1/Data/train/PNEUMONIA/PNEUMONIA(665).jpg,PNEUMONIA,2,train,1264,1152,RGB,de2e04a5ad4f4c89c4e1aeaa5263f7b1,71b6b2b27070f0f0
data/q1/Data/train/PNEUMONIA/PNEUMONIA(666).jpg,PNEUMONIA,2,train,1735,1365,RGB,6a18da403bd7b49694a212e7af71ec1c,b1d596b2b2b0f0e0
data/q1/Data/train/PNEUMONIA/PNEUMONIA(667).jpg,PNEUMONIA,2,train,1512,1488,RGB,c3aa89e712b4489eee0fa6d331a2f68b,b8da92b2b8b0f4b4
data/q1/Data/train/PNEUMONIA/PNEUMONIA(67).jpg,PNEUMONIA,2,train,1088,712,RGB,0667201cf0676720ffef1a571caa090e,f1f5b1b0b0b0f0d0
data/q1/Data/train/PNEUMONIA/PNEUMONIA(671).jpg,PNEUMONIA,2,train,671,393,RGB,497d102b7bc7ec8dc016d6b58fc81ea7,92b2b0b0f0c4c4e0
data/q1/Data/train/PNEUMONIA/PNEUMONIA(672).jpg,PNEUMONIA,2,train,1424,1112,RGB,b9ed6ae9969a41b209c4d7ebeb8a2af3,f09692b2b23070d0
data/q1/Data/train/PNEUMONIA/PNEUMONIA(673).jpg,PNEUMONIA,2,train,1544,1008,RGB,5d692ec3c0c046bdbd8209526a525a83,f9f4f4f0f0f0d4d4
data/q1/Data/train/PNEUMONIA/PNEUMONIA(675).jpg,PNEUMONIA,2,train,1096,536,RGB,433e0154f12527befe4a3d1110841ce3,c8c4d4d0d0f0f8d4
data/q1/Data/train/PNEUMONIA/PNEUMONIA(676).jpg,PNEUMONIA,2,train,1064,760,RGB,85e33ba11f2d0fa9c1c9882a6086547a,e9f8d4f4f0f0c4c4
data/q1/Data/train/PNEUMONIA/PNEUMONIA(677).jpg,PNEUMONIA,2,train,1056,688,RGB,2964f6f2e48572f9c4ae92daa2ab2388,e0f4f4f0f0e0c0d0
data/q1/Data/train/PNEUMONIA/PNEUMONIA(679).jpg,PNEUMONIA,2,train,1136,528,RGB,2493f561127997cfb0237a93774a1f5b,d0ece8f8f1f5f4d4
data/q1/Data/train/PNEUMONIA/PNEUMONIA(68).jpg,PNEUMONIA,2,train,1144,928,RGB,fd77ed992f2561a4c42e90b100ddea76,9cdcdab2b0d0e0e0
data/q1/Data/train/PNEUMONIA/PNEUMONIA(681).jpg,PNEUMONIA,2,train,1300,936,RGB,c2c50865eae0bd4a27cf8edfa7dd99d0,f8d6d298b8d8f8ea
data/q1/Data/train/PNEUMONIA/PNEUMONIA(683).jpg,PNEUMONIA,2,train,940,696,RGB,9d17201930f4c330f23885511f3aaa81,d0d4b6b6b2f69696
data/q1/Data/train/PNEUMONIA/PNEUMONIA(684).jpg,PNEUMONIA,2,train,1496,984,RGB,74cf5840a61205f7d479a812fa9b9486,f0f1b0b4b4f4c494
data/q1/Data/train/PNEUMONIA/PNEUMONIA(685).jpg,PNEUMONIA,2,train,1472,808,RGB,665db8fbd87f40508101b5ac2558245f,72f4f0f0b0b0f0d0
data/q1/Data/train/PNEUMONIA/PNEUMONIA(686).jpg,PNEUMONIA,2,train,1313,856,RGB,487e454783721078b3db559bc5e032ab,f2d4b2b2b6b4d492
data/q1/Data/train/PNEUMONIA/PNEUMONIA(687).jpg,PNEUMONIA,2,train,1440,792,RGB,1e6e46a074a998c6aecd16598fe5232e,e2f4f4f4b4f4c4d4
data/q1/Data/train/PNEUMONIA/PNEUMONIA(688).jpg,PNEUMONIA,2,train,1416,928,RGB,b1ec20574f8e9370f3d21c1b9ca32194,7cf8f4f4f4f0d4d0
data/q1/Data/train/PNEUMONIA/PNEUMONIA(689).jpg,PNEUMONIA,2,train,472,209,RGB,f2a39abd3a2d04d1460963aa0c2e77ff,b0b0b0b0b0f0f4f0
data/q1/Data/train/PNEUMONIA/PNEUMONIA(69).jpg,PNEUMONIA,2,train,860,500,RGB,b42047f32afa0d110b8bc2b8cbb5fd55,b2b27170f1e4c6e4
data/q1/Data/train/PNEUMONIA/PNEUMONIA(690).jpg,PNEUMONIA,2,train,898,464,RGB,49ed4b322fa74b7a1b39319172a262e5,d4d0f0f0f8f0f0f2
data/q1/Data/train/PNEUMONIA/PNEUMONIA(691).jpg,PNEUMONIA,2,train,976,808,RGB,b1d76ecd514db1d28510ef56fdce924a,f8d4b2b0f0e0a690
data/q1/Data/train/PNEUMONIA/PNEUMONIA(692).jpg,PNEUMONIA,2,train,1150,872,RGB,9de7be9c81b0b8937ec48a9c0e99b44d,e0b4b2b2b0b0f0c2
data/q1/Data/train/PNEUMONIA/PNEUMONIA(693).jpg,PNEUMONIA,2,train,1134,664,RGB,71bbc87ac96951820800b410719c718b,e894b4b2b2b2f0d0
data/q1/Data/train/PNEUMONIA/PNEUMONIA(694).jpg,PNEUMONIA,2,train,1206,882,RGB,b7021c917eb29b85cbfeb54a1b41cf22,e094b0f0f0e0c0a4
data/q1/Data/train/PNEUMONIA/PNEUMONIA(695).jpg,PNEUMONIA,2,train,1040,656,RGB,1604d39dcef855ba7aea6523fd1f04bf,f9f0d0f0f0b0f0f0
data/q1/Data/train/PNEUMONIA/PNEUMONIA(698).jpg,PNEUMONIA,2,train,1330,797,RGB,fef9c7a77b779c150514cffb9607f741,f85adad8d8f0f0c0
data/q1/Data/train/PNEUMONIA/PNEUMONIA(699).jpg,PNEUMONIA,2,train,1568,1144,RGB,4bc622b00969a4d26dc5e167a3b02239,709292b2b0b0f0f0
data/q1/Data/train/PNEUMONIA/PNEUMONIA(70).jpg,PNEUMONIA,2,train,1248,840,RGB,faf2555dfa15edcf2fd43648a9999755,f0d89ab83070d090
data/q1/Data/train/PNEUMONIA/PNEUMONIA(700).jpg,PNEUMONIA,2,train,1472,904,RGB,914e8d2e5d93cd49b479069ca653b161,94d6d694b4b484a4
data/q1/Data/train/PNEUMONIA/PNEUMONIA(701).jpg,PNEUMONIA,2,train,1440,736,RGB,cff61cedd959571bbef9f18e1c9a5dc9,9e9494b4b4b4b494
data/q1/Data/train/PNEUMONIA/PNEUMONIA(702).jpg,PNEUMONIA,2,train,1392,832,RGB,7c82ffda548d03886affea2d081ba1a3,e0f4d4b4b4b4f4d4
data/q1/Data/train/PNEUMONIA/PNEUMONIA(704).jpg,PNEUMONIA,2,train,1256,888,RGB,26e86759d5852c9907680168038e7537,a0f0f2b0b0f0f8c2
data/q1/Data/train/PNEUMONIA/PNEUMONIA(705).jpg,PNEUMONIA,2,train,1296,824,RGB,7d176a1ffd1d37892541cce4ced69139,f0d0b2b0b0b0f0c4
data/q1/Data/train/PNEUMONIA/PNEUMONIA(707).jpg,PNEUMONIA,2,train,478,189,RGB,7463a6cd2426d3a2ae3a2e2fdd4416c2,d0f0b4f6d6c6c6c6
data/q1/Data/train/PNEUMONIA/PNEUMONIA(708).jpg,PNEUMONIA,2,train,1158,904,RGB,ec8c9ed59f9d16531467a6bada25742b,e0a4b4b2b030f0d0
data/q1/Data/train/PNEUMONIA/PNEUMONIA(71).jpg,PNEUMONIA,2,train,920,736,RGB,ac65d6b2f0e21cd208a121af3435af71,f0d2f2f2f0f0e0a0
data/q1/Data/train/PNEUMONIA/PNEUMONIA(710).jpg,PNEUMONIA,2,train,1424,1264,RGB,a6a55c072848371bf3ff671fe3202476,69f8b2b2b2b0d292
data/q1/Data/train/PNEUMONIA/PNEUMONIA(711).jpg,PNEUMONIA,2,train,1512,1200,RGB,cd1a3ef37b09b0502efd6a5c4f7dac87,62e8f1b4b4b0b090
data/q1/Data/train/PNEUMONIA/PNEUMONIA(712).jpg,PNEUMONIA,2,train,1528,1416,RGB,7d8cd77ab1b1d3aa6e4ccd41778a7acb,3168f0f0f0d0d090
data/q1/Data/train/PNEUMONIA/PNEUMONIA(713).jpg,PNEUMONIA,2,train,1624,1136,RGB,87003921db5695df39fe94bfc6cd8f3c,72f8f0f0f0f0f0d4
data/q1/Data/train/PNEUMONIA/PNEUMONIA(715).jpg,PNEUMONIA,2,train,1488,1168,RGB,cdf78678814d1f758322ee18ae21bf19,e3e9f0b0b0b0d094
data/q1/Data/train/PNEUMONIA/PNEUMONIA(717).jpg,PNEUMONIA,2,train,1205,744,RGB,0805614f0a16202f625e525c7e5584f0,f2f0b4b0b0f0d0e0
data/q1/Data/train/PNEUMONIA/PNEUMONIA(719).jpg,PNEUMONIA,2,train,1144,624,RGB,e82ab185f7a9a8acd9773aca39dea1d3,f0d494b0b0b0f0c4
data/q1/Data/train/PNEUMONIA/PNEUMONIA(72).jpg,PNEUMONIA,2,train,1136,840,RGB,22c589db1d512cf8fea4534c15c188ca,b0d094b2b0b0e0e0
data/q1/Data/train/PNEUMONIA/PNEUMONIA(720).jpg,PNEUMONIA,2,train,1264,672,RGB,c7996b532c711a753488f79e68e823ca,d0d494b4b0b0f0d4
data/q1/Data/train/PNEUMONIA/PNEUMONIA(721).jpg,PNEUMONIA,2,train,1216,768,RGB,6be7efc4901523b723aad43558fab631,72f0b4b0b0f0c484
data/q1/Data/train/PNEUMONIA/PNEUMONIA(723).jpg,PNEUMONIA,2,train,1720,1240,RGB,3ac2e6d1b097e5e750a9d476a5be8be3,f0f496b2b2b0b0c2
data/q1/Data/train/PNEUMONIA/PNEUMONIA(724).jpg,PNEUMONIA,2,train,920,536,RGB,da9675783ffdf0a38eb400fc05b8dd5a,61f1f1b1b1f8d0c4
data/q1/Data/train/PNEUMONIA/PNEUMONIA(726).jpg,PNEUMONIA,2,train,679,542,RGB,3f8431ab8b942e5e1d991982b803fbb1,da98b0b0f4f4f0e0
data/q1/Data/train/PNEUMONIA/PNEUMONIA(727).jpg,PNEUMONIA,2,train,1178,784,RGB,7333002615465913016b749b839bbc1c,c8d4b4b0f0f0f0f0
data/q1/Data/train/PNEUMONIA/PNEUMONIA(728).jpg,PNEUMONIA,2,train,1824,1672,RGB,4ee137bc156197a8db7aab67d8ec8246,33d592b2b2b2d0d4
data/q1/Data/train/PNEUMONIA/PNEUMONIA(729).jpg,PNEUMONIA,2,train,1848,1472,RGB,0a6d9bc107c714bb581edeae15986b09,6294b6b2b0b0b0d4
data/q1/Data/train/PNEUMONIA/PNEUMONIA(730).jpg,PNEUMONIA,2,train,976,624,RGB,06e3c35de0a0498062bda6d8b2e05613,e0b4b6b2b2b0b0f2
data/q1/Data/train/PNEUMONIA/PNEUMONIA(732).jpg,PNEUMONIA,2,train,1184,648,RGB,3cfcd57335c0b21724a262ce39be3d26,f5b6b0b0b0b0b0f0
data/q1/Data/train/PNEUMONIA/PNEUMONIA(736).jpg,PNEUMONIA,2,train,1296,1048,RGB,648a598eef2de6d0dd9d29e7e27b18ea,f0d4b6b23030f0c0
data/q1/Data/train/PNEUMONIA/PNEUMONIA(738).jpg,PNEUMONIA,2,train,1616,1104,RGB,27b985c846d7cc7f34786eee9b1c3764,f0d0d4f0f0f0d0d0
data/q1/Data/train/PNEUMONIA/PNEUMONIA(739).jpg,PNEUMONIA,2,train,1600,1208,RGB,2c73a5daa4a74a90402972162945bfb1,e0e8b4b4b0b4c4d4
data/q1/Data/train/PNEUMONIA/PNEUMONIA(74).jpg,PNEUMONIA,2,train,1967,1404,RGB,10e160a5a9260efad48fb866a2285d0c,b2d0d0f8f0f8f8f8
data/q1/Data/train/PNEUMONIA/PNEUMONIA(740).jpg,PNEUMONIA,2,train,1440,1040,RGB,f8a8bd76216a149ddd0e8503cd47653d,f0f4d4b0b0b0f092
data/q1/Data/train/PNEUMONIA/PNEUMONIA(741).jpg,PNEUMONIA,2,train,1544,824,RGB,0533ef926662db81648177ace5b0989c,28d4d292b0b0f0d4
data/q1/Data/train/PNEUMONIA/PNEUMONIA(742).jpg,PNEUMONIA,2,train,1544,1104,RGB,26a28f3e7e334ec185acfbbf5367394a,f0f4b4f0f0f4c4d4
data/q1/Data/train/PNEUMONIA/PNEUMONIA(743).jpg,PNEUMONIA,2,train,1312,1056,RGB,ad9472e7f94e782c6c8c79739d64dd5b,f8d2b2b2b0f0d0e0
data/q1/Data/train/PNEUMONIA/PNEUMONIA(744).jpg,PNEUMONIA,2,train,1600,1128,RGB,571bbaaa51b8d808c3cce328e90e87d6,f9d0d6b2b0b181a0
data/q1/Data/train/PNEUMONIA/PNEUMONIA(745).jpg,PNEUMONIA,2,train,1456,976,RGB,ebc7ad50c69584e98573dc12f1b1a4e4,e6a4b4f0b0f0e0d4
data/q1/Data/train/PNEUMONIA/PNEUMONIA(746).jpg,PNEUMONIA,2,train,1608,944,RGB,d845d8334508c44ce8ffc7c106746541,f0d4b6b0b1f0c094
data/q1/Data/train/PNEUMONIA/PNEUMONIA(748).jpg,PNEUMONIA,2,train,1016,648,RGB,cd3262a4350a93556e61a03d2e11dbde,e0d4d4d0f0f0f0c4
data/q1/Data/train/PNEUMONIA/PNEUMONIA(75).jpg,PNEUMONIA,2,train,1368,928,RGB,65e24248596111d327e5319c8195a24b,b8d8d4b4b0b0f0f0
data/q1/Data/train/PNEUMONIA/PNEUMONIA(750).jpg,PNEUMONIA,2,train,1417,1088,RGB,a99ea633284891e1484758f357b7f798,b2d4d2b2b0b0f8d2
data/q1/Data/train/PNEUMONIA/PNEUMONIA(751).jpg,PNEUMONIA,2,train,803,452,RGB,1a856645faf21aec0013ab293b926868,f4b6b2f2f2f2d0d0
data/q1/Data/train/PNEUMONIA/PNEUMONIA(752).jpg,PNEUMONIA,2,train,1792,1592,RGB,a5cb9e14f37f0d303d4803f968b65290,33d492b2b2b0f8d6
data/q1/Data/train/PNEUMONIA/PNEUMONIA(753).jpg,PNEUMONIA,2,train,1888,1440,RGB,632dfb39f5c14396cae9ea697e7739f7,b9d0b6b2b2b290a0
data/q1/Data/train/PNEUMONIA/PNEUMONIA(754).jpg,PNEUMONIA,2,train,1800,1384,RGB,2d9e7381ddd97cc536158b0c6f366bc6,61b6b6b2b2b2d0d2
data/q1/Data/train/PNEUMONIA/PNEUMONIA(757).jpg,PNEUMONIA,2,train,1224,992,RGB,505bc2984b34b2803655fc81d51470fd,b2d4b2b2b0b0f0c2
data/q1/Data/train/PNEUMONIA/PNEUMONIA(758).jpg,PNEUMONIA,2,train,1424,896,RGB,f6fa36b6821261c695057caf378e6619,30f4d2d0d8f8f0f0
data/q1/Data/train/PNEUMONIA/PNEUMONIA(76).jpg,PNEUMONIA,2,train,1403,1066,RGB,9f7b09bfb3d960a67aaca772a049ecca,f2d4b0b0f0f0c0c0
data/q1/Data/train/PNEUMONIA/PNEUMONIA(761).jpg,PNEUMONIA,2,train,1216,920,RGB,42e532714f1784e03a3fe180c1f0a7ec,f0d0b4b4b0b090b0
data/q1/Data/train/PNEUMONIA/PNEUMONIA(762).jpg,PNEUMONIA,2,train,1448,1080,RGB,32f6b71738f55621b67bfa8bc28dea49,b0b0d6d2f2f8b0f4
data/q1/Data/train/PNEUMONIA/PNEUMONIA(763).jpg,PNEUMONIA,2,train,1344,1008,RGB,c7add2453664dc45f1978c3030f16971,70d6d2d2b0d0f0d0
data/q1/Data/train/PNEUMONIA/PNEUMONIA(765).jpg,PNEUMONIA,2,train,1208,768,RGB,02affbef32fdcc425c1050bcffa5831d,f0d4d4d0b0f0d084
data/q1/Data/train/PNEUMONIA/PNEUMONIA(766).jpg,PNEUMONIA,2,train,1248,824,RGB,10ff407b4dc6a02bf2befd593290de23,61ece4f4f0f0f0d2
data/q1/Data/train/PNEUMONIA/PNEUMONIA(767).jpg,PNEUMONIA,2,train,1192,792,RGB,5fe85a91ae83e63d80ba4583a7b37fcc,f1f1f4b4f0e0e0e8
data/q1/Data/train/PNEUMONIA/PNEUMONIA(768).jpg,PNEUMONIA,2,train,1064,592,RGB,776a9f859e48aeeff4d1faf4f1456e74,f5c5e5f5f1f0e4c4
data/q1/Data/train/PNEUMONIA/PNEUMONIA(770).jpg,PNEUMONIA,2,train,1496,1008,RGB,b3be87df48a690a13a4c5adc1937b1a9,e0a4b4b4f0f0d4d4
data/q1/Data/train/PNEUMONIA/PNEUMONIA(771).jpg,PNEUMONIA,2,train,976,680,RGB,561616ee1c9eefd83ae44f370aad8374,60f494b2b0b0f0e0
data/q1/Data/train/PNEUMONIA/PNEUMONIA(774).jpg,PNEUMONIA,2,train,1096,640,RGB,52e6a78772d2922117f73fe0df55cd7e,fcd292b2b2b09084
data/q1/Data/train/PNEUMONIA/PNEUMONIA(775).jpg,PNEUMONIA,2,train,1256,752,RGB,b7c51a8c40b5b6a15d82e21fdb76c591,f0d4b4b0b0f0e0c4
data/q1/Data/train/PNEUMONIA/PNEUMONIA(776).jpg,PNEUMONIA,2,train,1360,784,RGB,551204f97d5ad795a2e564d86ec72604,e0d0d4f4f0d0d4d4
data/q1/Data/train/PNEUMONIA/PNEUMONIA(777).jpg,PNEUMONIA,2,train,1136,688,RGB,50114ef616bc707fcafd4403f6937d16,60f0b4b4b0b2b494
data/q1/Data/train/PNEUMONIA/PNEUMONIA(778).jpg,PNEUMONIA,2,train,1400,1072,RGB,29acb8006032a5dec4648208d6d07b5e,b8d4d7d4f0b0f0cc
data/q1/Data/train/PNEUMONIA/PNEUMONIA(779).jpg,PNEUMONIA,2,train,1101,776,RGB,e8370101dbe28f52faa61b52f26c01c4,d8f4b4b0f0d0b4a4
data/q1/Data/train/PNEUMONIA/PNEUMONIA(780).jpg,PNEUMONIA,2,train,2008,1440,RGB,9f95cd265be30b95d7fea2c7f47c8a93,f1d09292b0f8d0d0
data/q1/Data/train/PNEUMONIA/PNEUMONIA(781).jpg,PNEUMONIA,2,train,1448,1080,RGB,ae4f1227db8037746a98f582a1e6b233,f29494f4f4f0d8d4
data/q1/Data/train/PNEUMONIA/PNEUMONIA(782).jpg,PNEUMONIA,2,train,1329,992,RGB,3220c3afc719d7988692507897735c22,e8dcd0b0b0f8c0e0
data/q1/Data/train/PNEUMONIA/PNEUMONIA(783).jpg,PNEUMONIA,2,train,1342,1048,RGB,13d96a958d273525a4b729f6eeeeee97,f0d4d0b8b8baf8d0
data/q1/Data/train/PNEUMONIA/PNEUMONIA(786).jpg,PNEUMONIA,2,train,1208,672,RGB,66d14ab82c48b0f2f0d5a99b2d9e050d,f090d1f1f0f0f0e0
data/q1/Data/train/PNEUMONIA/PNEUMONIA(787).jpg,PNEUMONIA,2,train,976,632,RGB,f6fa8ea93d32dca4e712345deedaf0cd,50d0f0f0b0b0f0f0
data/q1/Data/train/PNEUMONIA/PNEUMONIA(788).jpg,PNEUMONIA,2,train,936,696,RGB,9e115233d909a25182f0d3ea132ede5b,71f0d4f4b0b0f0e0
data/q1/Data/train/PNEUMONIA/PNEUMONIA(789).jpg,PNEUMONIA,2,train,936,704,RGB,9f30381eea0c36308951cb7568fa5b29,30d0d2d0f0b0f0f0
data/q1/Data/train/PNEUMONIA/PNEUMONIA(79).jpg,PNEUMONIA,2,train,1137,871,RGB,7d2468b9dc8849d7cae05bcba5c360b1,f8d0dab8b0b0f0f0
data/q1/Data/train/PNEUMONIA/PNEUMONIA(790).jpg,PNEUMONIA,2,train,992,640,RGB,992002762c951b8f424592e84bf0ca04,73f5d5f0f0f0f0d0
data/q1/Data/train/PNEUMONIA/PNEUMONIA(791).jpg,PNEUMONIA,2,train,944,616,RGB,5a03de065b19661d2fe1c37e67a74933,c165b5b0b0f0b0f0
data/q1/Data/train/PNEUMONIA/PNEUMONIA(792).jpg,PNEUMONIA,2,train,1552,1000,RGB,3bfc4fee0a0348219325401c6d8a3fa0,30d4d4d2b2b0b0f0
data/q1/Data/train/PNEUMONIA/PNEUMONIA(793).jpg,PNEUMONIA,2,train,992,776,RGB,1ce4e7b70f298c13a37d33383816ee9d,e0d0dad8b0b494a6
data/q1/Data/train/PNEUMONIA/PNEUMONIA(796).jpg,PNEUMONIA,2,train,884,544,RGB,710e6e89d6dffce35020aaaad15f9919,d4d6d2d2d4f0d2d2
data/q1/Data/train/PNEUMONIA/PNEUMONIA(798).jpg,PNEUMONIA,2,train,991,648,RGB,9d795436da0530a28604a505979d606e,78d092b2b0b0f0d8
data/q1/Data/train/PNEUMONIA/PNEUMONIA(799).jpg,PNEUMONIA,2,train,1448,880,RGB,917ade9361b902a13538e77cf1a26685,33b2d4f0f0b0f0f0
data/q1/Data/train/PNEUMONIA/PNEUMONIA(8).jpg,PNEUMONIA,2,train,1048,888,RGB,93ebcfd325871e40acbdca6282891d87,79f1b0b0f0f0f0f0
data/q1/Data/train/PNEUMONIA/PNEUMONIA(80).jpg,PNEUMONIA,2,train,1328,912,RGB,c50d2912dc2517d11b8f5a020911eb4d,f0e4d4f4f4f0d0e4
data/q1/Data/train/PNEUMONIA/PNEUMONIA(800).jpg,PNEUMONIA,2,train,1312,832,RGB,8d713fa0e655b5b69ede28fadb90f04c,f8f0d0d0f0f0d0d4
data/q1/Data/train/PNEUMONIA/PNEUMONIA(801).jpg,PNEUMONIA,2,train,1448,888,RGB,4e4b0b507116845d18833127f1f38874,e2c7d4d4d4d0d494
data/q1/Data/train/PNEUMONIA/PNEUMONIA(802).jpg,PNEUMONIA,2,train,1384,864,RGB,93e410fbfa7e3ecea516d21767bc0112,e2d4d4d4dcd8f8d2
data/q1/Data/train/PNEUMONIA/PNEUMONIA(804).jpg,PNEUMONIA,2,train,1376,1120,RGB,2aef4fb68181d87ba06da9c003f5ef13,f8d594d8b89094a4
data/q1/Data/train/PNEUMONIA/PNEUMONIA(805).jpg,PNEUMONIA,2,train,1416,888,RGB,45ce9ce0413aaee9b46d1d07f58d488c,b8d4d494b0b094a4
data/q1/Data/train/PNEUMONIA/PNEUMONIA(806).jpg,PNEUMONIA,2,train,1136,760,RGB,1ab783b386d2665ad797c8a2d6f522c3,f8d89a9ab0b0b090
data/q1/Data/train/PNEUMONIA/PNEUMONIA(807).jpg,PNEUMONIA,2,train,1152,912,RGB,f1f76d4e38201d8d6d968f64358ef7a6,f8dc90b2f0f0c486
data/q1/Data/train/PNEUMONIA/PNEUMONIA(81).jpg,PNEUMONIA,2,train,1340,1044,RGB,3a05a6b1f272d76c2f2bd4d5be67206d,e170f0f0f0f0f0f8
data/q1/Data/train/PNEUMONIA/PNEUMONIA(811).jpg,PNEUMONIA,2,train,1144,760,RGB,c67ef346a8f2be1371a8960ffc248243,f0c8b1f1f0f0d4d0
data/q1/Data/train/PNEUMONIA/PNEUMONIA(812).jpg,PNEUMONIA,2,train,936,560,RGB,a22e7102d65761df86bf42cae6ec17c0,d4d0b0b0b0f0f0f2
data/q1/Data/train/PNEUMONIA/PNEUMONIA(813).jpg,PNEUMONIA,2,train,894,656,RGB,c5eed785f1e3bdcbd7a760245c68075b,d8dadaf8b8f0f0c4
data/q1/Data/train/PNEUMONIA/PNEUMONIA(815).jpg,PNEUMONIA,2,train,1320,856,RGB,6fdc040df1062c983d47952358c9c2c2,e0b0b0b0b0f0d8d9
data/q1/Data/train/PNEUMONIA/PNEUMONIA(816).jpg,PNEUMONIA,2,train,1552,840,RGB,f3f558af3fecf096059cc27ac2c60e5d,f4d4d0d0d0d0d4c2
data/q1/Data/train/PNEUMONIA/PNEUMONIA(818).jpg,PNEUMONIA,2,train,1464,1048,RGB,939ae6c32abb0c1b82125daf3a1ad813,70d0d4f0b4b0c4a4
data/q1/Data/train/PNEUMONIA/PNEUMONIA(82).jpg,PNEUMONIA,2,train,1040,520,RGB,d13cbada74beff9b27a6688dded54d52,e0d4d490b898f0d0
data/q1/Data/train/PNEUMONIA/PNEUMONIA(820).jpg,PNEUMONIA,2,train,1267,840,RGB,4ba6be82823bdfcdea520d9fd7abf192,e4b4b4b0b0b0f4e0
data/q1/Data/train/PNEUMONIA/PNEUMONIA(821).jpg,PNEUMONIA,2,train,1203,936,RGB,a61e6c0e0ec56cfa64fe1704110d0587,62f4d2d0b0b0f0e0
data/q1/Data/train/PNEUMONIA/PNEUMONIA(823).jpg,PNEUMONIA,2,train,1320,1000,RGB,cd817ee1ae45d6f6c454bcb1393aa3fc,31b1d2d2b0b0f0e0
data/q1/Data/train/PNEUMONIA/PNEUMONIA(824).jpg,PNEUMONIA,2,train,1432,1008,RGB,e1ed69d364f1750f87785fbbbe1dc524,eaf4f4b0b0f0d494
data/q1/Data/train/PNEUMONIA/PNEUMONIA(825).jpg,PNEUMONIA,2,train,1432,968,RGB,4410e9545e830cb9e61d3e400ecacbe6,f0d4b2b0b0f09494
data/q1/Data/train/PNEUMONIA/PNEUMONIA(826).jpg,PNEUMONIA,2,train,1512,872,RGB,a20b16acac32b949cec1b25247c11dd0,f8d0d8d0f4f0d4d4
data/q1/Data/train/PNEUMONIA/PNEUMONIA(827).jpg,PNEUMONIA,2,train,1480,1208,RGB,5052b9e7837995d7d6286778f8a28a01,f0f0d6f0f0c0d096
data/q1/Data/train/PNEUMONIA/PNEUMONIA(829).jpg,PNEUMONIA,2,train,1336,904,RGB,d3c49e6f873a22c3e42542b47a4b2f12,f1d4b6b2b0f0d0b4
data/q1/Data/train/PNEUMONIA/PNEUMONIA(830).jpg,PNEUMONIA,2,train,1504,992,RGB,95a221dfd0f0052a2ba94291a3bd17ad,60e1b4b0b0f0d0d2
data/q1/Data/train/PNEUMONIA/PNEUMONIA(831).jpg,PNEUMONIA,2,train,1256,856,RGB,a644c648d9f98b3fcc3086ce8abec81c,799096b2b2b0f0e4
data/q1/Data/train/PNEUMONIA/PNEUMONIA(832).jpg,PNEUMONIA,2,train,1280,872,RGB,e74d853aae21f20ce847f1810d05e022,71d696b2b2b0f0c4
data/q1/Data/train/PNEUMONIA/PNEUMONIA(833).jpg,PNEUMONIA,2,train,1280,848,RGB,f4ed2c1925460d4ac5b001dc055f3f28,745050b2b2b0d0e0
data/q1/Data/train/PNEUMONIA/PNEUMONIA(834).jpg,PNEUMONIA,2,train,1184,792,RGB,ef51d7449a62c408a31b30835467175e,70d2b2b2b2b0c4a0
data/q1/Data/train/PNEUMONIA/PNEUMONIA(84).jpg,PNEUMONIA,2,train,1161,760,RGB,85accebf0cea95eff25167d36c620a81,e8d2d2b2b8b8f0c0
data/q1/Data/train/PNEUMONIA/PNEUMONIA(840).jpg,PNEUMONIA,2,train,1296,696,RGB,95e559bc54cb1e1a8bf1d49bdf17eca0,d0d4b6b0b0b0f0d0
data/q1/Data/train/PNEUMONIA/PNEUMONIA(841).jpg,PNEUMONIA,2,train,1232,824,RGB,ae9e37cf8aed656ab0832eb705f46174,f0b0b4b0b0b0f090
data/q1/Data/train/PNEUMONIA/PNEUMONIA(842).jpg,PNEUMONIA,2,train,1384,960,RGB,039d00100139a2ce2e9618a1297b5dfa,e0d490f0f8fcf4c4
data/q1/Data/train/PNEUMONIA/PNEUMONIA(843).jpg,PNEUMONIA,2,train,1320,1008,RGB,243b713e6248283ad523a5a65593efda,e0d0d2b2b0b0d0c4
data/q1/Data/train/PNEUMONIA/PNEUMONIA(844).jpg,PNEUMONIA,2,train,1296,904,RGB,c73009fdd7637a1059904e9df8c41e63,b2d4d4f0b2f0f0e0
data/q1/Data/train/PNEUMONIA/PNEUMONIA(845).jpg,PNEUMONIA,2,train,1408,1024,RGB,53994c1481d815fde12f2b682287fd70,7192b2b2b2b2f0d0
data/q1/Data/train/PNEUMONIA/PNEUMONIA(847).jpg,PNEUMONIA,2,train,841,528,RGB,caa583dd97d6251ddd2b9e72c59a1ff4,b2b2b3b1b1d1b4f0
data/q1/Data/train/PNEUMONIA/PNEUMONIA(848).jpg,PNEUMONIA,2,train,800,472,RGB,8f69ff17e468312bfa66b2a81231dff8,f9d0f2b2b2b2f0f0
data/q1/Data/train/PNEUMONIA/PNEUMONIA(849).jpg,PNEUMONIA,2,train,1416,1104,RGB,65e2284c53bacb5b7c2d7adaec95fc76,c1d4b2b2b2b0d0e0
data/q1/Data/train/PNEUMONIA/PNEUMONIA(852).jpg,PNEUMONIA,2,train,1472,976,RGB,48d918c7f547a1cc9fdde9f6dfc45d2f,70b0b4b4b0b0d0e4
data/q1/Data/train/PNEUMONIA/PNEUMONIA(853).jpg,PNEUMONIA,2,train,1288,912,RGB,a3c5aeaea947b0f28456fbbdbf5d2f69,d8d4d2b2b0b0d0d0
data/q1/Data/train/PNEUMONIA/PNEUMONIA(854).jpg,PNEUMONIA,2,train,1760,1360,RGB,db00f2c03f86d73c39940a739bf4bacd,b9d092b2b2b0c0f0
data/q1/Data/train/PNEUMONIA/PNEUMONIA(857).jpg,PNEUMONIA,2,train,1008,600,RGB,d6051085dced793c2d4f2b56194ba080,f1a4b4b4b0b0b0f0
data/q1/Data/train/PNEUMONIA/PNEUMONIA(861).jpg,PNEUMONIA,2,train,1240,920,RGB,7f6535146b4a0f2ce03224c929c4ea1d,f0d49692b0b0d0d4
data/q1/Data/train/PNEUMONIA/PNEUMONIA(862).jpg,PNEUMONIA,2,train,1192,760,RGB,5c6f9ac88042633dee15b4423515549a,e09494b2b0f0f0d0
data/q1/Data/train/PNEUMONIA/PNEUMONIA(864).jpg,PNEUMONIA,2,train,1232,880,RGB,8d62c838b8f6f04c06b5dd47d154ab56,70f4b4b2b0b0d090
data/q1/Data/train/PNEUMONIA/PNEUMONIA(865).jpg,PNEUMONIA,2,train,1360,1296,RGB,cdcca57f58d3cf0fd9e6149193df0c0f,38d096b2b2f2f2d0
data/q1/Data/train/PNEUMONIA/PNEUMONIA(866).jpg,PNEUMONIA,2,train,1320,944,RGB,25cc7994cf95e448aa921877e29088f6,cc9694b4b4b4d494
data/q1/Data/train/PNEUMONIA/PNEUMONIA(87).jpg,PNEUMONIA,2,train,1152,768,RGB,208205647657e0896280da2086a5a698,60e4d4f0f0f0e0c8
data/q1/Data/train/PNEUMONIA/PNEUMONIA(871).jpg,PNEUMONIA,2,train,1816,1488,RGB,6b0d2f200aff6ef9547e5b3548236081,f1a5d2dadad8dcca
data/q1/Data/train/PNEUMONIA/PNEUMONIA(874).jpg,PNEUMONIA,2,train,1312,824,RGB,12afc0a1e13f3da5cbc76388de9d4ead,f296b6b2b0b0dc92
data/q1/Data/train/PNEUMONIA/PNEUMONIA(875).jpg,PNEUMONIA,2,train,1320,1048,RGB,2a31a277534432f8ad7d01e9af3a34e0,f8b4b6b2b2b8f8ca
data/q1/Data/train/PNEUMONIA/PNEUMONIA(876).jpg,PNEUMONIA,2,train,1220,928,RGB,acc266b626db2f0ad1b1edd25b7789c4,f094b2b2b0f8d0e0
data/q1/Data/train/PNEUMONIA/PNEUMONIA(877).jpg,PNEUMONIA,2,train,852,444,RGB,0910dfdca107c3e6d0a5ce265b9a7b20,b4b2b0b0b0f0d0b4
data/q1/Data/train/PNEUMONIA/PNEUMONIA(878).jpg,PNEUMONIA,2,train,995,413,RGB,f2ddd26f73e55e4c97f8a204db3f30bd,94b4b4b0b0b0f0f2
data/q1/Data/train/PNEUMONIA/PNEUMONIA(879).jpg,PNEUMONIA,2,train,1067,720,RGB,77d17b02517c3348661140dcb006415f,7154b4b0b0b0f0e4
data/q1/Data/train/PNEUMONIA/PNEUMONIA(88).jpg,PNEUMONIA,2,train,1167,828,RGB,01a8711496889bcddb041b3284d8facd,f0b3b2b0b0b0f8f0
data/q1/Data/train/PNEUMONIA/PNEUMONIA(880).jpg,PNEUMONIA,2,train,840,648,RGB,95bf84262ad3d9f398f646641bb588ca,f8dadab0b0f0f4f0
data/q1/Data/train/PNEUMONIA/PNEUMONIA(881).jpg,PNEUMONIA,2,train,936,528,RGB,03f68c78d5cd458ce752ac45dbb01c17,51d190b0b0b0f0f0
data/q1/Data/train/PNEUMONIA/PNEUMONIA(882).jpg,PNEUMONIA,2,train,920,608,RGB,ce6412d0216f3957b5f12eb8d514fd6e,71d0d0b0b0f0d0d0
data/q1/Data/train/PNEUMONIA/PNEUMONIA(883).jpg,PNEUMONIA,2,train,1075,720,RGB,2528a37ee745010b7bc1d82912145e08,9692b2b0b0f0c080
data/q1/Data/train/PNEUMONIA/PNEUMONIA(885).jpg,PNEUMONIA,2,train,933,648,RGB,67050d795b39e079f6fe7bde0c192f70,f8d6b2b2b0f1d0d6
data/q1/Data/train/PNEUMONIA/PNEUMONIA(886).jpg,PNEUMONIA,2,train,1856,1312,RGB,721eebee1f640509c46094725d2b710d,60b6b6b2b2b2f0c4
data/q1/Data/train/PNEUMONIA/PNEUMONIA(887).jpg,PNEUMONIA,2,train,1688,1392,RGB,fe5d884adc4224e3c0816c3791e2281c,62b4b6b2e2e0d696
data/q1/Data/train/PNEUMONIA/PNEUMONIA(888).jpg,PNEUMONIA,2,train,1624,1288,RGB,7baf584af2325b00a0a4edb9135e87be,e2a43632f2f2f0d2
data/q1/Data/train/PNEUMONIA/PNEUMONIA(889).jpg,PNEUMONIA,2,train,1800,1512,RGB,a7a86e8a1550dbd56d6909a70f647248,70f092b2f2f2d6d2
data/q1/Data/train/PNEUMONIA/PNEUMONIA(892).jpg,PNEUMONIA,2,train,1552,840,RGB,9ae42f7e8f141b0d1a8e2c00a9cc5c06,f0d69490d0d0f86c
data/q1/Data/train/PNEUMONIA/PNEUMONIA(893).jpg,PNEUMONIA,2,train,1286,1016,RGB,987b9a63897aa708649fa83e30f0ff1c,f2f0b4b6b2b2f0e0
data/q1/Data/train/PNEUMONIA/PNEUMONIA(895).jpg,PNEUMONIA,2,train,1320,800,RGB,7e2c9cf40aab1b8962d4c8a57d3ce2a9,e0eca4b4b0b0b0d4
data/q1/Data/train/PNEUMONIA/PNEUMONIA(897).jpg,PNEUMONIA,2,train,1512,1056,RGB,2da6252bd1b3ca3baaf91fb12ce44075,b3d0d292b2b0f0d0
data/q1/Data/train/PNEUMONIA/PNEUMONIA(899).jpg,PNEUMONIA,2,train,1264,712,RGB,39289dcf2c46a2487faf1088b771d547,f0f0d4d0d0f0e0e0
data/q1/Data/train/PNEUMONIA/PNEUMONIA(90).jpg,PNEUMONIA,2,train,1008,760,RGB,384aff8e8cae957eb137e231a40fc5fc,60d492f0f0b0f0f0
data/q1/Data/train/PNEUMONIA/PNEUMONIA(900).jpg,PNEUMONIA,2,train,1400,1072,RGB,3e9d1964c8f06487bd2a6f485c935a61,3010b4b6b2b2f290
data/q1/Data/train/PNEUMONIA/PNEUMONIA(901).jpg,PNEUMONIA,2,train,1138,720,RGB,a88f26a4cebef98e98a76a884cc580f7,b8d0d2d8f8f8f8f8
data/q1/Data/train/PNEUMONIA/PNEUMONIA(902).jpg,PNEUMONIA,2,train,928,504,RGB,a8f96504798edd4a75e600a7adc239f4,d4f2b2f2f0f0c4d0
data/q1/Data/train/PNEUMONIA/PNEUMONIA(903).jpg,PNEUMONIA,2,train,1216,720,RGB,c5199d15c6874e65867b9e8e9975df35,e5d492b0b0b0f6d6
data/q1/Data/train/PNEUMONIA/PNEUMONIA(904).jpg,PNEUMONIA,2,train,1168,712,RGB,52009fca9dff4bc5a2c0da9313b3247a,f192b2b0b0b0f0d0
data/q1/Data/train/PNEUMONIA/PNEUMONIA(905).jpg,PNEUMONIA,2,train,1320,1000,RGB,e6a949978a3f3236527117fe0d9b645f,e0f4b4b4b0b0e0d0
data/q1/Data/train/PNEUMONIA/PNEUMONIA(907).jpg,PNEUMONIA,2,train,1944,1560,RGB,4fb93720a412e77c9757bdeda0043fc7,31e0b2b2b2b0d0f0
data/q1/Data/train/PNEUMONIA/PNEUMONIA(908).jpg,PNEUMONIA,2,train,1984,1576,RGB,eb40fad1255f77a052b57f11537c715e,e2c8a6b4b0b0d4d2
data/q1/Data/train/PNEUMONIA/PNEUMONIA(91).jpg,PNEUMONIA,2,train,1120,872,RGB,87693e86d3f072d05b987d6365671fec,e8d0d2f2b0b0f0c4
data/q1/Data/train/PNEUMONIA/PNEUMONIA(911).jpg,PNEUMONIA,2,train,1115,960,RGB,b13041b10755bc6c0131b07bdbbf7ab7,f0d4f0b0f0e0e0e0
data/q1/Data/train/PNEUMONIA/PNEUMONIA(914).jpg,PNEUMONIA,2,train,1180,856,RGB,c360e91fcbd0e626f43d2a9c93b20e80,f8d4b2b2f0f0d0f0
data/q1/Data/train/PNEUMONIA/PNEUMONIA(916).jpg,PNEUMONIA,2,train,1053,680,RGB,dfdb57659a6040a1d5ee24e50398e5ea,e0f4f4f0b2f0f0d0
data/q1/Data/train/PNEUMONIA/PNEUMONIA(917).jpg,PNEUMONIA,2,train,1056,744,RGB,e129228be0f95f08312676875b86e9d1,d4d6d6d2d0f0d8d2
data/q1/Data/train/PNEUMONIA/PNEUMONIA(918).jpg,PNEUMONIA,2,train,1294,776,RGB,58ec925d040981fdc3c14f0d58e3ca47,f0f4d4d2b0b0b0f0
data/q1/Data/train/PNEUMONIA/PNEUMONIA(92).jpg,PNEUMONIA,2,train,1088,872,RGB,510eae4e06ccb67074d2b844ecbae116,b1557070f8f0d4d4
data/q1/Data/train/PNEUMONIA/PNEUMONIA(920).jpg,PNEUMONIA,2,train,1200,944,RGB,2f09c52bb4f94c9a15d2f716a9536db3,63e3a5b5b1b0f0f4
data/q1/Data/train/PNEUMONIA/PNEUMONIA(921).jpg,PNEUMONIA,2,train,1248,816,RGB,9f30c19781843287033e0a6f70f8da5a,3373d7b1b0b0b0a4
data/q1/Data/train/PNEUMONIA/PNEUMONIA(923).jpg,PNEUMONIA,2,train,1128,688,RGB,c99f64b0053915fbce51c52d14a540ee,f0d4d0d0d0f0e0f4
data/q1/Data/train/PNEUMONIA/PNEUMONIA(924).jpg,PNEUMONIA,2,train,966,584,RGB,fe7d29dc6e7291336d9020996c11237b,f0d0d2d8f8f8f0c2
data/q1/Data/train/PNEUMONIA/PNEUMONIA(925).jpg,PNEUMONIA,2,train,1576,1200,RGB,6b21cb2262ff5590dd278bbab7b84768,f2e5f4f4f0f0f4d4
data/q1/Data/train/PNEUMONIA/PNEUMONIA(926).jpg,PNEUMONIA,2,train,1384,1072,RGB,4124af4f61a5d250e439b58e86ef2011,e0f4f4b0b0f0f0a4
data/q1/Data/train/PNEUMONIA/PNEUMONIA(927).jpg,PNEUMONIA,2,train,1232,832,RGB,65fe4b0dab9de7a93211ac6756f59bd5,6150d2f2b0b0f0f0
data/q1/Data/train/PNEUMONIA/PNEUMONIA(928).jpg,PNEUMONIA,2,train,1240,720,RGB,11ef9c8420695afd605facc81b6dc2ca,70f0d0f0f0f0e8c0
data/q1/Data/train/PNEUMONIA/PNEUMONIA(929).jpg,PNEUMONIA,2,train,1240,896,RGB,ef0fd73f149e92429f98f7d6dc50c085,f8d4d2b8f8f8f0f8
data/q1/Data/train/PNEUMONIA/PNEUMONIA(93).jpg,PNEUMONIA,2,train,1006,648,RGB,67d6a2bc7f1653a97e08701154468f26,f4b4b2b2b0b8f0f0
data/q1/Data/train/PNEUMONIA/PNEUMONIA(930).jpg,PNEUMONIA,2,train,1848,1448,RGB,6ed4c457993cba6471811bfdcf67b548,e1969692b2f0f4d0
data/q1/Data/train/PNEUMONIA/PNEUMONIA(934).jpg,PNEUMONIA,2,train,1176,696,RGB,7f93d34cd0c740bcf5cea0235797ce1b,e0d492b2b0b0b0f0
data/q1/Data/train/PNEUMONIA/PNEUMONIA(936).jpg,PNEUMONIA,2,train,910,696,RGB,b9bc457471e4fb13f7ddd5c195cc3192,f8b4b6b27270d0c2
data/q1/Data/train/PNEUMONIA/PNEUMONIA(939).jpg,PNEUMONIA,2,train,1040,856,RGB,41afb448d06b7e0a37e136ac44000303,71f4b4b0f0f4f4d0
data/q1/Data/train/PNEUMONIA/PNEUMONIA(943).jpg,PNEUMONIA,2,train,928,736,RGB,12f712fb82145b680e23919219f8b12a,f1f1b0b0f0f0f0f0
data/q1/Data/train/PNEUMONIA/PNEUMONIA(944).jpg,PNEUMONIA,2,train,1230,1029,RGB,9faffe0e0c2f63f7b596bd9a7d47bbb3,b8d0d2b0f0f0f0f0
data/q1/Data/train/PNEUMONIA/PNEUMONIA(947).jpg,PNEUMONIA,2,train,1762,1535,RGB,91ca5588d4f44c6f650ae2bfeba2952c,b8d092b2b2b0f0e0
data/q1/Data/train/PNEUMONIA/PNEUMONIA(948).jpg,PNEUMONIA,2,train,1272,784,RGB,f14847551222f177f093dc0ae901910c,f0a4a4b4b4b0f0c4
data/q1/Data/train/PNEUMONIA/PNEUMONIA(949).jpg,PNEUMONIA,2,train,1168,872,RGB,28b807f5cb7d253daa394fd2ac646d97,e0a5b4b4b4b09296
data/q1/Data/train/PNEUMONIA/PNEUMONIA(95).jpg,PNEUMONIA,2,train,1261,1040,RGB,62e1c3205c55485cc489171a2b0b5a38,b2f0d4d2b2b8f0f0
data/q1/Data/train/PNEUMONIA/PNEUMONIA(950).jpg,PNEUMONIA,2,train,1240,1048,RGB,d36cf8f9ef6076ae52176453f1af8aad,31d0d6b2b2b29084
data/q1/Data/train/PNEUMONIA/PNEUMONIA(951).jpg,PNEUMONIA,2,train,1576,960,RGB,4c7c59542ecd7c752749633036fa1865,e0e495b0f070d4c4
data/q1/Data/train/PNEUMONIA/PNEUMONIA(952).jpg,PNEUMONIA,2,train,955,560,RGB,1d3aeea328e1aa8d9841926f09aa25eb,d4b2b2b0f0d090b1
data/q1/Data/train/PNEUMONIA/PNEUMONIA(954).jpg,PNEUMONIA,2,train,1208,920,RGB,abbe61ef652775ca47e0d3e21ff39bdb,b9e0d2d2b2f2e0e8
data/q1/Data/train/PNEUMONIA/PNEUMONIA(955).jpg,PNEUMONIA,2,train,1304,768,RGB,48a4ea15bb869ea8f0d18e015d1ac210,faf4d4f0f0f0f0f0
data/q1/Data/train/PNEUMONIA/PNEUMONIA(956).jpg,PNEUMONIA,2,train,1064,600,RGB,7270b9a2ea68dc1159be0352c6df65bc,f0d4f0f0f0b0f0d4
data/q1/Data/train/PNEUMONIA/PNEUMONIA(957).jpg,PNEUMONIA,2,train,1392,968,RGB,1a93a5598bc20f175afb6eff4ef572ab,d896b6b2b0b094b4
data/q1/Data/train/PNEUMONIA/PNEUMONIA(958).jpg,PNEUMONIA,2,train,1432,1016,RGB,4db4d5041a1c8eb6d3a68de017f624d6,968452525adad2c6
data/q1/Data/train/PNEUMONIA/PNEUMONIA(959).jpg,PNEUMONIA,2,train,1392,936,RGB,f1fcd1a61eabd3de04e6277c21917fa0,99f9d4d4f0b0f0e4
data/q1/Data/train/PNEUMONIA/PNEUMONIA(960).jpg,PNEUMONIA,2,train,1488,816,RGB,635b215c9798cdb4ff552ca06e8ab263,f0e0d5d0f0f0f0d4
data/q1/Data/train/PNEUMONIA/PNEUMONIA(961).jpg,PNEUMONIA,2,train,1216,824,RGB,a3828d7ac2c8e8c63a000384b5d7be11,7094d2b0b0f0f0f0
data/q1/Data/train/PNEUMONIA/PNEUMONIA(962).jpg,PNEUMONIA,2,train,1352,944,RGB,ec0a8f0243ee94f04677e7e6a941a1eb,70d4d4f0b0f4d0d4
data/q1/Data/train/PNEUMONIA/PNEUMONIA(963).jpg,PNEUMONIA,2,train,1816,1216,RGB,8a9bd59b33cd9078eee114050426090d,b2d4d0d0d8f8f0f0
data/q1/Data/train/PNEUMONIA/PNEUMONIA(964).jpg,PNEUMONIA,2,train,1304,824,RGB,4e84d2bfeeec1d3dbdcbdb09b67bf8a9,30d0d4f4f4f0f0d4
data/q1/Data/train/PNEUMONIA/PNEUMONIA(968).jpg,PNEUMONIA,2,train,1694,1224,RGB,b98c02522b9124a7be87eb04427d55a9,f6b2b2f0f0f0f4f0
data/q1/Data/train/PNEUMONIA/PNEUMONIA(969).jpg,PNEUMONIA,2,train,1576,1288,RGB,7e0ba365cc90c78e9a67ce9821aa3ce0,f4b2b2f0f0f0f0f0
data/q1/Data/train/PNEUMONIA/PNEUMONIA(970).jpg,PNEUMONIA,2,train,1392,1120,RGB,e0141839f13eea83e728ce1907656748,f9d0b0b0b0f0d0f0
data/q1/Data/train/PNEUMONIA/PNEUMONIA(971).jpg,PNEUMONIA,2,train,1712,1272,RGB,ef8d8fe9e71d93e9a891f85a795d7e30,b09496b2b2b2f0d0
data/q1/Data/train/PNEUMONIA/PNEUMONIA(972).jpg,PNEUMONIA,2,train,1680,1256,RGB,db7602e22f0417a629501b3e31f08c7b,7116b6b2b2b0b0d0
data/q1/Data/train/PNEUMONIA/PNEUMONIA(974).jpg,PNEUMONIA,2,train,992,792,RGB,356ce46f033cb1e4a8174dc860ab2d7f,e0f0d292b2b2f2f0
data/q1/Data/train/PNEUMONIA/PNEUMONIA(976).jpg,PNEUMONIA,2,train,1896,1360,RGB,05deb4db5d48cb9e10deb3946d370899,3294b23232b0b0f0
data/q1/Data/train/PNEUMONIA/PNEUMONIA(977).jpg,PNEUMONIA,2,train,2048,1656,RGB,56af12b0643f40992e2ecdea8ddcea51,33d2d2daf8f8f8f4
data/q1/Data/train/PNEUMONIA/PNEUMONIA(978).jpg,PNEUMONIA,2,train,1672,1488,RGB,6eee9a45b71a04bb27ce2d453ddc57fe,39d0d292b2b0f0c4
data/q1/Data/train/PNEUMONIA/PNEUMONIA(98).jpg,PNEUMONIA,2,train,1144,784,RGB,b2f3f5dc5c6fbf299da6761cdaac2e16,f1d1f0f0f0f0f0f0
data/q1/Data/train/PNEUMONIA/PNEUMONIA(980).jpg,PNEUMONIA,2,train,1648,1240,RGB,c3d3c6d5b60c4ff170a15eabe17c3571,b9d8d4b0f4f4f4f0
data/q1/Data/train/PNEUMONIA/PNEUMONIA(981).jpg,PNEUMONIA,2,train,1712,1488,RGB,b10d5d0dd13b16a4b935fcc3845df5d3,b09494e6e69684a4
data/q1/Data/train/PNEUMONIA/PNEUMONIA(982).jpg,PNEUMONIA,2,train,1808,1352,RGB,a17ccb00c014969092e1472b17295d3e,e098b4b4e4f4f484
data/q1/Data/train/PNEUMONIA/PNEUMONIA(983).jpg,PNEUMONIA,2,train,1624,1312,RGB,46dff995522c173ee94f0b7be6cbc9fd,f0f0b4a6e6e6e6a6
data/q1/Data/train/PNEUMONIA/PNEUMONIA(984).jpg,PNEUMONIA,2,train,1656,1264,RGB,1c6f71009b77e473326fa4d1c5e47cc7,f2b4b4a2e4f4f496
data/q1/Data/train/PNEUMONIA/PNEUMONIA(985).jpg,PNEUMONIA,2,train,1648,1208,RGB,cf7e153bb863f98bdbefe2a040e8562a,f2b4b6b2a2e6e6c6
data/q1/Data/train/PNEUMONIA/PNEUMONIA(986).jpg,PNEUMONIA,2,train,1816,1608,RGB,5a52c0c1eb1ed3fad3cc0b9bfa4355dc,90b0b0e0f4f0b4b4
data/q1/Data/train/PNEUMONIA/PNEUMONIA(987).jpg,PNEUMONIA,2,train,1616,1216,RGB,e0e71cf1395d9262baa251d0c28a836f,f2f090b0b0f4f4b6
data/q1/Data/train/PNEUMONIA/PNEUMONIA(988).jpg,PNEUMONIA,2,train,1656,1288,RGB,567d184faa938346733aa2105bea7fd4,72f4b2b2b0f0f0d0
data/q1/Data/train/PNEUMONIA/PNEUMONIA(99).jpg,PNEUMONIA,2,train,992,592,RGB,88b1fdf7544f74e4b23b7f0f7eaf20b9,d8d8d8f0f0f0f0f0
data/q1/Data/train/PNEUMONIA/PNEUMONIA(991).jpg,PNEUMONIA,2,train,1224,848,RGB,57a89b8a7b9dceb3ec9dc7501ca25115,f0f4b6b2b0f8d292
data/q1/Data/train/PNEUMONIA/PNEUMONIA(992).jpg,PNEUMONIA,2,train,1400,704,RGB,aa0a0fd0a1705b9dd30613a871f85533,ac9692921058d8d2
data/q1/Data/train/PNEUMONIA/PNEUMONIA(994).jpg,PNEUMONIA,2,train,1408,800,RGB,1afe217f77fef945aaa69306ed8572db,f09492b0b0b0f0f2
data/q1/Data/train/PNEUMONIA/PNEUMONIA(996).jpg,PNEUMONIA,2,train,1336,1056,RGB,f33818b906a3d15de97a7a40f077a9d4,f0d4d0d0d0f0d0d4
data/q1/Data/train/PNEUMONIA/PNEUMONIA(997).jpg,PNEUMONIA,2,train,1232,704,RGB,cc29954f5162ec1951c6e845875bdf85,e8d494b4b4b4b0c4
data/q1/Data/train/PNEUMONIA/PNEUMONIA(999).jpg,PNEUMONIA,2,train,1024,592,RGB,903709c5af80dc8b0b8fe1a1b3d3a418,f4d4d0f0b0b0f0f0
